Date,Open,High,Low,Close,Volume,sentiment_score,total_addresses,million_dollar_addresses,ratio,SMA_5,SMA_14,WMA_3,WMA_5,WMA_10,EMA_3,EMA_5,EMA_10,RSI_14,Stoch_RSI_14,MACD_30_15,MACD_Signal_9,ROC_5,ROC_12,MOM_5,MOM_10,MOM_20,K,D,J,STD_10,STD_20,ATR_7,ATR_14,BB_Mid_10,BB_High_10,BB_Low_10,OBV,VWAP_20,VWAP_10,VWAP_5,MFI_14,MFI_7,AD_Line,CMF_20,CMF_10
2025-10-01,114067.71,118718.8,113975.5,118659.97,9687.1228881,0.2149069597069597,54981501.0,168044.0,0.0030563734518633,118659.97,118659.97,118659.97,118659.97,118659.97,118659.97,118659.97,118659.97,,,0.0,0.0,,,,,,,,,,,,,118659.97,,,0.0,,,,,,9446.828814561772,,
2025-10-02,118662.72,121111.0,118336.01,120621.32,8816.90252269,0.2149069597069597,54887102.0,171154.0,0.0031182917983172,119640.645,119640.645,119640.645,119640.645,119640.645,119640.645,119313.75333333336,119016.57909090909,,,118.6300403225905,23.7260080645181,,,,,,,,,,,,,119640.645,,,8816.90252269,,,,,,15152.036644794667,,
2025-10-03,120621.33,123996.81,119327.83,122318.4,11835.08733617,0.2149069597069597,54894740.0,172642.0,0.0031449643444891,120533.23,120533.23,120533.23,120533.23,120533.23,120979.5225,120315.30222222224,119616.91016528924,,,317.42374235822354,82.46555492325919,,,,,,,,,,,,,120533.23,,,20651.98985886,,,,,,18478.143888567123,,
2025-10-04,122318.39,122896.0,121572.64,122458.56,2705.28818527,0.2141226277372263,54949110.0,173887.0,0.0031645098528438,121014.5625,121014.5625,121799.42666666668,121014.5625,121014.5625,121719.04125,121029.72148148152,120133.57377160028,,,486.0635569893493,163.18515533647724,,,,,,,,,,,,,121014.5625,,,23357.27804413,,,,,,19394.952349854964,,
2025-10-05,122458.55,125750.0,122195.28,123520.79,5820.77013157,0.2141226277372263,54936554.0,173903.0,0.0031655243610656,121515.808,121515.808,122765.91666666669,121515.808,121515.808,122619.915625,121860.077654321,120749.43126767296,,,684.4313201189507,267.4343882929719,,,,,,,,,,,,,121515.808,,,29178.0481757,,,120592.79735069716,,,17915.164921337422,,
2025-10-06,123520.8,126296.0,123115.77,124720.09,9135.3086452,0.2141226277372263,54925286.0,174744.0,0.0031814854819326,122727.832,122049.855,123566.48,122727.832,122049.855,123670.0028125,122813.41510288068,121471.36921900517,,,913.823631711959,396.7122369767693,0.0510713090522438,,6060.119999999995,,,,,,,,,,122049.855,,,38313.3568209,,,122453.1798352484,,,17996.77352153616,,
2025-10-07,124723.57,125226.34,120636.0,121393.95,8699.84065383,0.2141226277372263,54937862.0,175672.0,0.003197649009348,122882.35799999998,121956.15428571428,123211.61,122882.35799999998,121956.15428571428,122531.97640625,122340.26006858711,121457.29299736784,,,893.0449703811464,495.9787836576448,0.0064054182129658,,772.6299999999901,,,,,,,,3547.988571428571,,121956.15428571428,,,29613.51616707,,,123006.35416203138,,81.49913570302961,12169.941936128293,,
2025-10-08,121393.96,124254.31,121090.06,123343.25,6727.94848453,0.2141226277372263,54929441.0,173329.0,0.0031554845060229,123087.328,122129.54125,123152.43,123087.328,122129.54125,122937.613203125,122674.59004572476,121800.19427057367,,,986.7358647726068,594.1301998806373,0.0083785432118144,,1024.8500000000058,,,,,,,,3322.4099999999994,,122129.54125,,,36341.4646516,,,123386.39400434207,,83.82271887113498,15023.629697696526,,
2025-10-09,123343.24,123822.08,119713.65,121714.51,6980.15210285,0.2141226277372263,54926906.0,174452.0,0.0031760754920366,122938.518,122083.42666666668,122150.57,122938.518,122083.42666666668,122326.0616015625,122354.56336381652,121784.61531228755,,,956.9563479658392,666.6954294976777,-0.0060759329523392,,-744.0500000000029,,,,,,,,3512.9014285714284,,122083.42666666668,,,29361.31254875,,,123158.70866117088,,69.96328878822749,14842.331237969776,,
2025-10-10,121714.51,122600.0,107000.0,112980.28,22432.34375511,0.2141226277372263,54942761.0,173240.0,0.0031530996412794,120830.416,121173.112,119346.01333333332,120830.416,121173.112,117653.17080078126,119229.80224254436,120183.8270736898,,,396.58294228960585,612.6729320560634,-0.085333893994687,,-10540.509999999997,,,,,,3330.848065969588,,5074.475714285714,,121173.112,127492.9518570584,114853.27214294158,6928.9687936400005,,119876.76809576304,119361.19063561462,,40.2674483437948,9608.922958732752,,0.1034989639436062
2025-10-11,112976.01,113439.99,109683.96,110768.89,10041.88198008,0.2186258687258687,55003563.0,167873.0,0.0030520386470236,118040.176,120227.27363636364,115154.56,118040.176,120384.004,114211.03040039062,116409.49816169625,118472.02033301894,,,-199.0614820525661,450.3260492343375,-0.1118600860534978,,-13951.199999999995,-7891.080000000002,,,,,4661.377692195018,,5422.0,,120384.004,129228.34632498132,111539.66167501868,-3112.9131864399988,,119239.1065057059,116995.35511782336,,32.446044888715534,5368.240125969534,,-0.0437637830918055
2025-10-12,110768.9,115847.0,109687.46,115067.98,9699.03564495,0.2186258687258687,55029894.0,163884.0,0.0029780904175465,116774.982,119797.3325,112939.05,116774.982,119828.67,114639.5052001953,115962.32544113084,117853.10390883368,,,-424.9943255096441,275.2619742855412,-0.0521110813183028,,-6325.970000000001,-5553.340000000011,,,,,4951.720370771266,,5794.1171428571415,,119828.67,129223.8988247344,110433.4411752656,6586.122458510001,,118577.5025256642,115550.27274017988,,35.413197858576694,12613.929336565996,,-0.0269788533360142
2025-10-13,115067.96,116077.51,113700.27,115274.03,8147.76104518,0.2186258687258687,54991684.0,168627.0,0.0030664090956007,115161.138,119449.38615384616,113703.63333333336,115161.138,119124.233,114956.76760009764,115732.89362742058,117384.18137995484,,,-594.0412149078911,101.40133644685476,-0.0654208479183092,-0.0285348125404043,-8069.220000000001,-7044.369999999995,,,,,5058.10116831087,,5679.404285714284,,119124.233,128721.30519645264,109527.16080354738,14733.883503690002,,117824.04513331332,114612.00922665188,,33.86987583813561,15253.989817578122,,-0.0356692363947381
2025-10-14,115274.03,115514.91,109945.86,113068.0,11955.35437582,0.2186258687258687,54986808.0,168787.0,0.0030695908007607,113431.836,118993.57285714286,114470.00333333334,113431.836,118185.177,114012.38380004882,114844.59575161371,116599.42112905395,,,-861.0528524805704,-91.08950133863028,-0.0710392705027527,-0.0626201072911488,-8646.509999999995,-9390.559999999998,,31.4469320066335,,,5238.759890956066,,5819.219999999999,4683.604285714285,118185.177,128125.02502209388,108245.3289779061,2778.5291278700024,,117104.61451720612,113472.33360420197,52.11565044346255,32.76950929372369,16703.53937004845,,-0.0270112631595828
2025-10-15,113072.18,113671.99,110185.87,110804.12,7440.03782479,0.2186258687258687,54998025.0,167533.0,0.003046163930432,112996.604,118432.44071428572,113048.71666666667,112996.604,116913.50999999998,112408.2519000244,113497.77050107582,115545.7300146805,38.05556155289178,,-1209.5990489414398,-314.7914108591922,-0.0192614144698526,-0.0941336708132218,-2176.1600000000035,-12716.669999999998,,19.714552238805947,,,5342.089827423972,,5865.2014285714295,4593.805714285714,116913.50999999998,127049.41279192532,106777.60720807464,-4661.508696919997,,116310.64265738668,112828.3888026662,49.29409146128268,23.30437999092507,11902.42584228575,,-0.059379409442137
2025-10-16,110804.11,112021.07,107464.53,108198.0,14792.78754529,0.2186258687258687,55027354.0,163848.0,0.0029775736627278,112482.426,117545.0607142857,110690.04,112482.426,115261.301,110303.1259500122,111731.18033405056,114209.7791029204,35.063078582959136,,-1642.7743706498004,-580.3880028173139,-0.0232094950125436,-0.1164521287854438,-2570.8899999999994,-16522.089999999997,,6.208540630182421,19.12334162520729,-19.621061359867312,5212.813177218975,,5929.217142857144,4721.059285714286,115261.301,125151.91859417057,105370.68340582946,-19454.29624221,,114612.96929738224,112100.22680463984,40.90337638525571,21.427880950492,1872.0527083007528,,-0.1508151106416558
2025-10-17,108197.99,109269.97,103516.75,106463.3,13824.34463474,0.2186258687258687,55047337.0,161887.0,0.0029408688743653,110761.49,116412.55357142857,108488.47333333331,110761.49,113768.236,108383.21297500611,109975.22022270036,112801.32835693489,33.192123981679444,,-2089.0225221235887,-882.114906678569,-0.0747791001458442,-0.1380940811664173,-8604.679999999993,-14930.649999999994,,12.935237112723216,12.952776660570528,12.900158017028588,5396.128219811762,,4522.534285714287,4798.505,113768.236,124006.66943254897,103529.80256745106,-33278.64087695,,112995.55658844073,110453.52858916754,31.766736982564183,24.202404722714164,2208.1687142083133,,-0.0889113419311623
2025-10-18,106462.09,107535.68,106357.69,107208.91,3552.60959467,0.2186258687258687,55071561.0,160910.0,0.0029218347378967,109148.466,115323.29285714286,107290.07,109148.466,112154.802,107796.06148750306,109053.1168151336,111784.52501931036,34.802459768285686,,-2392.353891901541,-1184.1627037231635,-0.0699647613603862,-0.1404038435187145,-8065.119999999995,-16134.339999999997,,16.20843530844959,11.784071017118409,25.057163891111955,4562.844746577868,,4154.242857142856,4788.121428571429,112154.802,120812.1912053519,103497.41279464807,-29726.03128228,,112189.17696736878,109496.83189932076,31.977730356346058,31.47306697796742,3789.817201822587,,-0.103189064186142
2025-10-19,107208.91,109499.0,106091.25,108676.78,4841.63812975,0.2186258687258687,55121060.0,161262.0,0.0029255968589863,108270.222,114263.00642857142,107449.66333333332,108270.222,110851.029,108236.42074375151,108927.67121008906,111219.48047034485,37.97228359897695,,-2532.569659164132,-1453.8440948113573,-0.0388369830544451,-0.1047595040774272,-4391.220000000001,-13037.729999999996,,22.652326130140363,17.265332850437723,33.42631268954564,3181.305624081076,,3761.130000000001,4777.623571428571,110851.029,116887.13202311978,104814.92597688024,-24884.39315253,,111377.87863110202,108443.55001435698,31.12611182494624,25.901144757235485,6295.079891447548,,-0.0800845870012732
2025-10-20,108676.77,111748.6,107449.91,110568.06,6286.43529012,0.2186258687258687,55136597.0,162295.0,0.0029435077395146,108223.01,113252.14714285715,108817.91666666669,108223.01,110609.807,109402.24037187576,109474.46747339272,111101.0403848276,41.89232228509264,,-2512.527164954343,-1665.5807088399547,-0.0021304261971486,-0.1035742936885479,-236.05999999999767,-2412.220000000001,,32.4801619929257,23.780307810505217,49.87987035776667,3092.1195600969763,6256.864998281557,4035.622857142859,4857.513571428572,110609.807,116476.6913644786,104742.9226355214,-18597.95786241,115285.42745486362,110579.59061883212,108123.75463217206,29.11089299336166,23.24293782597279,9128.654743900111,0.0497684157629556,-0.0053020337254397
2025-10-21,110568.05,114082.29,107444.6,108362.27,12890.45189253,0.2186258687258687,55141870.0,163682.0,0.0029683795634787,108255.86400000002,112321.31285714284,109202.37,108255.86400000002,110369.145,108882.25518593787,109103.73498226184,110603.08213304076,38.8115567956758,,-2609.273815541077,-1854.31933018018,0.0015182350875246,-0.1097013001983082,164.27000000000407,-2406.619999999996,-10297.699999999995,23.36591190091797,26.16613334132801,17.76546902009789,3171.010416403381,6438.129613161592,4188.285714285715,5003.752857142857,110369.145,116385.71423997218,104352.5757600278,-31488.40975494,114822.67819048552,110417.35504566628,108301.95033741534,37.50068884788132,43.47073229735584,-197.5508556520581,-0.051677583591706,-0.0595714847302221
2025-10-22,108357.99,109188.27,106639.0,107585.98,9311.33986567,0.2186258687258687,55133516.0,162291.0,0.0029435996790046,108480.4,111195.79357142856,108838.77,108480.4,109620.945,108234.11759296896,108597.81665484124,110054.51810885152,37.75913283266505,,-2714.3761237589206,-2026.330688895928,0.0105452301403394,-0.0477455003651965,1122.679999999993,-7482.0,-13035.340000000013,20.040206192167258,25.29542669533697,9.52976518582782,2800.1326994040915,6538.270929725496,4054.45,4959.825714285714,109620.945,114933.82324849952,104308.06675150048,-40799.74962061,114228.41818722186,109830.95982041236,108882.98547850797,31.86508452748832,42.4068068204334,-2591.1043542506022,-0.0948220470663278,-0.1634198475880116
2025-10-23,107588.02,111342.6,107511.46,110116.03,6881.35851313,0.2186258687258687,55135983.0,161541.0,0.0029298652388223,109061.824,110367.33071428572,108688.09333333334,109061.824,109105.145,109175.07379648447,109103.88776989417,110065.70208906032,43.16806918971015,,-2625.490100858515,-2146.162571288445,0.0271164029183768,-0.0058938931319073,2907.119999999996,-5158.0,-12202.369999999995,34.58153092371582,25.995883005600348,51.75282675994676,2005.379735401977,6359.26195472309,3950.8214285714266,4940.019285714285,109105.145,112910.08552244962,105300.20447755036,-33918.39110748,113558.54386579792,109357.4611504834,109178.7381304821,36.84755046561251,60.34760917534108,-115.98936730336436,-0.1020720826068433,-0.1674720982143544
2025-10-24,110116.02,112158.39,109725.51,111042.13,5915.09477083,0.2186258687258687,55160724.0,163213.0,0.0029588625413981,109534.894,110228.89142857144,109581.38,109534.894,108902.558,110108.60189824224,109749.96851326278,110243.23443650387,45.05047662671258,,-2475.5451700097474,-2212.039091032705,0.0217649989261736,-0.0349867095954929,2365.350000000006,-2025.869999999996,-11416.429999999991,59.91182062231909,38.17785257940072,103.37975670815584,1627.2405805178996,6076.996017829417,3476.4871428571414,3999.5107142857137,108902.558,111990.02992129471,105815.0860787053,-28003.29633665,113348.41710763048,108983.05632164612,109563.94540786048,46.65668748680772,81.50315490839984,371.14867003657264,-0.1026225233790692,-0.1904960812223172
2025-10-25,111042.13,111968.52,110693.01,111666.21,1478.94798996,0.2186258687258687,55185026.0,164024.0,0.0029722555535264,109754.524,110292.98571428572,110941.45666666668,109754.524,108988.767,110887.40594912112,110388.71567550852,110501.95726623046,46.34031821535102,,-2295.097140564918,-2228.650700939148,0.0099318917235231,-0.0312977693241053,1098.1500000000087,862.0900000000111,-11854.579999999987,64.88030979017202,53.12455377873564,88.39182181304479,1756.8507677852365,5613.085244043403,3490.4185714285727,3822.3307142857134,108988.767,112322.15696113014,105655.37703886985,-26524.34834669,112996.09184704428,108788.88071005954,109578.37418824744,51.38197248752141,80.738527670331,1149.0425454152664,-0.0926127692681904,-0.1347963922023484
2025-10-26,111666.22,115542.0,111260.33,114548.09,3808.17193597,0.2186258687258687,55216007.0,166325.0,0.0030122605569794,110991.688,110255.85071428573,112418.81,110991.688,109623.776,112717.74797456057,111775.17378367236,111237.61776327944,51.94939769003008,,-1954.57559113577,-2173.8356789784725,0.0570846291795104,0.0130902642657515,6185.819999999992,6350.0899999999965,-10172.0,87.82382594683762,70.87198545310957,121.72750693429371,2450.104692811636,4907.01082054012,3615.2642857142864,3688.197142857144,109623.776,114272.52280109117,104975.02919890884,-22716.17641072,112404.10046988729,108970.97650849137,109981.9181786228,48.7265952007272,80.39996373387778,3189.2220070096337,-0.0842738555733612,0.0191475764070037
2025-10-27,114561.69,116410.06,113833.12,114087.06,5491.52581938,0.2190088461538461,55241811.0,168288.0,0.0030463881786931,112291.904,110171.06714285714,113433.78666666668,112291.904,110386.152,113402.40398728028,112545.80252244824,111755.69816995593,51.03040825138964,,-1687.9643987309828,-2076.6614229289744,0.0604268325668455,0.0296283206797725,6501.080000000002,7623.759999999995,-7306.889999999999,81.98290431239147,78.22901334980037,89.49068623757367,2541.8112727379307,4456.83094700285,3369.3000000000006,3702.46142857143,110386.152,115208.899802486,105563.404197514,-28207.7022301,111974.55346816468,110082.40225541352,111958.85074715882,47.4069040862792,80.16479950892284,-1219.9983907669384,-0.0776231929286888,-0.056703683085299
2025-10-28,114087.06,116114.13,112203.0,112906.75,5342.86134585,0.2190088461538461,55207753.0,168090.0,0.0030446810613719,112850.048,110159.54928571428,113847.3,112850.048,110955.93600000002,113154.57699364012,112666.11834829884,111964.98032087302,48.6572372481671,0.8244861970320706,-1527.507338829222,-1966.830606109024,0.0253434490872945,0.0435197508271871,2790.720000000001,5697.8399999999965,-10436.5,72.82846685606722,80.87839903843211,56.728602491337455,2384.1898321241765,3596.208664856456,2979.791428571432,3584.038571428573,110955.93600000002,115479.61814623614,106432.25385376388,-33550.56357595,111600.3083384144,110570.4257158802,113109.90349721794,50.55059722595404,62.090636567085895,-4640.121974311962,-0.1149159990810355,-0.1354254401855574
2025-10-29,112906.75,113690.17,109000.0,110032.13,6110.48087693,0.2190088461538461,55213014.0,167357.0,0.0030311150918151,112648.048,110104.40714285716,112341.98,112648.048,111091.471,111593.35349682008,111788.12223219922,111613.55298980518,43.36750741571291,0.5424766729028132,-1557.7150088384224,-1885.007486654904,-0.0090956468504341,0.0335216924517651,-1010.0,1355.3500000000058,-11682.37999999999,50.53302836897589,68.44813317914486,14.702818748637952,2276.313259331823,2695.120635251443,3285.634285714288,3670.042142857144,111091.471,115410.47174051804,106772.47025948194,-39661.04445288,111159.2910610986,110791.99583163376,113072.47876686072,51.24859298651769,67.24959935645452,-8061.228850936731,-0.134533362836454,-0.2260242724711782
2025-10-30,110031.65,111629.2,106279.33,108308.18,8481.34743643,0.2190088461538461,55236716.0,163265.0,0.002955733284361,111976.442,110112.27714285716,110415.68666666666,111976.442,110865.483,109950.76674841004,110628.14148813282,111012.57608256786,40.52232995164934,0.390792717744825,-1674.150399944032,-1842.8360693127293,-0.0300720334289129,0.010253532099151,-3358.0300000000134,-2259.8800000000047,-4672.100000000006,37.162140676055984,53.5078786336997,4.470664760768543,2440.320162187485,2714.2328944027904,3502.595714285716,3726.7085714285713,110865.483,115495.6649595264,106235.30104047364,-48142.39188931,110592.4668416938,110610.2164155783,111897.69706537954,54.68793612089748,46.05620596972958,-10109.753902373845,-0.1261644347723504,-0.292770444958092
2025-10-31,108308.02,111066.1,108266.11,109555.27,6858.47522213,0.2158176470588235,55264825.0,161626.0,0.0029245727277703,110977.878,110333.13214285715,109298.52666666669,110977.878,110984.783,109753.018374205,110270.5176587552,110747.6113402828,43.41439892673149,0.5022435607890565,-1680.5283579865936,-1810.3745270475024,-0.0435871082616915,0.0080835114915993,-4992.819999999992,1193.0,-1213.6199999999951,33.56995622557257,40.42170842353482,19.86645182964807,2331.0636658403346,2727.0336169495395,3555.040000000002,3515.763571428572,110984.783,115407.66533295027,106561.90066704976,-41283.91666718,110503.06831376714,110637.25535951288,111193.33642196096,66.59901058017769,47.28578378480797,-10652.72662816556,-0.1046369309754252,-0.1751884247038008
2025-11-01,109555.63,110500.0,109342.47,110052.25,1707.44713625,0.2190088461538461,55301897.0,162661.0,0.0029413276727197,110170.916,110536.22785714285,109305.23333333334,110170.916,111231.41,109902.6341871025,110197.76177250348,110621.18200568591,44.57108857024496,0.4800442984011232,-1642.137103013447,-1776.7270422406914,-0.0353660616725507,-0.0046650904429361,-4034.8099999999977,2466.270000000004,-5015.729999999996,38.38620926250218,36.37276872137691,42.41309034475272,2044.3479677664925,2525.1253570693743,3538.1857142857148,3514.302142857144,111231.41,115110.28754484716,107352.53245515285,-39576.46953093,110294.15335421442,111121.73312268438,110429.28725927796,65.91665627668979,47.57297652207433,-10266.21191743531,-0.1576652583068291,-0.147383634498592
2025-11-02,110052.25,111221.99,108800.0,110536.01,3777.57822519,0.2174816091954023,55315746.0,162994.0,0.0029466112596583,109696.768,110669.03,110047.84333333334,109696.768,111273.408,110219.32209355124,110310.511181669,110605.69618647028,45.73391562221585,0.5619897070075988,-1568.2092846038868,-1735.0234907133306,-0.0209973274405649,0.0200599341449749,-2370.740000000005,419.9799999999959,-4738.020000000004,42.01750515510723,37.99122354772732,50.070068369867045,2023.091633431887,2254.0822726971105,3272.5171428571443,3443.890714285716,111273.408,115111.95448612512,107434.86151387489,-35798.89130574,110017.8346578429,111255.41451768696,109738.20136407184,65.52482232564029,47.35957509656389,-8628.479943399007,-0.1696821327502701,-0.173823871025243
2025-11-03,110533.83,110749.0,105271.67,106557.98,8657.30683772,0.2174816091954023,55341347.0,163227.0,0.0029494583859695,109001.938,110382.59571428572,109048.74666666666,109001.938,110824.993,108388.65104677565,109059.667454446,109869.74778893022,38.56859849259264,0.0570437316050137,-1735.6555922395785,-1735.1499110185805,-0.0315739593516912,-0.0095551483566911,-3474.1500000000087,-4484.150000000009,-6510.020000000004,11.548437431262489,30.6507172829573,-26.65612227212713,2516.7684174355386,2286.310498449645,3686.8585714285728,3528.079285714287,110824.993,115600.22532536424,106049.76067463576,-44456.19814346,109615.17521269892,110663.15559617717,108846.32626330186,56.64800908230819,30.16813247909505,-13219.579209755737,-0.2177014633559835,-0.2628048564117225
2025-11-04,106557.98,107269.85,98892.97,101468.15,17052.82209797,0.2174816091954023,55343258.0,160511.0,0.0029002810062248,107633.932,109890.15857142858,106187.38,107633.932,109805.187,104928.4005233878,106529.16163629731,108342.18455457927,31.720669064777468,0.0,-2166.573895729758,-1821.434707960816,-0.0631534017098246,-0.0785342515526577,-6840.029999999999,-10198.060000000012,-9335.97,14.70095775040257,22.75563344559076,-1.4083936399738093,3850.684376578165,2942.9788093790244,4324.822857142858,3652.307142857145,109805.187,117111.34690824752,102499.02709175248,-61509.02024143,108697.10469338566,108588.29731848004,106045.87822382992,40.412627077555385,24.06020890837702,-19787.8088555836,-0.2154874392341749,-0.3111527483651501
2025-11-05,101468.16,104550.0,98950.0,103869.0,10844.84576039,0.2174816091954023,55349827.0,156270.0,0.0028233150575158,106496.678,109624.66,103965.04333333332,106496.678,108737.278,104398.70026169391,105642.4410908649,107528.8782719285,37.36948990122844,0.2792474475830007,-2356.6163062823616,-1928.471027625125,-0.0519032083075511,-0.0645982745467869,-5686.270000000004,-10679.089999999997,-4329.0,28.406715955675285,18.21870371244678,48.7827404421323,3869.95294862236,3185.041790956313,4454.798571428573,3870.216428571431,108737.278,116079.99745319875,101394.55854680126,-50664.17448104,108169.33606025524,107427.38664062694,104535.31899746656,39.97864487318586,22.34186348178136,-11580.584510488448,-0.0939987379491114,-0.1987200534145596
2025-11-06,103866.67,104191.19,100235.02,101290.5,9488.56911128,0.2174816091954023,55365769.0,158318.0,0.002859492478105,104744.328,108994.265,102209.21666666667,104744.328,107457.622,102844.60013084696,104191.7940605766,106394.6276770324,34.10597359431658,0.1179166804660876,-2649.127905998568,-2072.602403299814,-0.0796144558607389,-0.0929171859598352,-8761.75,-12796.559999999998,-5172.800000000003,13.686805285581103,18.931492997219653,3.1974298623040127,4017.295424803961,3600.267851817826,4255.698571428574,3879.147142857145,107457.622,115079.90414569252,99835.33985430749,-60152.74359232,107915.6616174363,106243.12609943486,103848.39570813927,31.7532665606766,22.17855907729283,-16006.178610293318,-0.1312468523326725,-0.1887877024027655
2025-11-07,101290.5,104041.99,99170.0,103284.27,9981.70774039,0.2174816091954023,55364603.0,156054.0,0.0028186601464477,103293.98,108440.13214285715,102814.59,103293.98,106495.374,103064.43506542347,103889.2860403844,105829.10809939014,38.57301925179965,0.338743492681395,-2746.607942008224,-2207.403511041496,-0.0656052267491832,-0.0983326740760146,-7251.739999999991,-9622.479999999996,-3924.64,25.06866151855133,22.38739425326924,30.43119604911552,3707.5391897507216,3799.9649497795294,4551.698571428574,4053.369285714288,106495.374,113529.93501236849,99460.8129876315,-50171.03585192999,107541.95485476988,105269.60183066076,103121.22775261653,34.09946817526949,25.445574002085195,-9129.296450024918,-0.0889694612585789,-0.0541121391828548
2025-11-08,103281.79,103350.0,101422.74,102285.57,4365.22006206,0.2174816091954023,55384822.0,157733.0,0.0028479463200224,102439.498,107770.08642857142,102286.78,102439.498,105720.718,102675.00253271176,103354.71402692296,105184.82844495558,37.212188138718346,0.2714712909384488,-2864.655246145063,-2338.85385806221,-0.0400946977410794,-0.1034428444382736,-4272.409999999989,-7746.559999999998,-6391.209999999992,19.36737209205414,19.3742796320622,19.35355701203803,3695.725896572302,4063.864291079438,4661.660000000002,4099.922857142858,105720.718,112732.8648645018,98708.5711354982,-54536.25591398999,107367.1450062642,104688.64648105,102319.23104456595,35.811910334348795,28.35383285270277,-9585.917956469952,-0.1097269378734619,-0.0187734175335755
2025-11-09,102285.58,105471.04,101372.58,104694.95,5545.42134633,0.2174816091954023,55400302.0,156867.0,0.0028315188606733,103084.858,107066.29071428571,103421.59666666668,103084.858,105359.395,103684.97626635586,103801.45935128198,105095.75963678183,42.4840478447336,0.55740674050215,-2792.451989078516,-2429.573484265471,0.0318011119745458,-0.0727308154738313,3226.800000000003,-3613.229999999996,-5873.110000000001,33.121825600028295,25.852619736877926,47.66023732632903,3589.7571321198216,4111.336664273466,4901.155714285714,4086.836428571429,105359.395,112170.48027059955,98548.3097294004,-48990.83456765999,107119.99545874438,104190.1319939063,102434.59344206237,36.64427247648675,30.03576171784792,-6140.673775550004,-0.106043650492241,0.050704022442514
2025-11-10,104694.23,106653.0,104240.76,105979.38,7737.06153627,0.2186618320610687,55429744.0,158654.0,0.0028622538830415,103506.934,106487.17071428572,104319.96666666667,103506.934,105001.806,104832.17813317792,104527.43290085468,105256.41788463968,45.12901960230177,0.7916804864089529,-2633.143056970963,-2470.2873988065694,0.0203177078820437,-0.0368324234021462,2110.3800000000047,-3575.8899999999994,-2382.8899999999994,41.14943476513778,31.21287748574007,61.02254932393321,3291.023512928529,4138.155647554146,4463.285714285715,4075.072142857144,105001.806,111246.08408041364,98757.52791958635,-41253.77303138999,106772.68338129258,103859.06526154112,103093.1370711277,37.70346466217118,42.768527913489805,-2724.773808661285,-0.0182027293109758,0.1001535515957041
2025-11-11,105979.38,107482.0,102422.43,103009.35,6574.79380402,0.2186618320610687,55396076.0,159781.0,0.0028843378725958,103850.704,105780.21357142855,104561.22666666668,103850.704,104297.516,103920.76406658898,104021.40526723646,104847.86008743243,40.492018197456936,0.6259326913807525,-2661.1448741815548,-2508.458893881567,0.0169695084928991,-0.04892363623874,1718.8500000000058,-7042.899999999994,-4576.62999999999,27.818641364582525,34.02996724324954,15.395989607248495,2808.3244141823825,4285.771021179307,3989.384285714286,4157.103571428573,104297.516,109625.93693448463,98969.09506551534,-47828.56683540999,106582.86849900022,103769.85232389528,103655.44768885928,37.44200183655112,50.85203466280403,-7774.18977248716,-0.0380826297200611,0.0296579882293815
2025-11-12,103017.21,105316.64,100803.2,101639.01,6053.08600012,0.2186618320610687,55381899.0,157327.0,0.0028407657166107,103521.652,105180.705,103542.58,103521.652,103407.816,102779.88703329448,103227.273511491,104264.43279880835,38.525138836111005,0.4855741132822395,-2745.488338477488,-2555.864782800751,-0.0159294343659495,-0.0722581396586399,-1645.2600000000093,-8897.0,-8477.020000000004,21.560854350149096,30.176310159956472,4.329942730534341,1862.29726716568,4456.734380151874,3834.161428571429,4144.480000000001,103407.816,106941.2766267304,99874.35537326962,-53881.65283552999,106247.66586360308,103405.98858035488,103932.9411790004,37.63162958332413,55.70765359665648,-11585.424851907968,-0.0847874698199703,-0.034263225061628
2025-11-13,101636.03,104050.0,97870.0,99614.54,12710.66743459,0.2186618320610687,55387821.0,156212.0,0.0028203312060245,102987.446,104559.73071428572,101420.96666666667,102987.446,102713.472,101197.21351664724,102023.02900766066,103418.99774447957,35.76143836751746,0.2883535436401143,-2914.8342924094177,-2627.6586847224844,-0.0261134586237337,-0.0948432221967293,-2671.0300000000134,-6943.440000000002,-11427.590000000013,13.065767724511424,20.815087813081018,-2.4328724526277625,1851.6549259620108,4683.951366965051,4151.851428571429,4203.7750000000015,102713.472,106226.74020402624,99200.20379597376,-66592.32027011999,105537.62033857504,102604.02480731028,102985.5082272975,36.47470568012554,52.5290092617957,-17119.953850789374,-0.1231175278153367,-0.0431676099337107
2025-11-14,99610.49,99836.1,93951.32,94503.96,19645.40043753,0.2160178707224334,55412407.0,154263.0,0.0027839072213556,100949.248,103484.63714285714,98585.83666666668,100949.248,102017.053,97850.58675832362,99516.6726717738,101798.0817909378,29.92526377284597,0.0,-3339.053082987506,-2769.937564375489,-0.0973398430392296,-0.1450391596367554,-10190.98999999999,-6964.189999999988,-17162.25,3.199875858898349,12.608832644519625,-15.6180377123442,3194.6639510701434,5274.456756085017,4296.535714285715,4424.117142857144,102017.053,108078.50166652862,95955.60433347138,-86237.72070764999,104325.67749811876,101239.79054714352,100328.1642330832,27.28702967976797,29.148709334686856,-33075.553107035936,-0.2135902922007408,-0.1429607913138128
2025-11-15,94501.08,96747.02,94222.2,95544.94,5157.02031554,0.2160178707224334,55414835.0,137626.0,0.0024835587798826,98862.36,102448.4007142857,96554.48,98862.36,101184.647,96697.7633791618,98192.76178118256,100661.1469198582,32.34716364660831,0.1532009115539398,-3596.4063423478947,-2935.23131996997,-0.0984572659322974,-0.1033525597989,-10434.440000000002,-8324.059999999998,-19003.15,9.22732007501733,8.497654552809033,10.686651119433922,3702.5883041162097,5347.810367852889,4381.90142857143,4521.780714285716,101184.647,108209.81436734446,94159.47963265557,-81080.70039211,103821.2528519766,100749.6506212798,99014.8320451276,25.20274828261175,21.911585758276782,-32829.10145057208,-0.2229082336652882,-0.2435110378786175
2025-11-16,95544.94,96559.61,92943.83,94183.97,7161.13750207,0.2160178707224334,55338960.0,138450.0,0.0025018540283373,97097.284,101280.39785714285,94744.29,97097.284,100473.994,95440.8666895809,96856.4978541217,99483.4783889749,30.846143776782966,0.0605692444858187,-3860.375894627985,-3120.2602349015733,-0.0856755236296511,-0.071787846728259,-8825.380000000005,-7106.529999999999,-19903.09,6.965055655183296,6.464083863032992,7.966999239483902,4311.875566188401,5411.652637294178,4312.947142857146,4607.05142857143,100473.994,108655.20266583007,92292.78533416992,-88241.83789418,103046.5926594549,100098.82894073032,97700.68658115786,21.567524005305955,12.652269589049467,-35077.98596058112,-0.2073954884347366,-0.2245551263927798
2025-11-17,94182.03,95950.0,91158.35,92100.6,13319.956338,0.2160178707224334,55353013.0,137330.0,0.0024809850910916,95189.602,100247.72785714285,93943.17,95189.602,99355.627,93770.73334479044,95271.19856941448,98141.13686370672,28.654145376061507,0.0,-4171.325964481221,-3330.473380817503,-0.0938459554062951,-0.1133004072437396,-9538.409999999987,-11183.669999999998,-20806.15,5.772299700128343,7.321558476776322,2.673782146832385,4910.748602140252,5599.020704846533,4652.862857142858,4558.074285714286,99355.627,108673.11735955074,90038.13664044927,-101561.79423218,101936.78503043287,98804.42802276809,96127.11248850328,21.0766635209917,0.0,-43159.3589882473,-0.2249556698853401,-0.3855234306376062
2025-11-18,92100.6,93775.0,89183.48,92914.46,16182.4672286,0.2160178707224334,55354117.0,135681.0,0.0024511455941027,93849.586,99636.75,93066.34333333334,93849.586,98418.516,93342.59667239524,94485.61904627632,97190.8319793964,30.72515861810146,0.125707378010896,-4342.988513881399,-3532.976407430282,-0.0672600606297031,-0.0826932436901781,-6700.079999999987,-9371.11,-17117.67,20.38951784078717,11.042291065366271,39.08397139162899,5176.456988415395,5761.476610546568,4585.998571428572,4287.691428571429,98418.516,108240.15257597309,88596.87942402689,-85379.32700358001,100743.738848548,97542.65483111364,94122.73703707864,21.48934205872615,0.0,-33042.70889597659,-0.1377890721443799,-0.2343639847380895
2025-11-19,92914.45,92948.0,88483.12,91461.6,15642.23320328,0.2160178707224334,55267988.0,136205.0,0.0024644465074429,93241.11400000002,98750.50714285715,92158.88666666669,93241.11400000002,97095.181,92402.0983361976,93477.61269751756,96149.15343768796,29.101168773429805,0.0271336455277032,-4536.35311267362,-3733.65174847895,-0.0321929366769392,-0.1144672852894249,-3042.3600000000006,-13233.349999999991,-16846.579999999987,15.677134652147968,13.946317397687828,19.138769161068247,5084.336117797708,6026.7720059665,4579.06142857143,4206.611428571429,97095.181,106742.03051325936,87448.33148674066,-101021.56020686,99572.24781425735,96291.5015072892,92587.94235721596,20.997422108130564,0.0,-27815.36497677825,-0.0939473034809105,-0.1967139136554845
2025-11-20,91465.04,93080.91,85980.7,86536.88,18857.80134874,0.125814453125,57294076.0,90.0,1.5708430309618746e-06,91439.502,97696.67714285714,90304.31333333334,91439.502,95150.931,89469.48916809881,91164.03513167838,94401.46735810832,24.39440988025703,0.0,-4955.914029324733,-3978.104204648107,-0.0942808692956423,-0.1539678568540997,-9008.059999999998,-19442.5,-23018.39,2.5867273141624345,12.884459935699192,-18.00873792891108,5026.617056990815,6529.601118351084,4710.520000000002,4431.185714285716,95150.931,104688.26629532604,85613.59570467398,-119879.3615556,98189.6741603887,94490.08089527258,91301.99855349472,19.96733040348515,0.0,-43718.794002969385,-0.1649488567940674,-0.3379429344906129
2025-11-21,86531.87,87395.93,80524.65,85068.88,31211.5604643,0.125814453125,57313523.0,90.0,1.5703100296242477e-06,89616.48400000001,96395.57785714288,87689.12,89616.48400000001,93356.884,87269.1845840494,89132.31675445226,92704.6332929977,23.190350175610504,0.0,-5348.168214895399,-4252.117006697566,-0.0967796324576252,-0.1874595670564816,-9115.089999999997,-17940.47,-24983.369999999995,16.857109471071933,11.706990479127445,27.15734745496091,5111.086730971623,6899.947311310685,4851.448571428574,4573.992142857144,93356.884,103054.48923312077,83659.27876687924,-151090.92201990003,96221.15720456051,91875.01638873566,88771.26557502637,11.546894924466883,0.0,-33647.650397958765,-0.1016731677820079,-0.1772867259542798
2025-11-22,85068.85,85547.11,83441.91,84684.0,7330.52185107,0.125814453125,57322517.0,90.0,1.5700636453210873e-06,88133.16400000002,95138.32285714286,85429.92,88133.16400000002,91661.383,85976.5922920247,87649.54450296817,91246.33633063448,22.87160883690696,0.0,-5649.395889254505,-4531.572783208953,-0.0805271626894938,-0.2009388996236815,-7416.600000000006,-16955.009999999995,-25852.009999999995,15.429372694274493,11.624403159836284,23.03931176315092,4864.690666552613,7011.620950252225,4791.5028571428575,4586.702142857144,91661.383,100891.48457108135,82431.28142891864,-158421.44387097002,95629.1182100133,91070.25374695584,87783.39744701143,12.497262265593733,6.357914398634591,-32328.003252263115,-0.1014883687117124,-0.1408962929557735
2025-11-23,84683.99,88100.0,84614.11,86808.28,9786.06365257,0.125814453125,57330785.0,91.0,1.5872798532237087e-06,86911.928,93860.70357142856,85520.38666666667,86911.928,90380.757,86392.43614601235,87369.12300197879,90439.41699779184,28.69681270245944,0.2617197448055972,-5721.920994562504,-4769.642425479664,-0.0657182961618676,-0.1572776646003494,-6106.180000000008,-12806.259999999997,-19749.7,23.309524118654107,18.532002094666844,32.86456816662863,4175.148839321598,7064.454165654765,4772.947142857143,4542.947142857144,90380.757,98302.5449414788,82458.96905852124,-148635.3802184,94809.75629619804,89929.1371174611,86817.10767520203,13.943532265699346,14.784408620177857,-29794.523095613946,-0.0706373745001332,-0.0878384062053057
2025-11-24,86808.28,89225.6,85213.17,88266.2,14868.61469913,0.125814453125,57339534.0,91.0,1.587037662357005e-06,86272.84800000001,92595.47642857143,86586.15999999999,86272.84800000001,89756.981,87329.31807300617,87668.14866798586,90044.28663455696,32.46664309438525,0.5445409389273578,-5646.9611332254135,-4945.106167028815,-0.0349370664847324,-0.1315716278621761,-3195.4000000000087,-6237.760000000009,-13201.949999999995,28.717770849137622,22.485555887355407,41.18220077270205,3950.617305064501,7196.000793159999,4661.630000000003,4657.24642857143,89756.981,97252.75030860804,82261.21169139195,-133766.76551927,93779.25372664418,88809.02821829806,86162.6544253962,16.417645956963582,27.73702360251987,-22036.28736501196,-0.0096723667327281,0.0791246654057489
2025-11-25,88264.0,88486.82,86067.02,87325.01,10484.73675809,0.125814453125,57349438.0,91.0,1.5867635878140602e-06,86430.474,91475.16642857144,87466.49666666666,86430.474,88934.988,87327.16403650309,87553.76911199058,89549.87270100115,31.31557363003297,0.5394287929658916,-5596.98966500815,-5075.482866624681,0.0091074464436433,-0.1233708452601397,788.1299999999901,-8219.930000000008,-16543.990000000005,27.429665791249505,26.48565358634708,29.317690201054354,3433.8783136782085,7181.030756857674,4351.384285714288,4468.69142857143,88934.988,95450.31400744876,82419.66199255124,-144251.50227736,93080.82221071892,88460.89423247917,85716.87835220603,16.1972374209669,29.42591550442063,-21619.54962578026,-0.0432520049165042,0.077389931471434
2025-11-26,87325.0,90628.53,86266.95,90468.84,11351.8707199,0.125814453125,57366771.0,91.0,1.5862841574262564e-06,87510.46599999999,90677.29714285716,88686.68333333333,87510.46599999999,88563.475,88898.00201825154,88525.45940799372,89716.95766445549,39.08445854632153,1.0,-5320.797578806058,-5124.545809060957,0.0634775019960294,-0.0426978932946302,5399.959999999992,-3715.1300000000047,-10821.660000000003,42.27010437676804,32.805847005718384,61.19861911886734,2972.9213707177964,7094.01937001088,4336.6271428571445,4457.844285714287,88563.475,94204.19670163484,82922.75329836518,-132899.63155746,92530.82825459006,88218.02784390358,87239.31698520588,21.62204723100099,42.01560050022744,-11098.928239956836,0.0209740826181345,0.1608945870384185
2025-11-27,90468.83,91925.4,90067.81,91316.7,8201.73046924,0.1249709635416666,57392182.0,91.0,1.5855818132163018e-06,88837.006,90084.5942857143,89703.51666666666,88837.006,88485.08499999999,90107.35100912576,89455.87293866249,90007.81990728175,41.02195346701398,1.0,-5000.529479384146,-5099.742543125595,0.0783229417599546,-0.0442539395597506,6632.699999999997,-783.9000000000087,-11967.570000000009,55.88420341300108,41.86132452700621,83.92996118499082,2878.1146993249886,6814.977242005042,3587.681428571429,4149.100714285715,88485.08499999999,93945.92369024658,83024.2463097534,-124697.90108822,92066.21273357206,87933.42649367623,88178.17948403653,26.706162665626493,56.06856193846084,-8272.327198229228,0.0036908522182629,0.2424097656873488
2025-11-28,91316.7,93161.86,90220.5,90902.7,9580.37061817,0.1249709635416666,57417851.0,92.0,1.6022891556843531e-06,89655.88999999998,89827.36142857143,90896.08,89655.88999999998,88283.909,90505.02550456287,89938.148625775,90170.52537868508,40.34713639985053,0.9628207022557526,-4723.088015104237,-5024.411637521323,0.0471662380593187,-0.0348389433998164,4094.4199999999983,-2011.7600000000093,-11382.87000000001,63.97369804781913,54.04266861252941,83.83575691839854,2589.995271769063,6549.750245815248,3026.2642857142864,3938.85642857143,88283.909,93198.07951271422,83369.73848728578,-134278.27170639002,91851.32867706084,87703.01466259532,89049.71439896268,33.89648218665609,85.51485949075851,-13408.679514854672,-0.0161024475527111,0.1429847966179883
2025-11-29,90902.69,91199.99,90200.0,90828.06,3143.58444031,0.1249709635416666,57441994.0,92.0,1.6016157099281757e-06,90168.262,89490.44142857144,91015.82,90168.262,88220.555,90666.54275228144,90234.78575051666,90290.07712801504,40.21868066047836,0.95574338543395,-4462.413848656521,-4912.012079748363,0.0290242471070465,-0.0138168480987095,2561.8600000000006,-633.5400000000081,-13866.89,64.25591332937532,61.37127159673184,70.02519679466228,2510.1466645117416,5996.300278304622,2868.377142857145,3829.9400000000014,88220.555,92983.22343255898,83457.886567441,-137421.8561467,91553.4500469654,87370.86887898341,89689.25502813194,34.34302001489806,79.9378364509517,-12603.505180414764,-0.0275013307930597,0.1218734424428557
2025-11-30,90829.68,91980.8,90353.96,90369.51,3513.48557284,0.1249709635416666,57460067.0,92.0,1.6011119513661548e-06,90777.16199999998,89217.98000000001,90700.08999999998,90777.16199999998,88603.818,90518.02637614073,90279.69383367778,90304.51946837596,39.38899151440102,0.9100313527984328,-4240.78710072831,-4777.767083944353,0.034864009749326,-0.0273902469002135,3044.5,3832.62999999999,-15609.87000000001,63.82260370105052,64.01740502608165,63.43300105098825,2517.09416481574,5123.4611133670405,2602.798571428573,3687.872857142858,88603.818,93379.6683875622,83827.9676124378,-140935.34171954,91071.7794826245,87284.02079889755,90510.23038312796,37.21941936369359,77.99958263255412,-16049.824098073404,-0.0577399149412359,0.2527480416144911
2025-12-01,90364.0,90433.7,83800.0,86282.36,16664.36191777,0.1249709635416666,57455970.0,92.0,1.6012261214979052e-06,89939.866,88802.39142857143,89159.97666666667,89939.866,88725.166,88400.19318807035,88947.24922245186,89573.21774685304,32.878445320082506,0.55133038446976,-4272.381640926367,-4676.689995340756,-0.0462753805619702,-0.0566274808225528,-4186.479999999996,1213.479999999996,-16726.990000000005,43.45326727218529,57.17726143420371,16.005278948148472,2351.5478241132337,4543.016160305288,2977.2657142857142,3819.4478571428585,88725.166,93186.9142906065,84263.4177093935,-157599.70363731,90417.70470923904,88177.18596512439,89405.25080919545,36.723980885363325,52.73649001351389,-20242.4295450366,-0.0517640723070651,0.141218569817055
2025-12-02,86282.35,92342.0,86181.38,91308.05,13162.85699748,0.1249709635416666,57470021.0,91.0,1.5834342569667758e-06,89938.136,88687.64785714286,89319.97333333333,89938.136,89387.571,89854.12159403518,89734.18281496792,89888.64179287976,44.93169323123046,1.0,-3959.815424710032,-4533.3150812146105,-9.472528026077676e-05,0.0551345276141224,-8.64999999999418,6624.050000000003,-10330.959999999992,85.3305436880451,64.20213822042696,127.58735462328136,1992.219806019728,3801.374407870376,3511.6685714285704,3931.526428571429,89387.571,93167.5423120327,85607.59968796729,-144436.84663983,90095.51579255816,88671.30947044709,89256.80747802439,45.20395764001544,70.49019270142963,-11497.873300579642,0.0003530639871798,0.2067349189715731
2025-12-03,91308.05,94181.41,91024.47,93453.84,9741.98216681,0.1249709635416666,57487749.0,92.0,1.6003409700386771e-06,90448.364,88829.95071428572,90348.08333333331,90448.364,90052.127,91653.9807970176,90974.06854331197,90536.8596487198,49.13183864323998,1.0,-3542.245171720773,-4335.101099315843,0.0280645129352592,0.098566714408371,2551.1399999999994,6645.559999999998,-6160.699999999997,94.67245525292964,74.48542207105334,135.04652161668224,2139.208382810904,3233.156445371721,3339.577142857142,3838.102142857144,90052.127,94110.9895276447,85993.26447235528,-134694.86447302002,89666.1259260172,89289.30510260059,89571.7128290081,52.92074248059711,69.94340374347121,-6246.298911621621,0.0443808599595403,0.2338137600360103
2025-12-04,93452.02,94087.05,90904.73,92093.54,6198.20707297,0.1243119635890767,57521337.0,90.0,1.5646367886059397e-06,90701.46,89226.855,92285.14333333333,90701.46,90434.861,91873.7603985088,91347.2256955413,90819.89243986164,46.70012298197246,0.907399300036549,-3254.153430993916,-4118.911565651458,0.0139326987717232,0.0874963393321051,1265.479999999996,3827.339999999997,-2410.420000000013,84.71182037320706,88.23827310472727,77.65891491016666,2126.522753371915,3107.401109720784,3528.8242857142864,3558.252857142858,90434.861,94469.65423809666,86400.06776190335,-140893.07154599,89192.68000604701,89774.21235901551,89847.93200980526,57.16977198696282,58.760744432485644,-7813.613710767848,0.1090943079090561,0.1545217430966596
2025-12-05,92093.7,92716.42,88099.05,89345.29,8310.94183595,0.1243119635890767,57538416.0,89.0,1.546792668049812e-06,90496.616,89532.31285714285,91630.89,90496.616,90636.889,90609.5251992544,90679.91379702756,90551.78290534132,42.16010398340496,0.7345135700924563,-3158.318026842564,-3926.79285788968,-0.0113336898695146,0.0292254379420948,-1024.2200000000012,2020.2799999999988,-6199.650000000009,54.96885329857061,78.11770964156909,8.671140612573652,1879.915180695258,2832.2647373553064,3768.2542857142857,3397.259285714286,90636.889,94203.7772673544,87070.00073264558,-149204.01338194002,89084.47887259687,90089.52823811748,89811.09207894209,66.31130271213226,44.09428257972344,-11638.266532134108,0.0902834562226627,0.1110643222621161
2025-12-06,89345.29,90296.32,88932.0,89267.97,3017.16860213,0.1243119635890767,57558420.0,89.0,1.54625509178327e-06,91093.73799999998,89859.73928571427,90235.6,91093.73799999998,90516.802,89938.7475996272,90209.26586468505,90318.36237709744,42.03628584372295,0.6527749551148352,-3059.078417582845,-3753.2499698283127,0.0346027855519945,0.0113494180105182,2985.6100000000006,-1200.8699999999951,-4916.0,52.67078364114315,64.11715243764027,29.778046048148923,1929.5428262773728,2637.0837641014305,3820.301428571429,3344.3392857142867,90516.802,94177.85210432504,86855.75189567494,-152221.18198407002,88919.76274888313,90202.4516482292,91012.91005961195,62.91780249438124,44.21754360167353,-13169.452175343013,0.0950188001890521,-0.0253943927813454
2025-12-07,89262.8,91779.99,87733.18,90402.29,4070.57697141,0.1241505194805194,57588863.0,89.0,1.5454377003414706e-06,90912.58599999998,90116.45428571428,89671.84999999999,90912.58599999998,90425.361,90170.5187998136,90273.60724312336,90333.62194489792,44.60650296434497,0.7459997549688204,-2884.5679437324725,-3579.513564609145,-0.009919826346089,0.0352393890364284,-905.7600000000092,-914.4100000000036,-1698.3100000000122,63.5972377547943,57.07895823150269,76.63379680137753,1908.981150272928,2576.953873655616,4166.011428571431,3384.405000000002,90425.361,94047.39806711438,86803.32393288563,-148150.60501266003,88689.35621040693,90094.8681061921,91326.72392374351,61.29113678611381,44.693369854824816,-11870.457706453066,0.1413733083236864,-0.0464853504770136
2025-12-08,90402.3,92291.96,89599.0,90653.86,6661.98775031,0.1241505194805194,57591530.0,89.0,1.54536613283238e-06,90352.59,90287.00142857144,90108.04,90352.59,90400.47699999998,90412.1893999068,90400.35816208224,90391.84704582556,45.187006766259216,0.7785825550946563,-2703.2441047038883,-3404.259672628093,-0.0299611016518956,0.0020451240449197,-2799.979999999996,-248.8399999999965,-2260.600000000006,66.02051166460045,60.76284435351264,76.53584628677606,1903.682058724797,2464.356737778216,3603.048571428575,3290.1571428571447,90400.47699999998,94012.45974782124,86788.49425217872,-141488.61726235005,88507.55165748407,89990.73854547975,90676.1866182638,58.66050764126119,65.79523593245278,-13313.307854799432,0.0931508018443044,0.0012804116766101
2025-12-09,90653.86,94640.66,89537.55,92690.0,9862.67083813,0.1241505194805194,57592402.0,90.0,1.5627061361323325e-06,90471.882,90670.215,91248.71666666666,90471.882,90586.671,91551.0946999534,91163.57210805482,90809.69303749363,49.77477669779515,1.0,-2409.8677840094897,-3205.381294904373,0.0064766757798646,0.0150388702176054,596.4600000000064,1861.9400000000023,1228.3999999999942,82.00607712076568,70.54127551338682,104.9356803355234,2036.567229314954,2534.2756240998283,3451.975714285719,3481.8221428571446,90586.671,94450.78563161622,86722.55636838378,-131625.94642422005,88502.07195781902,90240.81381622056,90847.31560806977,67.57118160661294,63.65664068872972,-10990.634193726832,0.0816650877604866,0.0198619061287202
2025-12-10,92690.0,94500.0,91556.64,92035.99,8904.69319331,0.1241505194805194,57597641.0,89.0,1.5452021724292493e-06,91010.022,90782.15428571428,91793.28333333333,91010.022,90753.319,91793.54234997668,91454.37807203656,91032.65612158572,48.37424247454434,0.9171101588893904,-2189.847708731352,-3002.274577669769,0.0301157453291607,0.0124670664347703,2690.700000000012,1666.4800000000105,5499.110000000001,75.97314185667665,74.66657688068092,78.5862718086681,2084.4425266050403,2505.0238561366405,3421.46428571429,3380.520714285716,90753.319,94708.27062147282,86798.36737852715,-140530.63961753005,88689.6566675427,90466.63839707855,91556.86065277792,66.97089608782184,62.98478027038586,-16994.92466211484,0.1362989940651532,-0.0109139751915854
2025-12-11,92035.85,93594.76,89257.98,92542.0,9119.99377433,0.1241505194805194,57634654.0,91.0,1.5789111877031482e-06,91664.828,90869.67571428572,92422.66333333332,91664.828,91379.283,92167.77117498836,91816.91871469104,91307.0822812974,49.55686426160372,0.9871029733425524,-1961.4851252679364,-2794.1166871894025,0.0366764249259841,0.0188701597281721,3274.029999999999,6259.639999999999,7473.119999999995,80.64084659052122,79.54002185598785,82.84249605958797,1429.673695000871,2332.6671163453543,3586.387142857146,3557.605714285716,91379.283,94091.898112219,88666.66788778103,-131410.64584320004,89634.77111060995,91385.05419249092,91774.65149765198,59.016852011787776,59.330557969601216,-12302.715855370749,0.1226886640995447,0.1004377646672483
2025-12-12,92539.63,92791.26,89500.0,90278.0,6137.8902612,0.1241505194805194,57594838.0,90.0,1.5626400407619862e-06,91639.97,90825.05428571429,91618.66333333332,91639.97,91276.278,91222.88558749418,91303.94580979404,91119.9764119706,44.63063611404496,0.6955468930648673,-1895.6763563420973,-2614.4286210199416,-0.00137485455291,-0.0010126202963808,-124.2899999999936,-1030.050000000003,5594.0,59.75650929002476,72.12349924574089,35.02252937859251,1471.8601863381698,1960.852125881422,3396.94285714286,3582.598571428573,91276.278,94068.93635168907,88483.61964831092,-137548.53610440003,89893.56925049316,91603.39434724636,91816.49656715622,52.019387336172095,61.919309493918746,-15538.81250366043,0.0971687848299816,-0.0561038082536727
2025-12-13,90278.0,90657.0,89777.79,90255.32,1542.14542217,0.1241505194805194,57627164.0,90.0,1.5617634766826284e-06,91560.262,90784.14428571428,91025.10666666667,91560.262,90956.426,90739.1027937471,90954.40387319605,90962.76615524868,44.58282491917243,0.6927172140177579,-1827.892756323432,-2457.12144808064,-0.0043962827396427,0.0460460284118331,-398.5399999999936,-3198.519999999989,3447.040000000008,59.547296935795465,66.64821760544716,45.34545559649209,1281.2701002445683,1777.780603077008,3327.641428571432,3573.97142857143,90956.426,93387.46508878708,88525.38691121295,-139090.68152657003,90098.11256092932,91374.35663677294,91929.06426069606,52.80396615500558,63.83018758232932,-15405.770647594616,0.0874484247549191,-0.1435062853405493
2025-12-14,90255.32,90496.16,87565.38,88171.61,3643.36533229,0.1241505194805194,57645527.0,90.0,1.5612659764564214e-06,90656.584,90627.15142857142,89568.31,90656.584,90564.233,89455.35639687354,90026.80591546404,90455.28321793072,40.31023901774118,0.4398465874942353,-1883.6983760152216,-2342.4368336675566,-0.0487473298090408,-0.0343500928998046,-4518.389999999999,-3921.929999999993,-94.58999999999652,40.32605025893257,53.20995216158426,14.55824645362918,1479.4479466039631,1784.162383420256,3168.208571428572,3667.1100000000015,90564.233,93371.2881145566,87757.17788544338,-142734.04685886003,90311.28421413255,91118.0844118402,91412.61283948862,49.48693088184332,55.75897961719916,-17541.880324124613,0.029314927825753,-0.1587732811400649
2025-12-15,88174.37,90064.74,85129.63,86417.5,9868.30482589,0.1241505194805194,57652734.0,90.0,1.5610708071537425e-06,89532.886,90636.80428571429,88281.47666666667,89532.886,90271.454,87936.42819843677,88823.7039436427,89721.1408146706,37.08797874500203,0.0,-2020.2822229724989,-2278.0059115285453,-0.0610466622893935,-0.0752921442286372,-5618.490000000005,-2927.7899999999936,-907.5099999999948,13.540804728825329,37.80471730785112,-34.98702042922626,1959.344367328174,1878.2090661005,3488.5157142857142,3545.7821428571447,90271.454,93989.04855282718,86553.85944717281,-152602.35168475003,90317.71771710116,90644.11660873434,89664.96376291115,52.675019287399074,38.97248362077363,-22259.704720553505,-0.0041922900322321,-0.1690536617037758
2025-12-16,86417.5,88148.0,85250.0,87854.01,7734.132664,0.1241505194805194,57641326.0,90.0,1.5613797642337375e-06,88595.288,90390.08714285714,87481.04,88595.288,90130.058,87895.21909921838,88500.47262909514,89381.66248473048,41.231114920785615,0.3265706753745087,-2028.9044265466075,-2228.1856145321576,-0.0506579715156362,-0.0460350421973136,-4687.990000000005,-1413.9600000000064,-2614.8300000000017,28.64442652373077,27.50376050382956,30.9257585635332,2086.687971529834,1966.0871438683705,3173.5,3312.7378571428594,90130.058,94089.2700536665,86170.84594633347,-144868.21902075002,90241.04779830096,90287.63732622018,88302.2714711575,42.02777788492605,19.574830786063288,-16094.762989534458,-0.0335109984255134,-0.0433085773178352
2025-12-17,87854.0,90336.36,85267.69,86209.77,10021.43107061,0.1241505194805194,57651249.0,90.0,1.5611110177335447e-06,87781.642,89872.65357142857,86827.09333333334,87781.642,89710.80600000001,87052.4945496092,87736.90508606343,88804.95476023402,38.13537261318544,0.0825577795185752,-2119.0499849032494,-2206.3584886063763,-0.0450633598440373,-0.0350944073268998,-4068.229999999996,-4192.5199999999895,-5106.929999999993,11.356708999971609,17.847313417509234,-1.6244998351036486,2420.4045933783973,2153.040091663052,3477.115714285714,3449.290000000002,89710.80600000001,94303.20082452567,85118.41117547435,-154889.65009136003,89996.95674030199,89893.84061801496,87509.53595783695,41.82255973278234,20.50124484284737,-22390.96050459624,-0.0935627511444368,-0.1431426845877729
2025-12-18,86209.79,89447.75,84400.0,85460.02,9840.74407994,0.1241505194805194,57630135.0,91.0,1.5790349961873249e-06,86822.58200000001,89398.83071428572,86507.93333333333,86822.58200000001,89191.422,86256.25727480461,86977.94339070897,88196.78480382783,36.77931148401554,0.0,-2221.097155776632,-2209.306222040428,-0.0531303861090958,-0.0426575175844146,-4795.300000000003,-5193.8399999999965,-5442.679999999993,10.351090652360334,16.784075392020902,-2.514878826960804,2732.671849575158,2374.564528815876,3578.682857142857,3582.535000000001,89191.422,94376.30228548952,84006.54171451049,-164730.39417130002,89674.40871826577,89367.11479541907,87150.46807075535,40.507100116817206,20.437076620902573,-28098.62131392338,-0.0971810717083134,-0.1928300206080716
2025-12-19,85460.85,89365.85,85052.78,88092.65,8046.9179144,0.1241505194805194,57639433.0,89.0,1.544081809409888e-06,86806.79000000001,89309.35642857142,86587.48,86806.79000000001,88731.687,87174.4536374023,87349.51226047265,88177.85120313187,44.27268569671516,0.576614541259677,-2127.483975840092,-2192.941772800361,-0.0008955263491275,-0.0255484678540776,-78.9600000000064,-4597.350000000006,-2735.4100000000035,36.05871105963867,19.25550357065687,69.66512603760226,2450.876217935903,2390.710432153962,3724.655714285716,3560.799285714288,88731.687,93381.89766709002,84081.47633291,-156683.47625690003,89540.9681911223,88781.80813899646,87085.33502821221,48.71449767036263,35.670300859609014,-24802.535585698963,-0.078166915395958,-0.1845040311678202
2025-12-20,88092.65,88530.6,87780.0,88324.0,1807.74517583,0.1241505194805194,57677097.0,89.0,1.5430735010813738e-06,87188.09,89241.93000000001,87292.22333333333,87188.09,88360.48800000001,87749.22681870115,87674.34150698177,88204.42371165333,44.89085330979184,0.6241824892251887,-2019.706986006248,-2158.2948154415385,0.0220615037463476,-0.0257006155060578,1906.5,-3711.990000000005,-2045.5099999999948,38.31784279528857,28.24254816909586,58.46843204767399,2158.473007551191,2402.4478559680165,3706.2828571428586,3516.962142857145,88360.48800000001,92455.90258311336,84265.07341688666,-154875.73108107003,89494.43212897882,88252.02777785051,87108.43950441112,51.170110712104325,39.09385048897972,-23989.94136464244,-0.0514395833292946,-0.1032281733996137
2025-12-21,88322.01,89046.44,87501.01,88639.95,2361.91088803,0.124220233463035,57698906.0,89.0,1.5424902510283298e-06,87345.278,89116.04857142856,88352.2,87345.278,87970.28300000001,88194.58840935057,87996.21100465451,88283.61030953453,45.7754947344385,0.6922555754975169,-1896.088466214788,-2105.8535455961883,0.0089459775370526,-0.043694573308879,785.9400000000023,-3902.050000000003,2357.5899999999965,41.40309316001113,38.59321567164613,47.02284813674113,1598.6629309795594,2288.456332962254,3508.375714285717,3338.292142857145,87970.28300000001,91003.5326436656,84937.03335633443,-152513.82019304004,89791.89551121027,87727.4456398098,87209.1174749672,50.26875201395467,44.94760319704914,-22870.52370746123,-0.0187646399590506,-0.1732297235648929
2025-12-22,88639.87,90541.8,87846.17,88556.77,8901.70507789,0.124220233463035,57704680.0,89.0,1.5423359075901642e-06,87814.678,88966.25642857142,88506.90666666666,87814.678,87798.16,88375.67920467528,88183.064003103,88333.27570780097,45.56810379347144,0.676296859318033,-1784.6407385934144,-2041.6109841956336,0.0272242925598804,-0.037802820396673,2347.0,-1721.229999999996,-2751.279999999999,40.590840824712494,40.1039255933374,41.56467128746267,1403.3156958425795,2267.7084452741474,3188.4500000000035,3338.482857142859,87798.16,90460.764325076,85135.55567492402,-161415.52527093003,89724.0516929367,87601.34295036785,87698.6370551744,51.33482491946115,64.24927188073231,-27079.03897195052,-0.1147407587178724,-0.1809709201535762
2025-12-23,88555.03,88896.63,86533.86,87429.32,7050.61151888,0.124220233463035,57725350.0,88.0,1.5244602241476231e-06,88208.53799999999,88590.49357142857,88208.68000000001,88208.53799999999,87515.56,87902.49960233764,87931.81600206868,88168.92012456444,42.74147182249988,0.4666120690138701,-1747.2156572050008,-1982.731918797507,0.0230435237436172,-0.0552471310323959,1969.300000000003,-2826.0,-6024.5199999999895,29.99326732673274,37.3290671038188,15.321667772560644,1106.718601180138,2115.060112840229,3111.988571428575,3142.744285714288,87515.56,89615.41090516285,85415.70909483715,-168466.13678981003,89381.12570636731,87544.71898636957,88120.06496641904,42.31217463208453,65.10052537102324,-28785.464987631887,-0.1693360904408493,-0.193133647933483
2025-12-24,87429.32,88001.2,86350.0,87609.03,5007.9834145,0.124220233463035,57743607.0,88.0,1.5239782301787972e-06,88111.814,88274.28214285713,87865.04,88111.814,87459.302,87755.76480116881,87824.22066804579,88067.12192009817,43.34473693044746,0.5138249522981955,-1691.6214118975186,-1924.509817417509,-0.0054899018249535,-0.029563902611932,-483.61999999999534,-562.5800000000017,-4484.509999999995,34.90063905963832,35.16158240369452,34.378752371525934,1083.724030704776,2032.266023132309,2623.778571428575,3050.4471428571446,87459.302,89515.5237752512,85403.08022474879,-163458.15337531004,89162.82737382069,87466.92022015492,88157.98892200447,34.08421105011149,49.45366558259533,-26156.33435373322,-0.1390517362361241,-0.1219461033532931
2025-12-25,87609.02,88534.4,86899.0,87171.68,2819.32696132,0.124220233463035,57767837.0,88.0,1.5233390164842072e-06,87881.35,87890.68785714285,87403.34333333334,87881.35,87534.72,87463.7224005844,87606.70711203053,87904.31429826214,42.180030466322535,0.600334478741646,-1658.925344876494,-1871.3929229093064,-0.0130465105747022,-0.0341657422520912,-1152.320000000007,754.179999999993,-2173.6100000000006,33.030557985332294,32.64148812390112,33.80869770819464,1027.9762336737767,2071.237289956587,2136.300000000003,2857.49142857143,87534.72,89485.16776735838,85584.27223264163,-166277.48033663005,89067.96716790728,87510.74643331935,88087.1006313648,40.10143908145813,66.6784250953597,-28035.494902172308,-0.1297030454993548,-0.0908250090105163
2025-12-26,87171.46,89496.07,86569.53,87296.01,8673.64195064,0.124220233463035,57806244.0,88.0,1.52232689603566e-06,87612.562,87677.68857142856,87358.90666666666,87612.562,87478.92,87379.86620029219,87503.14140802037,87793.71351675992,42.651801616622606,0.652775734901906,-1611.2636420740018,-1819.3670667422457,-0.0151617865307911,-0.0099306341349557,-1343.9400000000023,-558.0,-1971.9600000000064,46.28432155985288,38.07183953494117,62.70928560967632,1023.8552519756483,2099.693961196145,1938.2242857142887,2831.4400000000023,87478.92,89421.54875434119,85536.29124565881,-157603.83838599004,88974.01743862942,87599.04951272479,87984.48162577635,48.98726681937462,67.27070734723489,-32402.87252408221,-0.1456219243083249,-0.2527134595635384
2025-12-27,87296.17,87914.62,86944.24,87808.0,1955.01185796,0.124220233463035,57841132.0,88.0,1.5214086750584342e-06,87462.808,87502.87999999999,87425.23,87462.808,87638.74299999999,87593.9331001461,87604.76093868025,87796.3110591672,44.65445779900755,0.87538749442679,-1528.2890333923278,-1761.151460072262,-0.008455254183277,0.0160904909306565,-748.7700000000041,1598.229999999996,-2594.2899999999936,55.48861897163695,44.93449950560737,76.59685790369612,923.5579873266228,2075.788818286004,1969.6214285714293,2837.952142857144,87638.74299999999,89391.07107471582,85886.41492528416,-155648.82652803004,88921.42818417394,87655.71908219307,87603.62669104112,48.78303771034895,62.09844519903479,-30877.472497148585,-0.1462503154558803,-0.1502952623718958
2025-12-28,87806.75,88000.0,87349.52,87877.29,1859.62245916,0.124220233463035,57866171.0,88.0,1.5207503534318868e-06,87552.40199999999,87481.85714285714,87660.43333333333,87552.40199999999,87880.47,87735.61155007305,87695.60395912017,87811.03450295498,44.934715959182704,0.9065405014714136,-1443.8544623069902,-1697.692060519208,0.0051237959988708,0.0002649850587355,447.9699999999866,2417.269999999989,-2776.570000000007,56.61678986616288,52.796576799217576,64.25721600005349,516.6543588623758,2028.777441134753,1841.771428571428,2675.0735714285724,87880.47,88860.75272223547,86900.18727776453,-153789.20406887005,88801.34648080754,87906.61690604902,87610.65719976528,51.99121856903342,61.55642378199692,-29719.46814143077,-0.1310816564544956,-0.0334302218047893
2025-12-29,87877.28,90325.0,86675.0,87110.78,10415.66618294,0.124220233463035,57875610.0,88.0,1.5205023325024134e-06,87452.75200000001,87531.37714285715,87598.68999999999,87452.75200000001,87782.28300000001,87423.19577503653,87500.66263941345,87683.7155024177,42.37819130926581,0.6223616915525852,-1409.4581846661167,-1640.04528534859,-0.0056871991391754,0.0104513676350139,-498.25,-981.8699999999952,-5579.220000000001,44.13657234035621,52.08066039271868,28.24839623563126,563.0651247900337,1797.9720873324986,1978.1099999999983,2583.280000000001,87782.28300000001,88850.62395920607,86713.94204079395,-164204.87025181006,88464.36024413993,87997.05402930209,87839.83113823846,63.704909155435615,63.00476150573449,-37648.04445631511,-0.2120500134196751,-0.2525996875824927
2025-12-30,87110.77,89343.52,86704.98,88397.5,8725.01685173,0.124220233463035,57863840.0,87.0,1.503529665504398e-06,87697.916,87570.19785714286,87795.18999999999,87697.916,87789.633,87910.34788751826,87799.60842627563,87813.49450197813,47.75207138964524,1.0,-1292.1107623659918,-1570.4583807520703,0.0140621357762062,0.0343725639193623,1225.820000000007,73.5,-3638.490000000005,65.08678237650197,55.28004819434036,84.70025074082521,571.3410575900789,1564.3782035466363,2017.505714285713,2564.7471428571444,87789.633,88873.67643765245,86705.58956234755,-155479.85340008006,88142.13760632896,88013.24047281017,87952.19457772441,72.93438922698547,82.44422506671643,-35179.54859124715,-0.1448591178305146,-0.1936906860092174
2025-12-31,88397.24,89100.0,87082.64,87497.94,7261.18123917,0.124220233463035,57895059.0,86.0,1.4854462796212022e-06,87738.302,87662.20999999999,87668.73999999999,87738.302,87675.432,87704.14394375913,87699.05228418377,87756.12095616393,44.619125416241765,0.7144796750910335,-1240.044841996394,-1504.375673000935,0.0023131641411791,-0.0067509604944339,201.9300000000076,-1142.0099999999948,-5044.059999999998,50.44026181249798,53.221205509785385,44.87837441792318,490.9743779853896,1160.8911418566777,2069.814285714285,2346.79642857143,87675.432,88606.99038433096,86743.87361566904,-162741.03463925005,87857.93235684728,87984.95194987241,87985.4570896167,63.49255814289864,77.92694121251276,-39451.11115191919,-0.219515155457568,-0.2645707508122428
2026-01-01,87497.95,88798.99,87361.74,88738.34,4001.39765552,0.1249541450777202,55782613.0,130866.0,0.0023459998189758,87924.37,87896.37571428572,88211.26000000001,87924.37,87693.58899999999,88221.24197187956,88045.48152278918,87934.70623686138,49.53568573742511,1.0,-1112.4018116777734,-1425.9809007363026,0.0105951621720117,0.0046911371767581,930.3399999999964,181.56999999999243,-1539.6600000000035,67.14422610957867,60.89042343285954,79.65183146301693,529.0686301073774,1033.582234864053,2041.5071428571432,2088.9035714285733,87693.58899999999,88697.42614581066,86689.75185418932,-158739.63698373004,87721.04711172666,87853.18168810078,88050.4763052834,73.133501324534,78.55012270975605,-35787.420600670994,-0.1666032927793861,-0.1507436907819318
2026-01-02,88742.0,90935.22,88272.08,89957.99,11442.48043957,0.1249541450777202,55794120.0,131617.0,0.0023589761788518,88340.51,88029.6142857143,88731.42333333334,88340.51,87946.456,89089.61598593977,88682.98434852614,88302.5760119775,53.87203271003764,1.0,-925.1796795082772,-1325.8206564906975,0.0236773346105689,0.0148695932251767,2080.700000000012,2528.6699999999983,-297.33000000000175,78.68739122659336,65.42395971622334,105.2142542473334,877.9698252106357,997.0818078596805,2003.8785714285707,1971.0514285714296,87946.456,89612.28661873932,86280.62538126069,-147297.15654416004,87865.78380035723,88223.60055342982,88521.17691613821,74.32660337940324,79.95869147827139,-32742.49730038841,-0.1319002160300026,-0.0636574599613236
2026-01-03,89958.0,90697.0,89284.13,90598.02,2951.65444679,0.1249541450777202,55813154.0,132441.0,0.0023729352403198,89037.95800000001,88192.04428571429,89764.78333333333,89037.95800000001,88245.35500000001,89843.81799296988,89321.3295656841,88719.92946434522,56.00832156710899,1.0,-725.7566868089925,-1205.8078625543567,0.0400322440001112,0.0230501857734874,3487.240000000005,2988.990000000005,2426.4100000000035,92.64593629095228,79.49251787570812,118.95277312144064,1200.0466817046863,1183.672361119026,2067.0914285714284,2018.356428571429,88245.35500000001,90522.28348762836,85968.42651237166,-144345.50209737004,87893.83982420093,88395.59900361707,88811.40606942103,74.69853604060891,84.56048843683905,-30204.40497487392,-0.0968479151737908,-0.0673499811683456
2026-01-04,90598.01,91764.64,90598.01,91494.0,3198.89444605,0.1249541450777202,55814437.0,132926.0,0.0023815702019891,89657.258,88395.90500000001,90683.33666666668,89657.258,88677.58700000001,90668.90899648494,90045.5530437894,89224.30592537337,58.87935496456966,1.0,-502.474102568769,-1065.1411105572392,0.0350292711897961,0.0464910398479594,3096.5,4322.320000000007,5076.5,95.00169909726225,88.77834220493598,107.44841288191478,1508.9981833651627,1386.68519533121,2140.827142857144,1991.2992857142856,88677.58700000001,91540.7097466942,85814.46425330582,-141146.60765132005,88036.15217281558,88588.55538009641,89286.07766974901,74.98111562886388,85.02719226522277,-28489.697962507205,-0.0502106708828717,-0.0075094041155727
2026-01-05,91489.03,94825.27,91479.28,93870.06,12349.57555407,0.1249541450777202,55818228.0,134435.0,0.0024084426327543,90931.682,88775.42571428571,91987.36,90931.682,89334.992,92269.48449824248,91320.3886958596,90068.9884843964,65.33955063541114,1.0,-171.94098641595338,-886.5010857289822,0.0728259431022033,0.0714655783770235,6372.119999999995,6574.050000000003,6016.050000000003,88.72944460766435,92.12569333195962,81.93694715907381,2140.220320048714,1890.2021571652213,2097.397142857145,2037.753571428572,89334.992,93395.77454355708,85274.20945644291,-128797.03209725003,88607.28693133777,89621.36247859454,91077.62364932212,76.13787430516973,85.81390717270347,-23191.212259275533,-0.0551426711877453,0.1435721370959577
2026-01-06,93870.06,94439.63,91203.13,93722.01,9651.48547871,0.1247924967658473,55815563.0,136189.0,0.0024399825546864,91928.416,89224.90357142857,93028.69,91928.416,89926.39300000001,92995.74724912122,92120.92913057307,90733.17421450614,64.65792920380001,0.970568413048518,91.04834645445226,-690.9911992922953,0.0561614066704425,0.0751428675000871,4983.669999999998,5914.009999999995,7512.239999999991,86.98259760456,90.23791376982886,80.47196527402227,2463.997612313852,2158.031570394024,2182.8200000000006,2100.162857142857,89926.39300000001,94601.499762477,85251.28623752302,-138448.51757596005,89051.15660368474,90147.69894441156,91856.60173568934,73.49484943074424,66.79337469725155,-17819.71998880404,0.0356230426790474,0.1817186508769682
2026-01-07,93722.01,93722.01,90576.24,91279.73,9317.16996001,0.1247924967658473,55820764.0,135971.0,0.002435849856874,92192.764,89487.09642857143,92957.26666666666,92192.764,90266.637,92137.73862456062,91840.52942038208,90832.54799368684,54.54859827301748,0.534059761013679,157.86503145356255,-521.2199531431237,0.0146928582997463,0.045634617206445,1321.7399999999907,3402.4400000000023,5819.709999999992,57.05363783258671,77.58856001493702,15.983793467886102,2383.195712506763,2077.2951357001084,2344.021428571428,2206.9178571428565,90266.637,94788.43293688152,85744.84106311848,-147765.68753597006,89457.26337517932,90405.1639773587,92509.23134840392,69.88122061295277,63.79345475868833,-22969.683894228125,0.0401328448645016,0.0851014928330428
2026-01-08,91279.73,91580.01,89200.0,91026.0,10333.23549339,0.1257448320413436,55837602.0,134615.0,0.0024108306083774,92278.36,89762.405,92009.24666666666,92278.36,90658.159,91581.86931228032,91569.01961358804,90867.72108574376,53.61079038350466,0.4891957359618802,195.93804351773,-377.78835381095297,0.0047239442981203,0.0366481413994168,427.9799999999959,3915.220000000001,2933.350000000006,53.98026100628167,66.00549881447613,29.92978538989277,2113.4726619023086,2107.7250779877154,2478.701428571427,2260.104285714285,90658.159,94668.19143046616,86648.12656953384,-158098.92302936007,89669.0363061768,90742.15819475728,92222.24883644209,61.96411121657727,50.43630437189192,-17447.113730557707,0.0565430597535613,0.2549589481577995
2026-01-09,91024.01,91944.52,89583.58,90515.45,9272.64438525,0.1257448320413436,55862556.0,134577.0,0.002409073440893,92082.65,89992.365,90940.39333333333,92082.65,90869.954,91048.65965614015,91217.82974239204,90803.67179742672,51.6852695712502,0.405336553894121,194.64246029994683,-263.302190988773,-0.010695236846132,0.0300209530812796,-978.5500000000028,2117.949999999997,2191.449999999997,47.12052484150826,52.718141226792206,35.92529207094036,1962.484699377752,2115.6295381313425,2435.529999999999,2219.7042857142847,90869.954,94593.50691395871,87146.40108604128,-167371.56741461006,89756.42310747027,91018.70540914066,92000.48057213798,62.28956308773555,48.6801118583729,-19399.87779417068,0.0333700934482198,0.197790503343189
2026-01-10,90515.12,90698.0,90251.43,90385.54,1733.85727298,0.1257448320413436,55882739.0,133216.0,0.0023838487945266,91385.746,90176.475,90642.33,91385.746,91158.714,90717.09982807007,90940.39982826138,90727.6478342582,51.1815389718122,0.3833983666865188,184.1548058087792,-173.81079162926258,-0.037120675111958,0.0375930510552195,-3484.520000000004,2887.599999999992,1745.5899999999965,45.526589916652966,48.87579192148096,38.82818590699698,1587.8871667451813,2121.670653853353,2297.487142857143,2182.289285714286,91158.714,94171.51806855982,88145.9099314402,-169105.42468759007,89788.61327421459,91310.92155355556,91507.38348481704,62.38603767172138,44.53192553214991,-20092.341337704696,0.0202902314428711,0.2607157624977803
2026-01-11,90387.36,91173.12,90109.0,90872.01,2262.85242889,0.1259051612903226,55908713.0,133024.0,0.0023793071394793,90815.746,90390.38357142857,90591.0,90815.746,91372.081,90794.55491403503,90917.60321884092,90753.89550075671,53.027708008893526,0.4638016655878673,203.5086224486004,-98.34690881369,-0.0304090789346067,0.027992986226986,-2850.0,2133.6699999999983,2315.2399999999907,51.495349233828975,48.04748799733007,58.39107170682679,1352.413686121412,2135.3779958039186,2282.842857142856,2211.835,91372.081,93938.10555215664,88806.05644784338,-166842.57225870006,89859.89742612967,91458.58353774044,90979.86896884504,62.5561926451288,43.57874905977328,-19110.11044560204,0.0611661503418938,0.2299879288819242
2026-01-12,90878.51,92406.3,90003.46,91188.09,9683.74429824,0.1259051612903226,55924280.0,133263.0,0.0023829184747662,90797.418,90681.62,90815.21333333332,90797.418,91495.091,90991.32245701752,91007.7654792273,90832.83995516456,54.23861877343383,0.4642517349640415,236.82720121063176,-31.31208680882564,-0.001003946878458,0.0421741357567959,-91.63999999999942,1230.0999999999913,3758.7699999999895,55.208742544909065,50.74356056513034,64.13910650446653,1262.453067839518,2105.7017917332328,2148.107142857141,2122.752142857142,91495.091,93890.42728006394,89099.75471993603,-157158.82796046007,90076.2992735882,91703.97264696917,90797.53275049527,62.41970018627871,40.38743152292602,-19245.44202553872,0.0717745883261922,0.1907573114756896
2026-01-13,91188.08,96250.0,90925.17,95384.23,17153.5601987,0.1268778350515464,55917951.0,134510.0,0.0024054887132756,91669.06399999998,91180.67214285712,92481.44333333331,91669.06399999998,91973.71199999998,93187.77622850877,92466.58698615154,91660.3654178619,66.56238221840701,1.0,515.9889636552689,78.14812328399327,0.0478789576604485,0.0748931070831391,4358.229999999996,4786.209999999992,7775.199999999997,90.5559506771851,65.75334748530771,140.16115706093987,1711.8532810426125,2393.3923606029844,2446.4399999999982,2314.63,91973.71199999998,95221.72523287618,88725.69876712379,-140005.26776176007,90657.4791107442,92257.70360913474,92297.35187224552,65.56255588849956,64.52559800206677,-7669.914482614984,0.1274380428940122,0.2652457751055883
2026-01-14,95385.59,97963.62,94518.63,96955.16,20696.88952587,0.2956805555555555,55891967.0,137441.0,0.0024590474692007,92957.006,91856.18785714284,94509.16,92957.006,92519.828,95071.4681142544,93962.7779907677,92623.055341887,69.83733802220647,1.0,835.351100142987,229.58871865579204,0.0711448708480155,0.077782640541435,6439.710000000006,5461.160000000004,9783.48000000001,90.48791346440449,78.75086889549954,113.9620026022144,2308.82963669542,2736.536495074146,2489.1857142857125,2416.6035714285704,92519.828,96900.52422875396,88139.13177124603,-119308.37823589006,91450.9843840897,93140.82632177352,94267.74413591604,75.19661564078746,83.52571635922664,909.6770474647548,0.1776435877153405,0.2869491076241395
2026-01-15,96954.02,97176.42,95066.19,95587.65,10619.32790923,0.1268778350515464,55884596.0,138555.0,0.002479305746435,93997.428,92345.42428571428,95975.68,93997.428,92691.587,95329.5590571272,94504.40199384514,93162.072552453,63.96425895219546,0.6851874822329367,1007.31546105718,385.1340671360697,0.0575546708024314,0.0550743824202779,5202.110000000001,1717.5899999999965,8291.64,75.48408199316103,85.50931537825021,55.43361522298267,2478.1185168187167,2836.1220705847486,2450.645714285713,2464.67357142857,92691.587,97393.48629499123,87989.68770500875,-129927.70614512006,91933.04668631822,93405.5625502711,94671.98324807726,68.16757731360369,82.49811820994947,-4461.355906668407,0.1694603583574256,0.1859508531964984
2026-01-16,95578.2,95830.49,94229.04,95504.0,6286.36029783,0.1268778350515464,55871260.0,137601.0,0.0024628225674523,94923.826,92741.56785714286,96015.60333333332,94923.826,92869.786,95416.7795285636,94837.60132923008,93587.87754291607,63.61185856794268,0.6662978928188968,1134.8936237324524,535.0859784553462,0.0509726812469539,0.0438280105799286,4631.990000000005,1781.9900000000052,7696.0,71.93374427462628,79.30191324406393,57.19740633575097,2620.432299751501,2899.72193586957,2342.1471428571426,2388.838571428571,92869.786,97841.70671289269,87897.8652871073,-136214.06644295005,92104.5354330766,93548.79249489648,94861.15281942236,61.89777614256042,72.60116793050044,-738.2149083963513,0.1781105083404133,0.1754474931275136
2026-01-17,95503.99,95600.0,94980.12,95109.99,1754.07093263,0.1268778350515464,55881867.0,137621.0,0.0024627129941811,95708.206,93063.85142857142,95400.54666666668,95708.206,93252.812,95263.3847642818,94928.39755282008,93864.62526238587,61.8824698483322,0.573598099315604,1206.3389050857368,669.3365637814244,0.0430089060972767,0.0132090040210905,3921.9000000000087,3830.260000000009,7232.700000000012,67.4377711493653,71.61853247238419,59.07624850332755,2642.0348986245244,2888.506603220316,2366.9057142857137,2332.1964285714284,93252.812,98265.72076238334,88239.90323761667,-137968.13737558006,92184.9235356298,93756.93037219868,95500.11092834588,61.57254089301985,75.0624673255576,-1757.3010309964302,0.1653479452147979,0.2362271666063994
2026-01-18,95109.99,95485.0,93559.78,93633.53,2607.76939988,0.0,55903469.0,137239.0,0.0024549281548162,95358.066,93216.675,94749.17333333334,95358.066,93513.565,94448.4573821409,94496.7750352134,93822.60794195208,55.76444741893585,0.2456559718907779,1165.78976921695,768.6272048685296,-0.0183541870600622,-0.0009440685277662,-1750.699999999997,2607.529999999999,6522.75,50.59016707707547,63.32056083368902,25.12937956384836,2523.874202095737,2697.9240191568424,2489.9200000000005,2386.3814285714284,93513.565,98302.2796038176,88724.85039618242,-140575.90677546003,92485.76745251165,94169.06215271386,95957.91205574256,59.295560463302245,71.45152661298368,-4165.277167518321,0.2075766251799191,0.1618333413580276
2026-01-19,93630.0,93630.0,91935.3,92559.66,4993.56556058,0.0,55924154.0,136651.0,0.0024435058955026,94478.966,93123.075,93767.72666666668,94478.966,93717.986,93504.05869107044,93851.0700234756,93592.98104341532,51.75649127973616,0.0308189591006456,1058.244994540364,826.5507628028965,-0.045335390091667,0.0140220616340562,-4395.5,2044.2100000000064,4162.160000000004,38.33644087717183,52.1214597012042,10.76640322910707,2329.349709812444,2555.194685735468,2389.261428571429,2268.6842857142847,93717.986,98137.61633003576,89298.35566996425,-145569.47233604005,92732.97303572968,94491.04319118366,94929.21237312736,52.459084378095405,61.90411483403594,-5479.391977636603,0.1884865964115638,0.1789449584246423
2026-01-20,92559.65,92807.99,87767.53,88310.6,11134.88996796,0.0,55922357.0,135458.0,0.0024222512652676,93023.556,92736.54571428572,91501.26333333337,93023.556,93510.492,90907.32934553524,92004.24668231708,92632.54812643072,39.62186708203422,0.0,704.6805620870146,802.1767226597202,-0.0761296046089634,-0.02983103728605,-7277.049999999988,-2074.939999999988,812.6600000000035,5.326257418284922,31.41762179084407,-46.85647132683337,2719.0055380833114,2480.2768281449708,2348.637142857144,2397.538571428571,93510.492,98669.44228257296,88351.54171742703,-156704.36230400007,92736.53109709892,93950.56073341904,92322.80958856452,51.98499490091514,39.4305655302629,-14214.88796373776,0.1563142658656389,0.0674073757836825
2026-01-21,88310.6,90500.0,87156.0,89363.71,12539.4399225,0.0,55925147.0,131586.0,0.0023528950223412,91795.498,92599.68714285716,90077.99,91795.498,93359.662,90135.5196727676,91124.0677882114,92038.21392162514,43.17773485512495,0.1176836786734677,473.2842277636082,736.3982236804978,-0.0642935374434577,-0.0127242365806057,-6140.289999999994,-1508.2999999999884,625.3700000000099,20.427346631358315,21.36334830893836,18.55534327619823,2916.3073463876112,2436.101642193501,2334.2100000000023,2411.6978571428576,93359.662,98892.96614299988,87826.35785700011,-144164.92238150007,92565.82003983132,93389.56371667316,90518.54382437516,50.78165491200612,3.625757959009448,-10197.242412970683,0.1505451000674659,0.0914425255201492
2026-01-22,89363.71,90273.35,88408.65,89463.5,7075.16869109,0.0,55878982.0,132421.0,0.0023697818976014,90666.2,92488.08,89045.93666666669,90666.2,93187.203,89799.5098363838,90570.54519214094,91570.08411769327,43.517188284873406,0.1289181032641214,286.0940087185445,646.3373806881073,-0.0593680011952477,-0.0102011892610255,-5646.490000000005,-1724.5899999999965,-494.4900000000053,21.35067665221391,15.70142690061905,32.64917615540364,3103.9503353629666,2464.173545652991,2299.1342857142904,2374.8900000000017,93187.203,99076.53468227429,87297.87131772573,-137089.75369041009,92626.29614558123,93314.24034708356,90093.34547495344,57.97380290207721,18.941276968039887,-9267.647127231938,0.1417425130249256,0.1051832727662213
2026-01-23,89463.51,91147.01,88440.65,89474.93,7381.22299218,0.0,55911287.0,132226.0,0.0023649249926942,89834.48000000001,92413.75714285714,89434.04666666668,89834.48000000001,92596.273,89637.2199181919,90205.34012809396,91189.1470053854,43.55877953229486,0.1302945917359973,131.25387773635157,543.3206800977562,-0.0444135770594146,-0.0153741509624361,-4158.600000000006,-5909.300000000003,-1123.090000000011,21.45643536689849,21.07815288349024,22.21300033371498,3200.219258085607,2518.191870060945,2456.9785714285745,2399.5628571428583,92596.273,98668.26212049084,86524.28387950915,-129708.53069823008,92540.96858759118,92823.7951771663,89773.97337839888,57.27519551605663,34.11222300901018,-11007.1585094621,0.1128946140661246,-0.039220764013423
2026-01-24,89474.94,89832.72,89007.01,89082.17,1801.82109589,0.0,55928076.0,132310.0,0.0023657169969515,89138.98199999999,92320.6592857143,89340.2,89138.98199999999,91808.974,89359.69495909594,89830.95008539598,90806.0602771335,42.403329157498405,0.0920542354269963,-20.304405912276707,430.5956628957496,-0.0375702546876253,-0.0230942439961183,-3477.490000000005,-7872.990000000005,-2411.8300000000017,17.822332761514552,20.209814926875648,13.04736843079236,2968.786818442596,2613.9914249888025,2486.3828571428603,2426.644285714287,91808.974,97441.85094025802,86176.09705974198,-131510.35179412007,92530.23300971222,91585.15203588516,89385.97619277742,57.253393462584114,30.25649175477433,-12480.959177920926,0.0949236098535744,-0.2022949165334432
2026-01-25,89082.16,89177.95,86000.13,86561.94,5428.58128865,0.0,55941150.0,132103.0,0.0023614637882846,88789.25,92012.79714285716,88373.01333333332,88789.25,90906.403,87960.81747954797,88741.28005693066,90034.4020449274,35.834671455607136,0.0,-296.6317154640856,285.1501872237826,-0.0198012469624258,-0.0924921236980158,-1748.6600000000035,-9025.709999999992,-7308.119999999995,4.6960376946860665,14.658268607699702,-15.228424131341203,3062.85788736952,2862.037716878851,2665.325714285716,2577.6228571428583,90906.403,96717.7672440995,85095.03875590052,-136938.93308277006,92287.11461865812,90440.39216037236,88967.69597543846,53.9998468340915,28.72616380049054,-15990.091754072137,0.0445262154557169,-0.188986715534441
2026-01-26,86561.94,88787.97,86411.7,88250.01,8219.90069049,0.0,55958009.0,130325.0,0.0023289785024338,88566.51,91802.93428571428,87964.70666666667,88566.51,90181.004,88105.41373977398,88577.52337128711,89709.96712766786,42.283911270317816,0.1896686485478683,-418.325789690236,144.4549918409789,-0.0124625533116295,-0.0897853193166821,-1113.7000000000116,-7253.990000000005,-5472.0,18.80621791801549,13.77486279140537,28.868928171235748,2689.20422859882,2929.290435043461,2762.1885714285745,2575.7250000000017,90181.004,95283.41027343704,85078.59772656296,-128719.03239228006,92007.6227922154,89623.50712393584,88635.00518579084,53.317237303607286,42.314587138940105,-11491.971648663835,0.0394753798322295,-0.1708669628652788
2026-01-27,88250.0,89447.21,87180.01,89116.96,6475.09716863,0.0,55946927.0,131630.0,0.0023527655057801,88497.202,91355.27214285715,87976.30333333334,88497.202,89581.701,88611.186869887,88757.33558085808,89602.14764991005,45.32338242999671,0.2790578484721044,-462.12819085367664,23.138355302047785,-0.0038735350170738,-0.067693786801956,-346.5399999999936,-5993.029999999999,-2162.769999999989,26.05284912680166,16.518368246501073,45.12181088740284,2063.761943519463,2978.3467310543465,2366.008571428575,2357.3228571428594,89581.701,93497.41397393835,85665.98802606163,-122243.93522365006,91875.49868914124,89378.41900876768,88442.86168853921,48.36758503876732,59.6669538304801,-6903.254896353568,0.102038875142997,-0.0760589314235329
2026-01-28,89116.96,90476.81,88706.32,89162.4,6636.13609913,0.0,55974749.0,132158.0,0.0023610288989415,88434.696,90798.64642857142,88843.12333333334,88434.696,89134.588,88886.7934349435,88892.35705390539,89522.19353174459,45.48543005859944,0.3430821231972488,-491.5073483313608,-79.79078542463394,-0.0034929337189757,-0.0664014072708997,-312.52999999999884,-4471.130000000005,-1863.6000000000056,28.29445191561772,24.38450632014496,36.11434310656325,1494.114935759719,3020.091334415847,2141.221428571432,2237.715714285717,89134.588,91969.47176984612,86299.70423015387,-115607.79912452004,91856.33532256407,89208.55962940754,88354.85678343498,39.76793891005576,83.3800296820422,-10120.440363634598,0.0476510215859612,-0.083073094612893
2026-01-29,89162.4,89210.16,83216.21,84513.2,14860.94029344,0.0,55986978.0,132107.0,0.0023596022632262,87520.902,90007.6142857143,87597.52,87520.902,88329.94200000001,86699.99671747175,87432.63803593694,88611.46743506375,34.28820553629261,0.0,-792.7934542640578,-222.39131919251872,-0.0512893882131519,-0.1114161614358282,-4568.970000000001,-8046.460000000006,-6002.25,10.281918587505515,21.543073209974963,-12.24039065743338,1607.0321838560142,3381.302250882868,2731.1142857142863,2515.1242857142884,88329.94200000001,91379.0711845077,85280.81281549232,-130468.73941796004,91345.57703969172,88345.1785098269,87346.59505780555,38.60438414764253,57.21886492467768,-18550.065430491588,0.0053331533351877,-0.1602717458021
2026-01-30,84513.19,84599.0,81000.12,84110.99,15232.81199203,0.0,56014066.0,129139.0,0.0023054744856408,87030.712,89193.82785714287,85928.86333333333,87030.712,87909.981,85405.49335873587,86325.42202395797,87793.1988105067,33.519439570238475,0.0,-1057.344432472979,-389.3819418486109,-0.0283144070015066,-0.1017001067886684,-2450.949999999997,-4199.610000000001,-6274.549999999988,21.307503897292367,19.9612914668052,23.999928758266705,2089.084898271397,3717.979210329893,2858.617142857144,2657.797857142859,87909.981,91873.74090239928,83946.22109760073,-145701.55140999006,90639.97341518122,87269.78817663575,86139.73240285384,35.839509964859815,37.300736267393575,-7448.407897754741,0.0731522205686734,0.0790004853117453
2026-01-31,84110.99,84138.0,75644.15,78648.0,14855.0734429,0.0,56048937.0,128823.0,0.0022984021980648,85110.31,88017.97142857143,82424.06333333334,85110.31,86838.41,82026.74667936793,83766.28134930533,86130.43539041457,25.24143506073177,0.0,-1595.7880200192012,-630.663157482729,-0.1088046335632142,-0.1502993852829623,-9602.009999999997,-10715.710000000006,-12224.009999999997,15.13972435656741,15.576382280455098,14.26640850879203,3519.2613077206765,4592.007223386752,3954.0657142857153,3220.224285714288,86838.41,93515.73884822003,80161.08115177997,-160556.62485289006,89744.74634628194,85706.18698540727,84197.55483043026,30.721736012907968,31.04888176122455,-11796.488078128274,0.0394400639839404,-0.0181801146103683
2026-02-01,78648.0,79337.99,75612.75,76895.53,11545.9871474,0.0,56051019.0,124071.0,0.0022135369207114,82666.024,86822.4,79884.84000000001,82666.024,85581.613,79461.13833968397,81476.03089953688,84451.36168306647,23.2572080480183,0.0,-2129.657061276652,-930.4619382415136,-0.1371392157003561,-0.1292604738276039,-12221.430000000008,-12567.97,-14292.559999999998,7.119732478596894,14.522320244152224,-7.685443052513769,4566.0727054413255,5446.277072037021,4032.268571428574,3348.797142857145,85581.613,94245.12682667302,76918.09917332698,-172102.61200029007,88901.28557336266,84372.63472376527,82483.15563184774,28.917334458308773,29.049805115336127,-15390.79351216659,0.0205802297110106,-0.0662408827762703
2026-02-02,76895.99,79339.0,74502.21,78666.85,21193.37373311,0.0,56066252.0,122345.0,0.0021821505029442,80566.914,85830.05642857144,78070.12666666666,80566.914,84500.805,79063.99416984199,80539.63726635792,83399.6322861453,29.306286645143658,0.2721350629954055,-2442.3437598762685,-1232.8383025684648,-0.1177127354131336,-0.1197002675918446,-10495.549999999988,-10808.079999999987,-16717.37999999999,22.75040997979873,15.003288938321012,38.24465206275416,4814.512209253099,5751.299124229913,4383.77142857143,3572.9800000000023,84500.805,93635.6996423574,75365.9103576426,-150909.23826718007,87164.91488234013,82633.07438628383,80529.49978871318,39.59513179149816,37.849577190213175,-87.74214356271295,0.0396270232399523,0.1027712455388361
2026-02-03,78666.84,79123.75,72859.0,75661.49,16467.12531015,0.0,56063703.0,124020.0,0.0022121264448051,78796.572,84926.54857142856,77074.62333333334,78796.572,83158.737,77362.74208492099,78913.58817757195,81992.69732502797,25.616839161990285,0.1061547393601138,-2860.372438489052,-1558.3451297525824,-0.1047376031199859,-0.1542753189848373,-8851.709999999992,-13420.679999999991,-21293.67,15.324193282921469,15.06477858043903,15.843022687886336,5246.680109652218,6074.99242753829,4954.849999999999,3660.4292857142873,83158.737,93113.6125804818,73203.8614195182,-167376.36357733008,85141.58659132883,81614.12569142025,78605.22193188939,38.79448433044753,27.608892687660628,-1821.9718041042336,-0.0145992643745653,0.0881527104086865
2026-02-04,75661.49,76876.54,71703.72,72998.0,19764.62442772,0.0,56068313.0,121495.0,0.0021669102118339,76573.974,83757.56928571429,75775.44666666667,76573.974,81802.343,75180.3710424605,76941.72545171464,80357.29781138651,22.869024528162853,0.0,-3340.579804946392,-1914.7920647913445,-0.1321229247212523,-0.1841513594925415,-11112.990000000003,-13563.940000000002,-22589.65,6.656692360192125,14.910431874304107,-9.85078666803184,5972.247003606481,6568.902162585668,5440.897142857143,3791.059285714287,81802.343,93133.88496830738,70470.80103169261,-187140.98800505008,83420.87738569238,80254.83450163402,76644.62358108321,37.75141249847928,18.32062328842372,-11696.069167550026,-0.0368640370066333,0.0317485294337324
2026-02-05,72999.0,73173.96,62181.65,62791.0,49371.20579141,0.0,56054703.0,119927.0,0.0021394636592758,73402.574,81852.3907142857,70483.49666666666,73402.574,79256.442,68985.68552123025,72224.81696780976,77163.4254820435,15.851723508769185,0.0,-4324.0714814824605,-2396.647948129568,-0.2016198759027565,-0.295133919616013,-15857.0,-25459.009999999995,-32713.0,2.1037197535262764,8.028201798879957,-9.745244337181084,8000.36278588196,8071.616583856091,6154.948571428572,4443.031428571429,79256.442,94436.06310662218,64076.82089337781,-236512.19379646008,79528.28531096049,75926.53547638559,71868.6812259153,27.20966414313186,14.995373644937828,-55593.56756733887,-0.2291953970511301,-0.2500056805765382
2026-02-06,62788.28,71707.18,60001.0,70527.7,43810.88328386,0.0,56091748.0,110885.0,0.0019768504985795,72129.008,80499.01714285715,68772.23333333334,72129.008,77397.516,69756.69276061511,71659.11131187317,75956.92993985377,32.706962787473444,0.5687860629368623,-4626.289898312534,-2842.576338166161,-0.0828114456067862,-0.1852342958117621,-6367.830000000002,-18589.26000000001,-24582.290000000008,34.54116559986428,14.433859237860894,74.75577832387104,7604.511126744303,8275.077185513353,7313.134285714285,5085.875714285715,77397.516,91826.06139156324,62968.97060843678,-192701.3105126001,77544.00103870544,73797.89123499933,70157.23569001623,36.63101976878946,36.36267636849562,-20611.19377430287,-0.0670013728617232,-0.0641342602574639
2026-02-07,70521.08,71648.05,67293.26,69244.74,11251.84383408,0.0,56096188.0,117487.0,0.002094384737872,70244.58600000001,79082.05785714286,67521.14666666667,70244.58600000001,75405.75,69500.71638030757,70854.32087458213,74736.53176897127,31.577405696092825,0.5306687558939103,-4913.959893553983,-3256.8530492437253,-0.1197723056153894,-0.2153571427357344,-9422.11,-19917.65999999999,-24388.79,30.33140054357868,22.32542863232308,46.34334436608987,6739.941050485349,8495.626204108592,6721.839999999999,5337.952857142857,75405.75,88193.88900888097,62617.61099111903,-203953.1543466801,77077.89095714536,73095.37864325066,68989.59121910576,39.65310932069037,43.93014667352912,-21778.625636586057,-0.0607273725299033,-0.0533912465699335
2026-02-08,69250.0,72232.17,68840.83,70279.33,8090.44858999,0.0,56098717.0,116591.0,0.0020783184756257,69168.15400000001,77919.01428571428,70017.25666666667,69168.15400000001,73982.363,69890.02319015379,70662.65724972142,73926.13144734013,33.56979145549276,0.5979025241722612,-5047.22698729152,-3614.927836853284,-0.0711347344600271,-0.2113809761912884,-5382.160000000004,-14233.869999999995,-22280.33,33.726191362920304,32.866252502121085,35.44606908451874,6072.849223958183,8536.064565428727,6674.139999999999,5353.204285714287,73982.363,85504.7842606963,62459.94173930369,-195862.7057566901,76628.72183080878,72112.70301631278,68221.07041940778,42.54008950220668,49.90123408132752,-23005.64543636297,-0.0597886954677385,-0.0210582705381128
2026-02-09,70279.32,71380.13,68233.01,70101.99,15546.49393947,0.0,56136978.0,117414.0,0.0020915625347698,68588.952,76622.72714285714,69875.35333333333,68588.952,72581.463,69996.0065950769,70475.76816648096,73230.8330023692,33.39031087488708,0.5918458879460813,-5126.335318154961,-3917.20933311362,-0.0396724567796377,-0.213771836558908,-2896.0099999999948,-14009.0,-18208.61,33.14428722321082,32.40062637656993,34.63160891649258,4997.315733764403,8702.251017553586,6432.758571428572,5408.265000000001,72581.463,82063.20294341468,63099.72305658533,-211409.1996961601,75790.93136619517,71151.05128886056,67555.34539129428,37.870903406710525,37.88483782935332,-20086.948189611467,-0.0197348215375432,-0.0596447176835474
2026-02-10,70101.98,70489.99,67857.0,68803.65,11566.41314985,0.0,56106192.0,117229.0,0.0020894128762115,69791.482,75171.77642857144,69728.32333333333,69791.482,71597.028,69399.82829753845,69918.39544432065,72425.89063830207,32.03971958242508,0.5462697029288299,-5228.276529965326,-4179.422772483961,0.0957565574684269,-0.1858827970068581,6012.649999999994,-9844.350000000006,-20560.06000000001,28.884055911885508,31.918178166005543,22.81581140364544,4625.249039357677,8782.463944530533,5913.935714285716,5434.392857142857,71597.028,80372.82102592563,62821.23497407438,-222975.6128460101,74969.27576238792,70441.69571657621,68570.8626702624,34.405210602844946,39.450483194098425,-23336.3187313958,-0.0443026874882269,-0.0553181496868419
2026-02-11,68803.65,69248.0,65702.95,67024.93,15121.43118138,0.0,56132957.0,116193.0,0.0020699604334045,69090.928,73590.52857142857,68643.52333333333,69090.928,70609.968,68212.37914876922,68953.90696288043,71443.89779497441,30.23536246657908,0.7801726455370862,-5377.140695036171,-4418.966356994403,-0.0496651670194832,-0.2031370692462425,-3502.770000000004,-9870.600000000006,-22438.570000000007,24.04701128002309,28.69178480503981,14.757464229989658,4417.433145143489,8837.764035864899,5681.397142857146,5561.147142857145,70609.968,78991.45809010474,62228.47790989524,-238097.0440273901,74255.0803076315,69847.38294174342,69089.52954524169,30.599382915192848,41.115197096253546,-27179.923313342417,-0.0588017627045235,-0.0555609212327469
2026-02-12,67032.71,68382.9,65065.47,66208.0,13823.46090185,0.0,56135293.0,115081.0,0.0020500650099038,68483.58,72283.01428571428,67345.52666666666,68483.58,69364.08300000001,67210.18957438461,68038.60464192029,70491.91637770634,29.415993977269608,0.7655614883793651,-5505.040268097917,-4636.181139215107,-0.0438551722484625,-0.1581731258264672,-3036.740000000005,-12458.850000000006,-23266.93,25.23375884218229,26.054942011363625,23.591392503819627,3567.8365792352,8792.289192208496,4584.985714285715,5369.967142857144,69364.08300000001,76133.57694578824,62594.589054211785,-251920.5049292401,73546.56976750183,68832.83473779386,68489.09569234498,31.16515503414027,52.957213560879765,-31481.72510908275,-0.0658211474673027,-0.1532805063733302
2026-02-13,66207.99,69434.2,65799.71,68812.0,12104.28673482,0.0,56156802.0,112513.0,0.0020035507007681,68190.114,71190.22928571429,67348.31,68190.114,68679.134,68011.0947871923,68296.40309461353,70186.47703630518,35.42331251400461,1.0,-5407.836771304923,-4790.512265633071,-0.0208785428091019,-0.1051235357894014,-1467.3300000000015,-6849.490000000005,-20270.17,36.50412230186021,28.594964141355195,52.32243862287026,2799.2266807973056,8480.82795995184,3431.887142857144,5372.510714285714,68679.134,73990.29319905957,63367.97480094044,-239816.2181944201,73249.8675157461,68204.42478316241,68172.11892510936,36.32623321914546,36.24943376008557,-23521.781710689585,-0.034355900886852,-0.1082548850594893
2026-02-14,68812.0,70531.53,68697.63,69786.96,5586.9814678,0.0,56177249.0,116229.0,0.0020689692369948,68127.108,70557.29785714285,68268.98666666668,68127.108,68358.03,68899.02739359616,68793.25539640902,70113.83757515877,37.56584348269219,1.0,-5225.690064080787,-4877.547825322614,-0.0044938809868307,-0.1128796945600338,-315.02999999999884,-3211.0399999999936,-16774.979999999996,50.60481952632127,37.44756689012126,76.91932479872129,2405.1940837960365,8197.63122360188,3071.759999999999,4896.799999999998,68358.03,72921.56491173441,63794.49508826558,-234229.2367266201,72951.37689228577,67648.41791149715,67853.2177757995,40.11845631836284,31.796559733728017,-22471.46940857999,-0.0201582687101049,-0.0578472149742028
2026-02-15,69786.96,70941.65,68020.0,68792.0,5965.51322769,0.0,56187593.0,116894.0,0.0020804236978081,68124.778,69978.47428571428,69130.32,68124.778,68958.13,68845.51369679808,68792.83693093935,69873.50347058444,36.24426150945468,0.9391372077328196,-5094.630541118429,-4920.9643684817775,-0.0001693224124009,-0.0907924229353664,-11.64999999999418,6001.0,-19458.009999999995,45.45971662012618,44.18955281610256,48.00004422817342,1400.7908110360786,7691.377012654129,3004.661428571427,4839.400714285714,68958.13,71615.94369298512,66300.31630701489,-240194.7499543101,72499.52227348331,68268.10375645745,67748.5601876756,41.22543482754793,22.251869421259784,-25284.396794860724,-0.0431998604818911,0.2121484340143519
2026-02-16,68792.0,70089.99,67251.81,68858.13,6626.85996745,0.0,56214504.0,116154.0,0.0020662638951684,68491.418,69277.85142857143,69145.69666666667,68491.418,68791.173,68851.82184839903,68814.6012872929,69688.89011229636,36.40440363569444,0.9465122303647326,-4942.266451426534,-4925.224785070729,0.0273510170021813,-0.0567121017014163,1833.200000000012,-1669.5699999999924,-20258.83,46.31723993672461,47.46059202772401,44.03053575472579,1287.8767057602024,6904.348904637905,2960.527142857141,4696.642857142857,68791.173,71234.74724140603,66347.59875859396,-233567.8899868601,72095.38642266518,68652.18624171999,68041.62409449807,34.09786548685841,25.16758330097524,-24410.071000368705,-0.0548078150076965,-0.0359457138618282
2026-02-17,68859.55,69199.51,66569.58,67466.7,9122.62622708,0.0,56184140.0,116266.0,0.0020693740261931,68743.15800000001,68692.50928571429,68372.27666666666,68743.15800000001,68613.36899999999,68159.26092419951,68365.30085819527,69284.85554642428,34.44399182315723,0.8562294183101107,-4861.851156626901,-4912.550059381963,0.0190112977283711,0.0744644933191061,1258.699999999997,-1778.040000000008,-21695.7,44.239769512560784,45.33890868980385,42.04149115807466,1339.9834477931872,5874.491903158942,2960.0899999999965,4437.012857142856,68613.36899999999,71155.80883317108,66070.92916682891,-242690.5162139401,71614.37305309584,68491.54156872748,68495.52313545882,35.48290642887528,26.14802399014349,-27308.88865395969,-0.0533954662577728,-0.0534043638433905
2026-02-18,67466.7,68438.84,65812.57,66419.79,9687.16921753,0.0,56196886.0,115446.0,0.0020543131162107,68264.716,68222.63714285714,67581.54,68264.716,68227.41500000001,67289.52546209976,67716.79723879685,68763.9345379835,33.00389638868302,0.7899087276165132,-4820.140039056001,-4894.068055316771,-0.0347644306225659,-0.0582453419011254,-2392.2100000000064,-3859.540000000008,-18093.410000000003,48.72701351860167,46.42800765596235,53.32502524388031,1362.4633996224468,5202.324229175208,2828.835714285709,4255.116428571428,68227.41500000001,70812.50754285388,65642.32245714613,-252377.6854314701,70811.51519369322,68193.28905794754,68232.3005088457,37.437744554225866,28.4157779142231,-32516.516246090578,-0.0440951200700376,-0.0904494437742805
2026-02-19,66419.78,67288.22,65604.63,66972.5,8505.29632895,0.0,56201879.0,112744.0,0.0020060539257059,67701.824,68521.31571428572,66952.99666666666,67701.824,67914.466,67131.01273104988,67468.6981591979,68438.21916744104,34.55949342139634,0.6311158802017701,-4713.695333632611,-4857.99351097994,-0.0403293108053425,-0.0328146224536334,-2814.4600000000064,-3129.490000000005,-17138.490000000005,56.99781787024464,49.98820030046903,71.01705300979586,1237.7474207601738,4276.317611505193,2595.429999999996,3590.207857142855,67914.466,70262.92661056056,65566.00538943944,-243872.3891025201,70086.0303018046,67785.80884502735,67687.49708188816,45.81445478570019,30.98120916627839,-27201.179654340383,-0.0637171596718448,-0.0725127783092363
2026-02-20,66972.49,68294.86,66427.23,67984.42,11349.70677085,0.0,56234560.0,115085.0,0.0020465173018158,67540.30799999999,68339.65285714285,67125.56999999999,67540.30799999999,67832.54299999999,67557.71636552495,67640.60543946527,68355.71022790631,37.42424646385936,0.9826258118338724,-4527.3466809381935,-4791.864144971591,-0.0117394464472613,-0.0326541246195717,-807.5800000000017,-819.2299999999959,-10663.580000000002,40.72934544490489,48.81805894458373,24.5519184455472,1198.8559219965605,3813.607177327552,2343.021428571425,2887.4542857142847,67832.54299999999,70107.21217993417,65557.87382006581,-232522.6823316701,69537.68512738183,67611.25972152152,67451.79913802352,33.79243915506626,29.97223736689976,-19624.600290891947,-0.0255401892227065,0.0379159475288958
2026-02-21,67984.42,68683.27,67516.93,67955.78,3287.0646747,0.1597666666666666,56252587.0,115817.0,0.0020588741989768,67359.83799999999,68247.58428571429,67637.56666666667,67359.83799999999,67925.628,67756.74818276247,67745.66362631018,68282.99564101425,37.37437799571125,0.9765068683963372,-4340.03268957189,-4701.497853891651,-0.0131044801826597,-0.03061553602116,-902.3500000000058,930.8500000000058,-8939.75,40.32971939665395,46.01896090393449,28.95123638209286,1164.8366658752434,3432.5335635108777,2247.6557142857137,2659.7078571428565,67925.628,70135.75017974537,65715.50582025462,-235809.7470063701,69221.4985794836,67678.34094787276,67296.39445771957,29.82521095113877,26.83173451721558,-20438.06664521864,-0.0169233690966143,0.0783399687352417
2026-02-22,67955.78,68241.4,67132.81,67617.98,3263.5334723,0.0588942307692307,56243978.0,115841.0,0.0020596160534733,67390.09400000001,68057.48785714286,67852.72666666667,67390.09400000001,68066.626,67687.36409138123,67703.10241754013,68162.08370628438,36.7523225906154,0.900179642392721,-4172.138312045674,-4595.625945522455,0.002242291382267,-0.0172326613486347,151.27999999999884,1409.979999999996,-11048.87000000001,40.42197046238425,40.4936784346477,40.27855451785736,1008.6953680090644,2637.1764321206538,1988.6471428571424,2496.654285714285,68066.626,69980.49089690224,66152.76110309777,-239073.2804786701,68577.25776140923,67883.92806635068,67216.18550568674,24.61948248564309,28.306111795779746,-20845.055254664403,-0.0740504915711058,0.1408848393784255
2026-02-23,67616.01,67656.42,63855.0,64625.78,15198.01176266,0.018500625,56258562.0,115516.0,0.0020533052373432,67031.29199999999,67666.33,66733.18,67031.29199999999,67648.004,66156.57204569061,66677.32827836009,67519.11939605085,31.71664424173796,0.2822935887267103,-4182.04220211861,-4512.909196841687,-0.027010172721112,-0.0357948900506124,-1794.0099999999948,-4186.220000000001,-11035.710000000006,10.876507235435636,30.54273236482461,-28.45594302334232,1441.0101439995194,2230.479858626188,2126.252857142856,2543.3899999999985,67648.004,70382.12851186743,64913.87948813258,-254271.2922413301,67972.03178001565,67379.31268772342,66620.9339731577,24.878442267584543,24.5334323686791,-29879.936657394133,-0.1005503771375743,-0.0809000052236163
2026-02-24,64625.78,64988.32,62534.61,64068.33,12517.40763597,0.0634323170731707,56216762.0,111584.0,0.001984888421713,66450.458,67328.09285714287,65437.363333333335,66450.458,67076.14099999999,65112.45102284531,65807.6621855734,66891.70314222343,30.868083675664053,0.1781738052252724,-4190.13960244348,-4448.355277962046,-0.0433636193960207,-0.0323173936684388,-2904.1699999999983,-5718.630000000005,-8929.669999999998,18.243281820950088,23.18058650625666,8.368672450336945,1621.2907198564724,2101.8547780587537,2101.0785714285707,2530.584285714284,67076.14099999999,70152.32385442425,63999.95814557573,-266788.6998773001,67354.70621571345,66714.98860221365,65864.1778639009,24.87634850806936,23.4786437044869,-26749.04156855971,-0.0553832177724197,-0.0500165182768852
2026-02-25,64068.33,70020.0,63912.25,67992.68,17322.54859823,0.1329655462184874,56254237.0,111290.0,0.0019783398715371,66452.11,67397.21785714287,65562.26333333332,66452.11,66996.209,66552.56551142265,66536.00145704893,67091.88075272826,42.525834899415166,1.0,-3925.616388980008,-4343.807500165638,0.0001214984256685,-0.011906644189967,8.259999999994761,-799.320000000007,5201.679999999993,64.92261247716196,31.34746717784923,132.07290307578742,1545.2160139905034,1753.1150754393225,2598.432857142858,2713.634285714284,66996.209,69928.05024870596,64064.36775129404,-249466.1512790701,67620.26427204299,66664.9054883826,65974.06018817979,37.41679869358087,45.52490699147626,-20926.095679728023,0.1445996406220142,0.0449864885287028
2026-02-26,67992.68,68866.86,66500.92,67490.51,10678.27331982,0.0665444444444444,56260172.0,116005.0,0.002061938239364,66359.05600000001,67488.82571428572,66517.17333333332,66359.05600000001,66859.447,67021.53775571132,66854.17097136595,67164.35879768676,41.56005097356356,0.9171552122433396,-3707.806328048391,-4216.607265742188,-0.0068466582239216,-0.032906577389243,-465.2700000000041,-1367.62000000001,-3037.1900000000023,58.94940430876977,47.37176620229394,82.10468052172143,1417.344072981967,1649.0067563875637,2695.9114285714304,2645.6707142857126,66859.447,69548.66829925776,64170.22570074224,-260144.42459889007,67664.39015445372,66630.08634248971,66156.14647052655,46.45716589714223,58.83732275198085,-22671.67206339527,-0.0099725314679891,0.0172235284325228
2026-02-27,67490.5,68223.07,64942.87,65859.94,10276.79604611,0.1472828125,56267714.0,115659.0,0.0020555126870801,66007.448,67277.96428571429,67114.37666666666,66007.448,66698.771,66440.73887785566,66522.7606475773,66927.19174356188,38.50239750276422,0.6548701958527189,-3598.239775527356,-4092.9337676992222,-0.0259995935992171,-0.0426221072217699,-1758.0399999999936,-1606.7599999999948,-3384.800000000003,39.55411179202198,54.47537619265123,9.71158299076346,1431.8545960565225,1669.2307798192678,2897.7071428571444,2620.364285714285,66698.771,69415.52408103137,63982.01791896862,-270421.2206450001,67503.59078237141,66501.42635731306,66110.5118167728,37.71433337516889,43.92653112357421,-27202.14694006068,-0.0263738221118113,0.0010456077702767
2026-02-28,65859.93,67761.55,63019.6,66967.85,9093.24916408,0.1082274999999999,56293301.0,112497.0,0.0019984083008384,66475.862,67076.59928571428,66772.76666666668,66475.862,66753.577,66704.29443892784,66671.12376505154,66934.58415382335,41.64397386850865,0.9243541044940264,-3412.5255024917715,-3956.852114657732,0.0362404910238609,-0.0274518056183052,2342.070000000007,548.0600000000122,-3311.479999999996,52.73247183313043,50.41199597797407,57.37342354344317,1430.477946226124,1555.7052095416357,3408.508571428572,2828.082142857143,66753.577,69467.71807162865,64039.43592837136,-261327.9714809201,67318.35653575385,66411.87781950926,66266.64920259082,32.43528694075529,36.42661834308248,-21152.92475287004,0.0089657988590435,0.1119655151016768
2026-03-01,66971.54,68200.0,65008.38,65769.0,8511.88788603,-0.0069384615384615,56304427.0,115261.0,0.0020471036851152,66815.996,66860.67071428572,66198.93000000001,66815.996,66633.227,66236.64721946392,66370.4158433677,66722.6597622191,39.30420224011255,0.7236488755447992,-3305.5001055917382,-3826.5817128445337,0.0265446282117858,-0.0251635251168353,1700.6699999999985,-1203.5,-4332.990000000005,42.80909762315062,45.031893749434346,38.36350537058317,1460.3282643050404,1472.3604880720518,3706.084285714288,2847.365714285715,66633.227,69404.00506803457,63862.448931965424,-269839.8593669501,67074.56685246364,66387.06907254267,66813.89236024246,38.145687947792354,44.37603445420703,-25607.7430855872,-0.0276581127830475,0.0156991176543709
2026-03-02,65771.56,70128.74,65250.12,68832.01,17772.46881037,0.0611374358974358,56312775.0,112339.0,0.0019949114565922,66983.862,66858.80500000001,67189.62,66983.862,66717.986,67534.32860973195,67190.9472289118,67106.17798727017,47.43099706835216,1.0,-3005.9746790518693,-3662.460306086001,0.0123444170754851,0.0363177902248712,839.3300000000017,847.5899999999965,28.360000000000586,82.9245746385694,59.48871469828348,129.7962945191412,1568.088398613055,1473.924179645323,3859.970000000002,2993.111428571429,66717.986,69693.22454726197,63742.74745273804,-252067.39055658013,67049.52156646962,66539.97943161626,67058.23925515148,47.57300378103989,63.77136712222416,-17283.066265768328,0.0294111945804262,0.0216966928418658
2026-03-03,68832.0,69255.36,66138.2,68335.99,12823.7275946,0.1189572916666666,56319965.0,116502.0,0.0020685737286946,67152.958,66920.89714285715,67645.66666666667,67152.958,66756.00700000001,67935.15930486599,67572.62815260787,67329.78017140288,46.348731161401474,0.934657274279508,-2766.5581026579166,-3483.279865400384,0.012527390887993,0.0203589533017283,845.4800000000105,380.2100000000064,1311.0600000000122,76.39295087126506,67.37554104432836,94.42777052513848,1605.5963940734089,1491.257409524975,3954.748571428576,3027.9135714285726,66756.00700000001,69802.41196493516,63709.60203506486,-264891.1181511801,67083.24139365411,66647.22431735595,67142.51479700897,46.37416374939617,62.98772596359427,-12023.756563510928,0.07447130433985,0.0716368143341027
2026-03-04,68335.99,74100.0,67391.17,72683.26,21142.77079177,0.0889616279069767,56321132.0,116234.0,0.0020637724398011,68517.622,67368.28785714286,69950.42,68517.622,67262.535,70309.209652433,69276.17210173859,68303.14014023871,55.855815223493856,1.0,-2285.333380023716,-3243.6905683250507,0.10360349553916981,0.06911642402774043,6823.319999999992,5065.279999999999,6475.259999999995,87.7501753075339,82.35590027245611,98.53872537768947,2472.6297865362058,1883.65673683033,4040.617142857146,3319.525000000002,67262.535,71954.02016149822,62571.04983850179,-243748.3473594101,67550.0963745025,67363.86537155346,68556.65037999465,56.56180317468784,65.052137068283,189.34718004579736,0.15021649668653766,0.15542224539794722
2026-03-05,72683.26,73588.24,70639.01,70887.6,10891.71826063,-0.0247046511627907,56315316.0,119482.0,0.002121660828468,69301.572,67647.93785714285,70635.61666666665,69301.572,67888.717,70598.4048262165,69813.3147344924,68773.04193292258,51.774715253387456,0.8366758518157345,-1981.6060193189041,-2991.2736585238213,0.05853181787977357,0.04314305567532317,3919.75,6261.820000000007,2075.600000000006,72.22402357378355,78.7890499175275,59.093970886295665,2523.0638980844956,2003.5622061234549,4123.94428571429,3409.92785714286,67888.717,72675.89416005397,63101.53983994603,-254640.0656200401,67739.11371110346,67954.92362921176,69376.123875242,62.50054965459097,65.38342232124559,-8866.249623519054,0.06991355602335539,0.16037205999473836
2026-03-06,70887.61,71428.4,67725.14,68108.24,11045.21439575,0.1779397959183673,56327475.0,117851.0,0.002092247167124,69769.42000000001,67656.78214285713,70559.7,69769.42000000001,68292.70800000001,69353.32241310825,69244.95648966159,68652.16885420939,46.15363105712134,0.611722090586684,-1885.116236005546,-2770.0421740201664,0.035567516611169525,0.007250438418894056,2339.2400000000052,4039.9100000000035,-1678.7200000000012,48.192322092034985,69.38884032445081,5.799285627203318,2137.3246293570637,1948.9651485301715,4184.381428571432,3541.044285714288,68292.70800000001,72347.99635676612,64237.41964323391,-265685.28001579014,67758.13596497675,68446.72978720532,69685.22777760662,55.616437878483154,64.53939831927815,-17626.222564436343,0.022527456295691056,0.0704145856829175
2026-03-07,68108.23,68544.79,66921.33,67259.62,3245.05107908,0.1773866666666666,56348901.0,116123.0,0.0020607855333327,69454.94200000001,67607.05642857144,68751.82,69454.94200000001,68219.402,68306.47120655412,68583.1776597744,68398.97815344404,44.56278611930753,0.5480570502140227,-1842.2599517933559,-2584.4857295748043,-0.02284387743435068,0.04075525277992775,-1572.3899999999994,-733.0599999999977,-1532.3800000000047,40.85473987474694,53.757028513521824,15.050162597197172,2161.196311200161,1933.1888546255366,3738.882857142858,3573.695714285715,68219.402,72319.98368848795,64118.820311512056,-268930.3310948701,67713.39865115292,68593.00754572662,70054.71206559382,53.62346039049169,68.68473816585036,-19518.892519815163,0.02714949498180445,0.012185565093267629
2026-03-08,67259.62,68201.16,65618.51,65970.56,5505.17926548,-0.1196125,56374654.0,115535.0,0.002049413908598,68981.856,67489.38357142857,67112.80666666666,68981.856,68067.40699999999,67138.51560327706,67712.30510651627,67957.44758009058,42.18421313614755,0.4528674177094842,-1870.2904130890674,-2441.646666277657,-0.034614703028375104,0.029690644347995176,-2365.4300000000076,-1519.949999999997,-2887.570000000007,29.708898705534335,39.58532022410542,9.956055668392153,2268.9181820848335,1942.6991837463315,3651.8871428571447,3678.985714285716,68067.40699999999,72372.37656797402,63762.43743202596,-274435.51036035013,67652.30124706258,68587.62566156103,70218.10006306872,52.92828911319035,61.1916091142813,-23523.211536781237,0.004198355981954418,-0.007719648482243473
2026-03-09,65970.56,69543.0,65820.93,68432.17,13303.95615379,0.1014266666666666,56390387.0,112706.0,0.0019986739938493,68131.638,67761.26857142858,67220.78333333333,68131.638,68324.63,67785.34280163853,67952.26007101085,68043.76074734684,47.902807175860346,0.6817234876879317,-1729.2640131570079,-2299.1701356535273,-0.05848788290453666,0.006463784042635146,-4251.0899999999965,2572.229999999996,965.4700000000012,50.99317878601585,40.51893912209904,71.94165811384946,2132.5626791816803,1954.7427872729868,3486.665714285717,3673.3178571428593,68324.63,72370.88319157103,64278.37680842897,-261131.55420656013,67665.64017236541,68714.29657613844,68962.79751154459,61.45507933015106,58.99807422556584,-18160.23103058225,0.042468730054796004,0.07978028046444355
2026-03-10,68432.16,71800.0,68383.5,69960.83,13322.43399947,0.0430017699115044,56407154.0,116278.0,0.0020614051898452,67946.284,68182.16142857142,68121.18666666666,67946.284,68623.92799999999,68873.08640081927,68621.7833806739,68392.31879328378,51.13513825803429,0.7279684589266556,-1507.422129235565,-2140.8205343699346,-0.013073795699106827,0.03660247937080352,-926.7700000000041,2992.979999999996,3541.040000000008,62.64421862026644,47.78209870393888,92.36845845292159,2131.0122208656194,2010.2158365027071,3529.4285714285734,3742.0885714285737,68623.92799999999,72667.23940375348,64580.616596246495,-247809.12020709013,67844.81867799674,69081.85865443909,68630.89015865732,68.9920669979267,75.36699750419208,-19181.26018861567,0.06087593144014081,0.01677093087799291
2026-03-11,69960.83,71358.48,68980.74,70208.0,9851.72870494,-0.2035520833333333,56397330.0,117178.0,0.0020777224737412,68366.236,68340.39857142857,69533.66666666667,68366.236,69067.828,69540.54320040964,69150.5222537826,68722.44264905035,51.65741528352476,0.7580649525335942,-1298.7273844995798,-1972.4019043958638,0.030829749821754238,0.06601979898554422,2099.7599999999948,4439.0,3235.5,64.874914263023,59.50410388976843,75.61653500953213,1922.3572302227874,2078.56926738713,2910.701428571429,3475.6592857142873,69067.828,72715.244394398,65420.411605601985,-237957.39150215013,67996.50264742927,69370.33967791314,68857.39448962094,67.6316749475257,71.04152650119293,-18863.13636937333,0.03783094404503232,0.05672300838504256
2026-03-12,70208.03,70819.84,69180.01,70531.56,9708.42046678,0.1587526501766784,56413593.0,117429.0,0.002081572786899,69020.624,68557.61642857143,70233.46333333333,69020.624,69237.78300000001,70036.05160020481,69610.86816918841,69051.37307649574,52.37501596642376,0.7994170766193172,-1097.856868570525,-1797.4928972307962,0.04864642411003817,0.05321523686365914,3271.9400000000023,1699.550000000003,2547.1399999999994,67.79502545034474,65.10471944454473,73.17563746194477,1973.6365224224699,2163.50307728144,2723.644285714285,3423.7942857142875,69237.78300000001,72982.4950104894,65493.07098951062,-228248.97103537014,68115.46508968006,69649.46057946312,69185.74973881272,61.1864895282104,55.46306364755591,-12568.171507336898,0.03225627293539222,0.04253776813946745
2026-03-13,70530.02,73968.0,70398.01,70944.33,12304.21633821,0.1214867391304347,56450314.0,117613.0,0.0020834782247623,70015.378,68920.78714285714,70561.29666666668,70015.378,69498.617,70490.1908001024,70055.35544612561,69395.54706258741,53.32684321651627,0.8472069151497916,-899.6150198981923,-1617.9173217642756,0.07539378171111477,0.0786895041736988,4973.770000000004,2608.3399999999965,2988.550000000003,71.52025197646297,68.06339722994358,78.43396146950175,2013.1759981724624,2262.8219978269776,2704.605714285715,3444.4935714285734,69498.617,73318.34989100478,65678.88410899522,-215944.75469716013,68313.79899654603,70088.19299395649,69973.07950781751,68.10939857983493,72.91504309997008,-21106.52885440633,-0.0029347016249160417,-0.08233063386107811
2026-03-14,70944.32,71316.0,70236.02,71232.02,3174.08339322,0.2051209580838323,56466113.0,117877.0,0.0020875706461324,70575.348,69225.37071428572,70902.63666666667,70575.348,69353.49299999999,70861.1054000512,70447.57696408374,69729.45123302606,54.0166464977789,0.8888828099375222,-712.688909735778,-1436.871639358576,0.04091423668137373,0.03486764370239959,2799.850000000006,-1451.2399999999907,3614.040000000008,68.4546868434889,69.25665475676554,66.85075101693562,1799.0128023063403,2362.1314294075455,2626.9657142857154,3182.9242857142867,69353.49299999999,72766.87979705413,65940.10620294584,-212770.67130394012,68359.55510168997,69818.68754067128,70597.24157018459,70.51362124616345,72.82404512191984,-18426.08334959649,0.010624010728442188,-0.20157040578375582
2026-03-15,71232.01,73220.8,70868.41,72830.01,5785.61944649,0.1042942355889724,56500479.0,118018.0,0.0020887964507345,71149.184,69729.72857142857,71668.78666666667,71149.184,69547.734,71845.55770002559,71241.72130938916,70293.1891906577,57.75173528635819,1.0,-457.2807315807877,-1240.9534578030184,0.04101123442932275,0.06576358958141948,2869.179999999993,1942.409999999989,8204.229999999996,85.64963592726674,75.2081915824062,106.53252461698784,2067.833382197934,2401.071734441217,2594.0714285714284,3122.9792857142866,69547.734,73471.17198568497,65624.29601431503,-206985.05185745013,68671.69315138628,69748.17829162722,71018.66816032576,70.10128448795898,80.86162811662149,-14562.73208439775,0.07017332115401599,-0.0652922630074557
2026-03-16,72830.01,74913.69,72276.24,74886.47,12657.43153702,0.1837844210526316,56510245.0,119573.0,0.0021159526029306,72084.878,70162.18999999999,72982.83333333333,72084.878,70225.557,73366.0138500128,72456.63753959278,71128.33115599265,62.026496408533774,1.0,-120.14637017503264,-1016.7920402774213,0.06663727780309947,0.030312481856207496,4678.470000000001,6778.229999999996,10818.14,99.70716005499624,84.60382760858396,129.9138249478208,2588.8421473950384,2514.2945898098874,2439.125714285713,2962.895714285715,70225.557,75137.5396130458,65313.574386954206,-194327.62032043014,69257.49048393371,70439.61165454787,72079.80064733129,69.30032872480773,80.99487965699741,-2166.5644852250643,0.112548484680204,0.17398137629199123
2026-03-17,74886.46,76022.6,73400.01,73934.11,11357.85437394,0.1242529147982062,56480867.0,120820.0,0.0021391314690689,72765.388,70562.05571428571,73883.53,72765.388,70893.006,73650.06192500639,72949.12835972852,71638.47276399398,59.04684645543671,0.8498333124170374,99.1809205738391,-793.5974481071693,0.04824152478691812,0.04297662778821687,3402.550000000003,6674.490000000005,5941.430000000008,79.92625976899467,88.4276852504192,62.9234088061456,2599.58617148943,2700.8609891458,2325.71,2927.5692857142867,70893.006,75825.3739654702,65960.6380345298,-205685.47469437015,69694.13474612946,71005.44991840346,73082.85895016046,77.7969698923139,80.6393100749268,-8898.28208512002,0.05661424231022987,0.10952365958495963
2026-03-18,73934.11,74700.0,70474.83,71245.02,9248.1145105,0.192914657980456,56448306.0,120453.0,0.0021338638576682,72825.526,70459.32428571429,73355.20000000001,72825.526,71420.452,72447.5409625032,72381.09223981902,71566.93589781325,51.52091228584807,0.4705456031208899,115.2645019483316,-611.8250580960691,0.004238393681355479,0.0460558076379598,300.6900000000023,5274.460000000006,3754.5100000000093,54.07978977498276,77.90440319965789,6.430562925632472,1941.708319184495,2680.1270795118126,2589.6285714285727,2750.165000000001,71420.452,75104.58450419214,67736.31949580787,-214933.58920487014,69906.30911837363,71350.61300834722,73258.88050112149,68.62815948844249,66.21438905553194,-14774.790097021374,0.037422092848752204,0.08686412707441052
2026-03-19,71245.01,71628.0,68772.78,69918.3,7794.02546506,0.1974496551724137,56459454.0,118107.0,0.0020918905804508,72562.782,70390.08857142857,71699.14333333333,72562.782,71569.065,71182.92048125161,71560.16149321268,71267.18391639265,48.25316731845947,0.3058596684161777,47.25497781576996,-480.00905091370134,-0.018442829502799407,0.039528620589887487,-1313.7200000000012,1486.1300000000047,4058.3600000000006,41.32788163116624,58.44464372504789,7.094357443402956,1733.2645452056556,2519.399034701036,2763.2557142857154,2743.4500000000003,71569.065,74857.70325027945,68280.42674972056,-222727.61466993013,70089.43679628229,71726.46823969884,72892.28481602657,61.800991030905635,68.18936170642658,-16314.858213270732,0.052207408735076594,0.019383368433539952
2026-03-20,69917.19,71384.62,69360.0,70497.01,7315.89355875,0.1942044198895028,56483619.0,117325.0,0.0020771508992722,72096.182,70560.715,70553.44333333334,72096.182,71622.683,70839.96524062581,71205.77766214179,71127.15229523035,49.75031401497336,0.38131200804673915,26.20742396679998,-378.7657559376011,-0.03203349827907476,0.06861318139485251,-2333.0,536.179999999993,3529.159999999989,46.890213368011956,47.432628258053654,45.80538358792856,1685.6250756705072,2421.4563101910567,2542.488571428571,2623.547142857143,71622.683,74820.9317121275,68424.43428787251,-215411.72111118014,70284.44688957732,71869.48853386678,72587.52792998478,69.3673562834611,65.37230131484763,-15413.660036056139,0.02775785869034034,0.0422389068301227
2026-03-21,70497.01,71075.92,68562.13,68912.02,2856.70812643,0.0891875518672199,56491083.0,117665.0,0.0020828951004532,70901.292,70678.74357142857,69775.77666666666,70901.292,71493.085,69875.9926203129,70441.19177476119,70724.40096882483,45.83864103306746,0.184173758974888,-87.09869812703982,-320.43234437548887,-0.07978009912872108,0.0070120529569646095,-5974.449999999997,-1295.979999999996,3143.020000000004,31.65591608684667,39.958003695341624,15.051740869856758,1848.434669737932,2217.3819320645202,2747.318571428571,2687.1421428571434,71493.085,75000.24319743579,67985.92680256422,-218268.42923761014,70441.09194924137,71989.91589505297,71888.24653447627,69.53026127525456,65.79261422725861,-17475.127823112845,0.040439322252150744,0.016885262471900683
2026-03-22,68912.02,69577.0,67332.05,67844.94,4889.89870785,0.1335169540229885,56519257.0,117183.0,0.0020733287417419,69683.458,70812.62785714286,69084.65666666666,69683.458,71224.423,68860.46631015645,69575.77451650746,70200.86261085668,43.36648394821921,0.0,-243.68396179153933,-305.082667858699,-0.08235941434880323,-0.030243923635554393,-6089.169999999998,-2686.6199999999953,-987.0699999999924,19.839986982523516,32.795372145794055,-6.070783344017556,2170.843038175675,2261.8564571170823,2731.969999999999,2663.020714285714,71224.423,75343.30806601299,67105.537933987,-223158.32794546013,70608.05940218846,71981.10160867636,70427.22353838825,69.79068598271651,56.82344892646542,-20130.696012894125,-0.015128937057051215,-0.09772743213845039
2026-03-23,67844.94,71811.0,67425.0,70874.23,10354.71705596,0.1336777522935779,56522111.0,116095.0,0.0020539749479632,69609.3,70987.06071428572,69210.39666666667,69609.3,71217.413,69867.34815507822,70008.59301100497,70323.29304524638,51.382609782782055,0.42958845025485637,-186.66819808310538,-281.3997739035803,-0.005204433937979203,0.009489374430264208,-370.79000000000815,-70.10000000000582,2538.2399999999907,40.75898533464501,30.751629468005063,60.7736970679249,2171.960893733334,2220.762362697744,2981.762857142857,2710.444285714285,71217.413,75338.41904780736,67096.40695219264,-212803.61088950012,70762.48475074966,71748.6181936122,69828.54668269504,69.1635734480885,54.43737150439356,-14199.138234869231,-0.01171102395134133,0.09156824403955861
2026-03-24,70874.22,71389.0,68889.0,70533.49,7238.74499869,0.1057745945945946,56528245.0,117799.0,0.0020838962893682,69732.338,71027.965,69750.88666666667,69732.338,71147.56,70200.41907753912,70183.55867400332,70361.5106733834,50.51646419534534,0.38317124719677703,-159.10192215981078,-256.9402035548264,0.008798697908845021,2.736363693078836e-05,615.1900000000023,-698.5299999999988,-2149.7699999999895,36.83817479906337,32.479049038743966,45.55642631970217,2182.6454388234683,2153.2946063486993,2964.2499999999977,2644.979999999999,71147.56,75288.83854675591,67006.28145324408,-220042.35588819013,70664.3764637686,71646.79206046653,69860.20641920395,67.56253649295878,50.04465102634949,-11914.648223242626,-0.07043307696996236,0.0819058666029724
2026-03-25,70533.48,72030.29,70357.1,71301.53,7665.36824144,0.2527952991452991,56546830.0,117872.0,0.0020845023496454,69893.242,71106.07428571429,70903.08333333333,69893.242,70994.712,70750.97453876956,70556.21578266888,70532.42327822278,52.4616635709153,0.4874155171139025,-88.8004791890562,-223.31225868167235,0.011412115208857765,0.0050349337290238605,804.5200000000041,-1528.479999999996,413.929999999993,45.67582028755366,41.09099347375402,54.84547391515294,2103.830201532216,2161.7129463173237,2599.681428571425,2594.654999999999,70994.712,74986.44914825572,67002.97485174428,-212376.98764675012,70622.86011239418,71560.60367981152,70055.52636168638,66.97522095388484,68.0255763610775,-10926.601457106464,-0.012218567769392735,0.0446815702315575
2026-03-26,71301.52,71414.33,68102.36,68769.02,8225.19395173,0.138271875,56556349.0,118289.0,0.002091524684523,69864.642,70980.17857142857,70201.34666666668,69864.642,70382.967,69759.99726938478,69960.4838551126,70211.80450036409,46.03554545491449,0.1430364268175995,-183.71522160260065,-215.39285126585804,-0.0020751096833324656,-0.03457714662591349,-143.0,-6117.449999999997,660.7799999999988,16.53485682724339,33.0162839712868,-16.42799746084343,1696.4184084895714,2131.756642422574,2664.931428571425,2714.09357142857,70382.967,73601.69462127899,67164.23937872102,-220602.18159848012,70665.90935809303,70927.23877036791,69961.25558658021,67.90737823324679,67.5321072019761,-15840.528821361126,0.01076986596881853,-0.17770738060094626
2026-03-27,68769.02,69128.75,65498.75,66353.34,13681.42559929,0.1402325842696629,56590282.0,116624.0,0.0020608485393304,69566.322,70652.25071428572,68807.96333333333,69566.322,69624.89,68056.66863469238,68758.10257007508,69510.26550029789,40.890365631362656,0.0,-406.03563396849495,-253.52140780638544,-0.021985427358326315,-0.08892858864086384,-1491.6000000000058,-7580.770000000004,-906.2799999999988,8.120507228818314,23.443728114538455,-22.525934542621968,1625.5251638008872,2208.145373715267,2894.2714285714255,2718.3799999999983,69624.89,72709.10714691745,66540.67285308255,-234283.60719777012,70437.73950335433,69743.26062513054,69277.6998507338,56.52003261617944,46.84091988594412,-23080.07590665818,-0.02020632603126012,-0.1789047266497164
2026-03-28,66353.33,67249.65,65876.61,66320.15,4011.39625322,0.0711617088607594,56622535.0,112862.0,0.0019932346723791,68655.50600000001,70301.40285714286,67147.50333333334,68655.50600000001,69132.403,67188.40931734619,67945.45171338339,68930.24450024372,40.82285639647311,0.0,-586.7486276876152,-320.1668517826314,-0.06425579508941404,-0.11439075710205071,-4554.080000000002,-4924.87000000001,349.5899999999965,7.805128351316236,10.820164135792647,1.7750567823634178,1815.1228707218593,2173.524438684269,2731.3071428571398,2739.3128571428556,69132.403,72576.35650272666,65688.44949727335,-238295.00345099013,70467.9424544913,69267.17102822612,68810.45836617124,56.22630734287298,46.016259104542854,-24499.829244663502,-0.005588744971514781,-0.1313602081113378
2026-03-29,66320.16,67076.07,64938.66,65956.94,4588.31530898,0.1908498470948012,56640353.0,113009.0,0.0019952029606877,67740.196,69810.4692857143,66210.14333333333,67740.196,68736.26699999999,66572.67465867309,67282.61447558893,68389.64368201759,40.0437229146956,0.0,-751.9074602263427,-406.51497347137365,-0.0648847802653747,-0.10789566547835627,-4576.550000000003,-3961.3600000000006,-2475.229999999996,9.186985855210319,8.370873811781623,10.819209942067712,2042.5673710405954,2347.566596603729,2715.9442857142835,2723.957142857141,68736.26699999999,72611.7661000983,64860.76789990167,-242883.31875997013,70547.40905479537,68962.56122601383,68194.62403129267,51.74230770669879,46.38751599874268,-24716.320979478376,-0.03948700333109385,-0.11861838372772714
2026-03-30,65957.95,68129.33,65736.63,66737.18,10707.53083699,0.188189344262295,56654614.0,112668.0,0.001988681804451,66827.326,69228.37714285715,66338.09000000001,66827.326,68360.284,66654.92732933654,67100.80298372595,68089.19573983256,42.57904973852727,0.1334163206588716,-833.8422508912918,-491.9804289553573,-0.06401475536359469,-0.06327235222896999,-4564.350000000006,-3759.8300000000017,-3223.6500000000087,16.22635994059864,11.0728247157084,26.533430390379124,2028.4431344092009,2468.9594780784832,2431.1871428571403,2706.4749999999985,68360.284,72208.98424531848,64511.58375468152,-232175.78792298015,70347.00983406132,68517.28192395809,67285.40440318806,50.3500494093147,46.25834283525928,-26468.763440198694,-0.04459460897732864,-0.14895187021558934
2026-03-31,66737.08,68518.1,65924.82,68221.85,11831.5835043,0.1224827669902912,56639510.0,113379.0,0.0020017651988867,66717.89199999999,68820.35857142857,66971.98999999999,66717.89199999999,68291.26699999999,67438.38866466828,67474.48532248398,68113.31469622663,47.157990483305554,0.5729023648576282,-804.3867186461575,-554.4616868935174,-0.007956635124362621,-0.024263318759180308,-547.1699999999983,-690.1699999999983,-1986.1499999999942,33.63462393482865,19.682656576879207,61.538558650727545,2019.3054868102063,2499.5467054511582,2444.5128571428545,2704.381428571426,68291.26699999999,72122.62977799721,64459.904222002784,-220344.20441868014,70157.08337902576,68346.10114968863,66963.24831319928,50.047870266543555,50.0506021676656,-17340.40258300882,0.009206563637576015,0.0016194071397547798
2026-04-01,68221.84,69285.99,67525.59,68112.35,9804.6544448,0.1947187050359712,56653978.0,116209.0,0.0020512063601253,67069.694,68596.59642857143,67690.46,67069.694,68318.008,67775.36933233414,67687.10688165599,68113.1392969127,46.861181696644124,0.5490007538837693,-780.4119344402861,-599.6517364028712,0.02650974314179222,-0.03382639916217711,1759.0100000000093,267.4100000000035,-2419.209999999992,44.75261681729034,31.537866897572545,71.18211665672592,2014.5030965119554,2525.379395796102,2456.971428571429,2528.326428571427,68318.008,72140.25888306387,64495.75711693613,-230148.85886348013,70046.35626104669,68347.11834443027,67275.1211670814,58.82488141448734,51.50753616294109,-20609.066296121804,-0.048587587929826766,-0.005429305317483721
2026-04-02,68112.34,68652.0,65696.96,66894.48,8813.97029196,0.1919354260089686,56653536.0,116152.0,0.0020502162477554,67184.56,68380.6092857143,67742.89333333333,67184.56,67920.03300000001,67334.92466616706,67422.89792110398,67891.5648792922,43.57613415484028,0.2844603093167002,-828.1552608004858,-645.3524412823941,0.008659962319144343,-0.029277040493080997,574.3300000000017,-3979.75,-4049.850000000006,27.579273030318774,35.32217126081259,12.093476569331145,1838.850020467361,2587.954140336824,2405.981428571428,2535.4564285714264,67920.03300000001,71409.00560407447,64431.060395925546,-238962.82915544012,69754.10928613093,68016.12115454761,67307.28327569352,58.48056157647143,51.26357784504323,-22279.373081646783,-0.007239666134154855,-0.09333954492854359
2026-04-03,66899.11,67375.7,66275.01,66959.99,4181.03967015,0.1598620879120879,56660469.0,115374.0,0.0020362344688675,67385.17,68127.965,67322.27333333333,67385.17,67562.683,67147.45733308353,67268.59528073599,67722.18762851179,43.804337794443775,0.3028372403973938,-856.5945137420786,-687.600855774331,0.015207649111678156,-0.013043714092753178,1003.0500000000029,-3573.5,-4272.029999999999,28.503038088563624,33.611642645390916,18.285828974909037,1607.1665690467814,2619.5524422501835,2044.6514285714281,2469.461428571427,67562.683,70612.06716247967,64513.29883752034,-234781.78948529012,69657.28259522797,67763.34027745144,67400.23314835106,53.39801147570394,60.27077270248542,-21256.534178793696,-0.017363718521382365,-0.11186483621905094
2026-04-04,66959.98,67535.2,66770.64,67291.73,2412.86305009,0.2576664670658682,56696896.0,115405.0,0.0020354729825068,67496.08,68012.23,67048.73333333332,67496.08,67161.70300000001,67219.59366654177,67276.30685382399,67643.922605146,45.01706350050986,0.40049640463721303,-852.9004787407175,-720.6607803676084,0.00830946108301256,-0.05054728636910766,554.5500000000029,-4009.800000000003,-5538.279999999999,33.18094711653027,29.754419411804225,40.034002525982366,926.9692827676781,2523.866625085612,1957.7257142857145,2344.5164285714272,67161.70300000001,68920.50355273513,65402.90244726489,-232368.92643520012,69524.11860089596,67406.42225199634,67541.0620850188,55.85586969039638,66.6657269245717,-20380.397525076554,-0.036443151017743126,-0.12080297656904497
2026-04-05,67291.72,69117.6,66600.0,69005.0,3810.37749315,0.193798224852071,56709833.0,115743.0,0.0020409688034172,67652.71,68095.09142857142,67752.24,67652.71,67185.301,68112.29683327088,67852.53790254933,67891.39122239218,50.9091970163813,0.8749819637963542,-739.3733010683063,-724.403284507748,0.011479460026369681,-0.0216704150042768,783.1499999999942,235.97999999999593,-5881.470000000001,57.339990947074256,39.674658717389384,92.670655406444,974.2322160115774,2122.1639115758744,2012.038571428572,2363.991428571428,67185.301,69033.77666350585,65336.825336494156,-228558.5489420501,69113.8439645646,67224.23869084242,67627.28774419749,59.9734338678895,74.961593229964,-16910.85932786611,-0.09778053304575995,-0.01449464727563824
