Date,Open,High,Low,Close,Volume,sentiment_score,total_addresses,million_dollar_addresses,ratio,SMA_5,SMA_14,WMA_3,WMA_5,WMA_10,EMA_3,EMA_5,EMA_10,RSI_14,Stoch_RSI_14,MACD_30_15,MACD_Signal_9,ROC_5,ROC_12,MOM_5,MOM_10,MOM_20,K,D,J,STD_10,STD_20,ATR_7,ATR_14,BB_Mid_10,BB_High_10,BB_Low_10,OBV,VWAP_20,VWAP_10,VWAP_5,MFI_14,MFI_7,AD_Line,CMF_20,CMF_10
2025-10-01,4145.98,4358.96,4123.35,4350.52,151382.25097815,0.3127785714285714,159348281.0,18104.0,0.0001136127725155,4350.52,4350.52,4350.52,4350.52,4350.52,4350.52,4350.52,4350.52,,,0.0,0.0,,,,,,,,,,,,,4350.52,,,0.0,,,,,,140536.64851428577,,
2025-10-02,4350.52,4521.03,4335.01,4487.49,153389.71044144,0.3127785714285714,159477083.0,18667.0,0.0001170513007188,4419.005,4419.005,4419.005,4419.005,4419.005,4419.005,4396.176666666667,4375.423636363636,,,8.284475806451155,1.6568951612902312,,,,,,,,,,,,,4419.005,,,153389.71044144,,,,,,238613.04976095204,,
2025-10-03,4487.3,4596.19,4430.08,4515.89,194121.46395236,0.3127785714285714,159590031.0,19098.0,0.000119669128957,4451.3,4451.3,4451.3,4451.3,4451.3,4467.4475,4436.081111111112,4400.962975206611,,,16.716651762486435,4.668846481529473,,,,,,,,,,,,,4451.3,,,347511.1743938,,,,,,245052.21216163668,,
2025-10-04,4515.89,4521.34,4442.6,4490.01,51384.17568724,0.3127785714285714,159704383.0,19188.0,0.0001201469843191,4460.9775,4460.9775,4497.796666666666,4460.9775,4460.9775,4478.72875,4454.057407407408,4417.153343350863,,,21.918661502607392,8.118809485745057,,,,,,,,,,,,,4460.9775,,,296126.99870656,,,,,,255545.7039707657,,
2025-10-05,4489.86,4619.31,4469.69,4515.4,85645.8875434,0.3127785714285714,159780432.0,19111.0,0.0001196078879045,4471.862,4471.862,4507.099999999999,4471.862,4471.862,4497.064375,4474.504938271606,4435.016371832524,,,27.535680269701515,12.00218364253635,,,,,,,,,,,,,4471.862,,,381772.88624996,,,4442.215672134423,,,222230.70159791503,,
2025-10-06,4515.4,4739.46,4489.11,4686.32,180142.07592977,0.3127785714285714,159874672.0,19184.0,0.0001199939912933,4539.022,4507.6050000000005,4563.91,4539.022,4507.6050000000005,4591.6921875,4545.109958847737,4480.707940590246,,,42.24932320994685,18.05161155601845,0.0771861754456937,,335.7999999999993,,,,,,,,,,4507.6050000000005,,,561914.96217973,,,4532.846523471388,,,325897.8431165964,,
2025-10-07,4686.33,4759.16,4432.47,4449.8,198779.53212198,0.3127785714285714,159971390.0,19666.0,0.0001229344822221,4531.484,4499.347142857143,4550.506666666666,4531.484,4499.347142857143,4520.74609375,4513.339972565159,4475.088315028383,,,39.6467863972448,22.37064652426372,-0.0083989045100935,,-37.6899999999996,,,,,,,,199.01999999999992,,4499.347142857143,,,363135.43005775,,,4555.2111604489855,,71.0395479537648,148207.71863901263,,
2025-10-08,4449.81,4559.89,4411.13,4527.3,133876.75247388,0.3127785714285714,160080427.0,18920.0,0.0001181905892842,4533.766,4502.84125,4554.473333333332,4533.766,4502.84125,4524.023046875,4517.993315043439,4484.581348659585,,,41.88425193848252,26.27336760710748,0.0025266337311138,,11.409999999999854,,,,,,,,186.6128571428572,,4502.84125,,,497012.18253163,,,4556.01622804999,,61.570498069499614,223425.6466557299,,
2025-10-09,4526.93,4532.97,4266.83,4370.9,141076.62781726,0.3127785714285714,160198821.0,18871.0,0.0001177973713052,4509.944,4488.181111111111,4449.333333333333,4509.944,4488.181111111111,4447.4615234375,4468.96221002896,4463.91201253966,,,33.91827210378233,27.802348506442453,-0.0265277805617361,,-119.11000000000058,,,,,,,,198.05857142857155,,4488.181111111111,,,355935.55471436994,,,4529.348966071052,,47.12949161800472,192680.7589522611,,
2025-10-10,4370.72,4397.03,3510.0,3836.15,386709.49939687,0.3127785714285714,160306561.0,18403.0,0.0001147987947916,4374.093999999999,4422.978,4244.783333333334,4374.093999999999,4422.978,4141.80576171875,4258.024806685973,4349.773464805176,,,-5.219552294006462,21.19796834635267,-0.1504296407848694,,-679.2499999999995,,,,,,225.85896355420067,,301.047142857143,,4422.978,4851.51525287774,3994.44074712226,-30773.94468250004,,4354.171659476594,4300.366075845849,,24.02839304321236,90347.89445677937,,0.0538905246689562
2025-10-11,3836.89,3887.34,3648.28,3750.6,155467.48573337,0.3127785714285714,160393649.0,16795.0,0.0001047111285559,4186.95,4361.852727272727,3985.8833333333328,4186.95,4362.985999999999,3946.202880859375,4088.883204457316,4240.832834840599,,,-42.388057326922535,8.48076321169763,-0.1996705303948514,,-935.7199999999998,-599.9200000000005,,,,,310.9058548535589,,323.95000000000016,,4362.985999999999,4952.888383531376,3773.0836164686216,-186241.43041587004,,4306.29454014104,4158.067494281526,,22.465182242476374,67963.59403453105,,-0.043182998717672
2025-10-12,3750.8,4200.28,3698.71,4156.21,151733.45389149,0.3193352112676056,160487452.0,16476.0,0.0001026622318111,4128.232,4344.715833333333,3914.32,4128.232,4329.858,4051.206440429688,4111.32546963821,4225.44686486958,,,-47.93757509719672,-2.802904450081238,-0.0659782462133129,,-293.59000000000015,-331.27999999999975,,,,,313.8015083102338,,374.2285714285714,,4329.858,4925.254499673957,3734.4615003260433,-34507.97652438004,,4267.344083332004,4056.368429267135,,25.492161485713385,193033.1991591573,,-0.0271480417881897
2025-10-13,4156.38,4295.57,4045.49,4244.69,153339.31784774,0.3193352112676056,160594430.0,17840.0,0.0001110872898891,4071.71,4337.0215384615385,4050.5,4071.71,4302.737999999999,4147.948220214844,4155.78031309214,4228.945616711474,,,-46.741917666436166,-11.590707093352224,-0.062423519537031,-0.0243258277171466,-282.6100000000006,-271.2000000000007,,,,,307.595191907228,,374.19,,4302.737999999999,4886.358842246059,3719.11715775394,118831.34132335996,,4231.360659765423,4017.8983668722426,,22.87687733728623,283977.24755637726,,0.0237615121563127
2025-10-14,4244.69,4267.41,3892.16,4126.39,243536.31872992,0.3193352112676056,160713165.0,18152.0,0.0001129465653918,4022.808,4321.976428571428,4175.763333333333,4022.808,4266.375999999999,4137.169110107422,4145.983542061427,4210.299140945751,,,-52.541505191527904,-19.78086671298736,-0.0559404241689353,-0.0804681458900186,-244.5099999999993,-363.6199999999999,,49.34435940952323,,,304.47387836141945,,381.1271428571428,290.07357142857137,4266.375999999999,4844.074566188284,3688.6774338117134,-124704.97740656004,,4206.14854690221,3987.028169023147,42.53475841557032,22.49298947666776,344470.30623410165,,0.0485845296009802
2025-10-15,4126.26,4218.58,3930.31,3987.53,157726.70619812,0.3193352112676056,160809736.0,17798.0,0.0001106773783895,4053.084,4296.0485714285705,4119.536666666667,4053.084,4213.589,4062.349555053711,4093.1656947076185,4169.795660773796,41.859495050526334,,-65.26381671253785,-28.87745671289746,0.039461439203368,-0.117000192653054,151.3800000000001,-527.8699999999994,,38.22808927599349,,,302.2538574131208,,401.0571428571428,293.835,4213.589,4787.075372598339,3640.1026274016617,-282431.68360468,,4178.031031411171,4030.317565768439,39.854367108411246,22.34972602999069,249359.3569906177,,0.0142603184369191
2025-10-16,3987.28,4090.0,3826.72,3894.91,161382.6010111,0.3193352112676056,160903349.0,17253.0,0.0001072258601652,4081.946,4253.721428571428,4002.943333333333,4081.946,4134.448,3978.629777526856,4027.0804631384126,4119.816449724015,40.06698024508785,,-80.75333931471596,-39.252633233261164,0.0384765104249986,-0.1325386803147432,144.30999999999997,-791.4099999999999,,30.81350667648659,39.46198512066777,13.516549788124236,266.17982158266216,,400.64857142857136,299.35357142857146,4134.448,4639.488702027074,3629.407297972926,-443814.28461578,,4113.380520612259,4061.0617741579545,33.2704136482722,22.285974321037443,171573.53175395489,,-0.0819292807153735
2025-10-17,3895.0,3952.8,3673.64,3832.99,202879.86788105,0.3193352112676056,161017924.0,16923.0,0.0001051001005329,4017.302,4204.942857142857,3905.143333333333,4017.302,4072.767,3905.809888763428,3962.3836420922753,4067.66618613783,38.868643156294105,,-96.52618774057372,-50.70734413472368,-0.0777679664887001,-0.1511294680426983,-323.22000000000025,-616.8100000000004,,25.856575618815828,31.63272385709864,14.304279142250216,256.2658907831649,,313.81,307.4285714285715,4072.767,4558.997340892051,3586.5366591079487,-646694.15249683,,4036.1539982151,4014.839621360512,24.82567012469046,25.657233625824944,200309.27461115725,,0.0276001301866541
2025-10-18,3832.86,3930.25,3820.14,3890.4,45567.63757722,0.3193352112676056,161135820.0,16731.0,0.0001038316620103,3946.444,4162.113571428571,3872.7666666666655,3946.444,4009.077,3898.1049443817137,3938.389094728184,4035.435970476408,40.64127376688862,,-105.18621134931529,-61.60311757764201,-0.083466637139579,-0.169839020809505,-354.2899999999995,-636.9000000000001,,30.45246405584554,29.040848783715987,33.27569460010464,204.7066124454436,,295.3885714285715,309.66928571428576,4009.077,4397.480488454983,3620.673511545017,-601126.51491961,,3997.737834509703,3973.171992078144,26.741543294640262,31.9471297049266,212894.07034926707,,-0.0058527631896432
2025-10-19,3890.4,4032.4,3829.23,3983.89,89989.11920544,0.3193352112676056,161258004.0,16901.0,0.0001048072007638,3917.944,4124.148571428572,3902.426666666666,3917.944,3970.376,3940.997472190857,3953.5560631521225,4026.0639758443326,43.5137676574858,,-105.77194671171856,-70.43688340445732,-0.0345338176953706,-0.1047035821834689,-142.50000000000043,-387.00999999999976,,37.936693458003774,31.41524437755505,50.97959161890122,160.5144514920011,,252.76000000000008,313.4942857142857,3970.376,4274.930758452402,3665.821241547599,-511137.39571417,,3963.5325402157423,3924.556244419083,26.496643111969234,27.845753681499687,259910.5836320225,,0.0384536943740794
2025-10-20,3984.11,4086.0,3908.36,3980.42,100967.70620232,0.3193352112676056,161355755.0,17251.0,0.0001069128274972,3916.522,4073.727142857143,3951.57,3916.522,3984.803,3960.708736095428,3962.5107087680817,4017.7650711453625,43.42976152638102,,-105.60827890988185,-77.47116250554222,-0.0017830586854519,-0.1207960594614891,-7.110000000000127,144.26999999999998,,37.658906785359775,35.34935476640303,42.27801082327326,153.4372408112775,292.9867948968813,242.41142857142864,308.30071428571426,3984.803,4275.929695313227,3693.6763046867727,-612105.10191649,4179.118479306114,3978.462102711373,3904.077648087242,23.135281685014064,23.490810194059364,240858.35715205307,0.076728519634001,0.1029067890828163
2025-10-21,3980.43,4113.15,3838.88,3874.57,167898.09575775,0.3193352112676056,161448286.0,17188.0,0.000106461334622,3912.454,4032.6392857142855,3946.2933333333335,3912.454,3997.2,3917.639368047714,3933.197139178721,3991.729603664388,40.839684136520106,,-111.02484696797546,-84.18189939802888,-0.0052222002562317,-0.1135532727813493,-20.33999999999969,123.97000000000024,-475.9500000000003,34.72459019516331,36.773396812842286,30.62697695980536,136.4837372485583,299.7024260144505,227.9857142857143,304.55642857142857,3997.2,4256.159683966444,3738.240316033556,-780003.19767424,4161.788086863715,3997.1418931718,3905.8126735316832,23.742747572644475,25.65252264927966,116656.49530682807,-0.0075675139416829,0.0330116703913886
2025-10-22,3874.8,3891.6,3711.49,3806.12,144557.44893026,0.3193352112676056,161563378.0,16890.0,0.0001045410179527,3907.08,3981.126428571428,3887.036666666667,3907.08,3962.191,3861.879684023857,3890.8380927858143,3957.982402998135,39.21113098040153,,-118.70332931417352,-91.0861853812578,-0.007010193086859,-0.0078281610468829,-26.86999999999989,-350.09000000000015,-681.3699999999999,28.94708544727605,33.77686080926638,19.2875347232954,136.0642741460414,301.6410357305165,212.5342857142857,306.79571428571427,3962.191,4220.354808687432,3704.027191312568,-924560.6466045,4131.3654805861615,3975.831667904074,3910.541429087854,23.87905488890283,26.289421314918712,124000.34438634556,-0.0364221969014957,-0.0470300769285736
2025-10-23,3806.25,3936.1,3796.77,3858.41,112678.89994476,0.3193352112676056,161668558.0,16659.0,0.0001030441553143,3900.682,3944.52,3846.366666666667,3900.682,3923.563000000001,3860.1448420119286,3880.028728523877,3939.8783297257455,41.14200913902116,,-120.86855212727733,-97.04265873046172,-0.0082228048529714,0.028744734175865,-31.99000000000024,-386.27999999999975,-657.4800000000005,39.27826567308884,34.31664710517607,49.201502808914384,95.83838677111171,294.9635650376781,194.8271428571429,297.73785714285714,3923.563000000001,4105.403553683718,3741.7224463162825,-811881.74665974,4097.293748150468,3943.408689083215,3904.224867138621,29.21671068159428,40.82418423915042,111020.39502789138,-0.0437249543873323,-0.1211874599765984
2025-10-24,3858.41,4024.31,3847.36,3936.1,122248.90258364,0.3193352112676056,161780839.0,16859.0,0.0001042088797672,3891.124,3951.659285714286,3866.8766666666666,3891.124,3904.534000000001,3898.122421005965,3898.719152349251,3939.191360684701,43.98868325231034,,-116.9671534450422,-101.0275576733778,-0.0119958131374109,-0.0529593066760342,-47.78999999999997,-190.2900000000004,-553.9100000000003,44.46538645738385,37.56357919258292,58.2690009869857,65.03189255195643,283.49784847415214,180.22571428571425,247.0178571428571,3904.534000000001,4027.923340609314,3781.144659390687,-689632.8440761,4084.657025979852,3914.3780699861695,3904.055549251508,39.0674965713703,60.446711387025495,111386.5544987549,-0.0459661273240234,-0.178485557712877
2025-10-25,3936.1,3965.44,3911.88,3954.52,25280.14115745,0.3193352112676056,161888509.0,17098.0,0.0001056158964315,3885.944,3966.225,3916.343333333333,3885.944,3901.233,3926.321210502984,3917.3194348995007,3941.978386014755,44.67194469296946,,-111.71627344752687,-103.16530082820763,-0.0065068510358203,-0.0683607047864507,-25.90000000000009,-33.01000000000022,-560.8799999999997,45.16263888218934,42.96876367088734,49.55038930479333,61.06792357695092,265.92554598885994,172.14714285714277,233.7678571428571,3901.233,4017.101238288157,3785.364761711843,-664352.70291865,4070.9664253466062,3897.394203054877,3890.382534742015,42.94387423029946,59.425358278388416,126358.28858229316,-0.0311695242341153,-0.1048199960438173
2025-10-26,3954.5,4178.82,3919.34,4158.81,65472.37802493,0.3193352112676056,161978414.0,17144.0,0.0001058412635155,3942.792,3966.410714285714,4016.476666666667,3942.792,3927.623,4042.565605251491,3997.816289933001,3981.4023158302543,51.70798929839475,,-94.1609864056286,-101.36443794369184,0.0733603987023077,0.0078567464539223,284.24000000000024,263.90000000000055,-527.5099999999993,78.01038702104749,55.87947078687356,122.27221948939534,101.60119816113432,222.9530763819092,180.1914285714284,216.47571428571425,3927.623,4120.397719514777,3734.848280485222,-598880.32489372,4036.777812765788,3902.870021338166,3899.0696464440016,40.20128755594377,58.19589808560985,181732.7609167745,-0.0486852006448183,0.00942816721697
2025-10-27,4159.05,4254.23,4094.72,4120.1,131419.43492108,0.3193352112676056,162067346.0,17918.0,0.0001105589771304,4005.5880000000006,3957.511428571429,4077.81,4005.5880000000006,3956.334,4081.332802625746,4038.577526622001,4006.6200765883896,50.400087270879474,,-81.37310236402936,-97.36617082775936,0.0824934579046379,0.0332461448565903,313.9800000000005,287.1100000000006,-329.6999999999998,75.19073041750181,66.12125210691289,93.32968703867964,111.92954472444931,201.51884922873384,177.6014285714284,210.00642857142853,3956.334,4168.705379276967,3743.962620723034,-730299.7598148,4007.1503812293104,3952.73028440537,4003.399394987676,39.37470053365631,60.16409681508184,92134.21820680468,-0.0193770605281117,-0.1075213519268982
2025-10-28,4120.0,4177.54,3931.8,3980.25,112997.59147629,0.3193352112676056,162201824.0,17778.0,0.0001096041928603,4029.956,3947.0728571428576,4086.3866666666654,4029.956,3965.319,4030.791401312873,4019.135017748001,4001.825517208682,45.88456333636662,0.5464390555736383,-78.70803516575234,-93.63454369535796,0.0315777742645286,0.0219106474860779,121.84000000000016,89.84999999999991,-547.0500000000002,52.81007251244429,68.6703966503312,21.08942423667048,109.63139619754229,161.39007579219333,173.52571428571414,200.75571428571425,3965.319,4173.329949029135,3757.3080509708666,-843297.35129109,3985.103327024632,3963.925335843719,4044.335161320194,42.66775617087375,64.54678507475407,23693.74650772827,-0.0695220396535445,-0.1762446307035657
2025-10-29,3980.2,4038.7,3838.0,3904.2,118300.54341506,0.3193352112676056,162337973.0,17284.0,0.0001064692362519,4023.576,3941.120714285714,4001.5166666666655,4023.576,3957.35,3967.495700656437,3980.823345165334,3984.07542317074,43.5970912368372,0.3682779503107521,-80.49160487711697,-91.00595593170976,-0.0081044688905261,0.0185781856983713,-31.90000000000009,-79.69000000000005,-466.6999999999998,39.71132813172808,55.904043687224735,7.325897020734772,111.01901128485584,134.48916477975914,176.46714285714265,194.5007142857142,3957.35,4167.993763544048,3746.706236455952,-961597.89470615,3962.6371751152633,3961.216440475781,4042.94250122162,43.841613657710376,66.5466445407198,-16564.983513440777,-0.0734156136395974,-0.2509259956110874
2025-10-30,3904.17,3949.34,3676.04,3804.02,139553.89852977,0.3193352112676056,162454109.0,16971.0,0.0001044664250382,3993.476,3934.628571428572,3896.1566666666654,3993.476,3939.710000000001,3885.7578503282175,3921.88889677689,3951.338073503332,40.71746311247728,0.1439964259644678,-87.36169133539397,-90.27710301244662,-0.0380577162335757,-0.0222033724038659,-150.5,-176.4000000000001,-32.13000000000011,22.456466697669644,38.32595578061401,-9.282511468219084,120.55112138286805,136.27505676986854,195.60571428571413,195.21642857142848,3939.710000000001,4168.439670834375,3710.980329165626,-1101151.79323592,3961.610408215637,3939.997846885472,3990.0430880811928,44.57468197113,48.99846889479077,-25419.22647175117,-0.04447454088928,-0.2334933979395014
2025-10-31,3804.24,3903.62,3795.51,3845.79,123546.29718716,0.3193352112676056,162558625.0,16608.0,0.000102166218495,3930.872,3935.542857142857,3851.3366666666666,3930.872,3936.832,3865.773925164109,3896.52259785126,3932.147514684544,42.42504152886456,0.2571774814663283,-89.75424846587566,-90.17253210313244,-0.0752667229327621,-0.0346646117237172,-313.02000000000044,-28.7800000000002,95.19000000000004,29.358861273975705,30.508885367791148,27.05881308634481,122.60509041453328,130.0121139457047,185.7714285714284,182.9985714285713,3936.832,4169.458803064482,3704.205196935518,-977605.49604876,3968.2314755158654,3929.325173166654,3952.0590938369887,54.88927404432376,48.89579557702202,-34047.24001132275,-0.0396763144082989,-0.1374964409601973
2025-11-01,3846.44,3908.94,3829.2,3872.16,26667.45704268,0.3193352112676056,162678138.0,16811.0,0.0001033390239566,3881.284,3934.24,3840.6566666666654,3881.284,3943.436,3868.9669625820543,3888.40173190084,3921.2406938328086,43.53088884000926,0.3456675069595741,-89.3938879842467,-90.01680327935529,-0.0601781510157521,-0.0271981348701896,-247.9400000000005,66.03999999999996,-284.0500000000002,33.91964579117592,28.578324587607096,44.60228819831355,116.40388798394189,123.61419537266288,189.51142857142844,180.8292857142856,3943.436,4164.296848717017,3722.575151282983,-950938.03900608,3964.0494979753807,3946.369058103509,3896.339764820013,54.31973199976352,48.95872762522395,-31980.46192599848,-0.0919921127201605,-0.1594625850644815
2025-11-02,3872.07,3916.5,3838.27,3905.97,31963.95389787,0.3193352112676056,162753401.0,16865.0,0.0001036230265934,3866.428,3928.674285714286,3874.64,3866.428,3948.192,3887.4684812910273,3894.2578212672265,3918.464204045025,44.98978571478555,0.462408598012494,-86.33303736433072,-89.28005009635038,-0.0186621443376673,0.0081041251029145,-74.2800000000002,47.559999999999945,-338.7199999999998,39.767204552136846,34.34857053909616,50.60447257821822,113.47876519909536,103.00607467395358,163.61857142857136,171.9049999999999,3948.192,4163.502818455555,3732.8811815444446,-918974.08510821,3947.738247356549,3954.623392951153,3861.366984612364,52.43445815975264,46.25129855004962,-8621.402174736617,-0.125868641645748,-0.133312961669201
2025-11-03,3906.01,3914.06,3552.4,3602.88,167062.25570553,0.3193352112676056,162891745.0,16949.0,0.0001040506994384,3806.164,3901.707142857143,3793.67,3806.164,3914.87,3745.1742406455137,3797.131880844818,3861.08525785502,36.00864432550866,0.0,-101.46340530557428,-91.71672113819515,-0.0771784232365144,-0.0533982113017981,-301.3199999999997,-333.2199999999998,-523.5100000000002,7.192624994656834,26.95982511265653,-32.34177524134257,157.7224973031936,117.53699603909364,192.4971428571428,185.0492857142856,3914.87,4214.1273978367135,3615.612602163286,-1086036.3408137402,3912.582132799416,3910.093117959592,3786.844390245418,43.5756846629427,25.366757179210296,-129047.02309613144,-0.2106243025625799,-0.2551658452479446
2025-11-04,3602.88,3653.6,3055.0,3286.21,314015.40004056,0.3193352112676056,162986614.0,16041.0,9.841912538903347e-05,3702.602,3859.681428571429,3598.353333333334,3702.602,3848.039,3515.6921203227566,3626.824587229879,3756.5624836995617,29.40406723537278,0.0,-132.18351773082168,-99.81008045672048,-0.1361217869516984,-0.1482994290394229,-517.81,-668.31,-701.3200000000002,19.27987125071922,22.07990026583764,13.679813220482387,252.29280231288675,180.7261016711816,242.90571428571425,208.2157142857142,3848.039,4326.730935545191,3369.3470644548083,-1400051.7408543,3827.990308170199,3761.831021517576,3566.4824370726965,40.87339391039959,20.90864750458475,-200484.73973081808,-0.187088176444521,-0.2655103476866909
2025-11-05,3286.41,3481.76,3165.58,3423.89,205596.700027,0.3193352112676056,163096491.0,14727.0,9.029624064689413e-05,3618.222,3832.3792857142857,3437.66,3618.222,3774.547,3469.7910601613785,3559.17972481992,3696.076577572369,34.98729206926018,0.2503248001903628,-147.93600074236838,-109.43526451385006,-0.1097043780341621,-0.1301313482889154,-421.9000000000001,-734.9200000000005,-471.02,30.76057136662692,19.077689204001,54.126335691878765,258.6670837646991,206.76002898096525,259.4028571428572,217.93499999999992,3774.547,4265.333284246007,3283.7607157539933,-1194455.0408273002,3781.2527969060648,3685.6761074804303,3461.9998490344774,50.858814438432255,38.83337194291533,-70148.21448123948,-0.0987157784559419,-0.1837040714967278
2025-11-06,3423.9,3455.93,3243.6,3313.46,188062.26831086,0.3193352112676056,163183680.0,15637.0,9.582453343373552e-05,3506.482,3793.454285714285,3341.1866666666665,3506.482,3693.883,3391.6255300806893,3477.2731498799467,3626.509927104665,32.75002432455722,0.1500165342996671,-166.31637191115578,-120.8114859933112,-0.144286393124251,-0.1621081698916682,-558.6999999999998,-806.6400000000003,-519.5299999999997,21.55216263769253,23.864201751679563,16.92808440971846,264.63926785343216,239.238058345215,250.69285714285712,223.14928571428564,3693.883,4196.000706841734,3191.7652931582647,-1382517.3091381602,3743.7627847539056,3596.5132221803096,3424.207879718784,42.69322083811437,37.82108766127429,-134459.43429027018,-0.1375471952740111,-0.1587049940041482
2025-11-07,3313.47,3472.1,3191.02,3433.71,175288.79692612,0.3193352112676056,163249623.0,14840.0,9.090373213296792e-05,3412.03,3757.569285714286,3390.353333333333,3412.03,3639.229,3412.6677650403444,3462.752099919965,3591.455394903817,37.44117025615196,0.3603448307463388,-172.74714853793603,-131.19861850223617,-0.1209072266300047,-0.1743527595634328,-472.25999999999976,-546.54,-456.69000000000005,31.57943013433621,27.964054712885225,38.81018097723818,255.19465618099065,254.01653910927067,275.4028571428572,230.5871428571428,3639.229,4123.426816141298,3155.031183858702,-1207228.51221204,3715.479558281348,3536.487174472877,3400.3404122037136,43.632381294822856,39.69583562721667,-7052.641875276735,-0.085797128534027,-0.020634362711681
2025-11-08,3433.92,3487.39,3354.41,3400.46,75557.97738948,0.3193352112676056,163356549.0,15561.0,9.525788892614278e-05,3371.546,3717.993571428572,3382.543333333333,3371.546,3588.8550000000005,3406.563882520172,3441.9880666133104,3556.728959466759,36.67926892829578,0.3261848598809745,-178.6290169176159,-140.68469818531213,-0.0561828315125677,-0.1746656634547705,-202.42000000000007,-503.7399999999998,-583.4299999999998,28.806817708029328,27.312803493352693,31.7948461373826,246.65414802692788,265.31155782301056,283.00857142857143,236.26,3588.8550000000005,4056.848341256052,3120.861658743949,-1282786.48960152,3698.3198072935616,3498.1801917313705,3350.9770866219337,44.94489042749241,42.05689086139629,-30280.27095996553,-0.1138388998484587,-0.0094763665121984
2025-11-09,3400.47,3622.45,3356.85,3582.92,97906.75276072,0.3193352112676056,163482460.0,15469.0,9.462177165672696e-05,3430.888,3676.858571428572,3472.363333333333,3430.888,3566.745,3494.741941260086,3488.9653777422072,3561.490966836439,43.47659824854495,0.6702475511727413,-170.9671671080987,-146.74119196986945,0.0902894215524874,-0.0998253878525218,296.71000000000004,-221.0999999999999,-397.5,44.02158051416328,34.80260945217628,62.45952263813727,234.851050822054,263.8483173275469,309.7757142857143,236.6971428571428,3566.745,4012.34353888899,3121.1464611110096,-1184879.7368408,3679.861036864352,3468.814078492209,3381.559266498348,45.563267481309744,45.11799370384871,38483.00336226623,-0.0794852226927136,0.0454604047547804
2025-11-10,3582.92,3658.38,3505.14,3566.49,124625.79870813,0.3193352112676056,163609103.0,16006.0,9.783074233956286e-05,3459.4080000000004,3637.315,3516.623333333333,3459.4080000000004,3538.815,3530.615970630043,3514.806918494805,3562.399881957086,43.02867363635973,0.8267109386449435,-164.3105548276626,-150.25506454142808,0.0416485342695005,-0.0864991547564162,142.5999999999999,-279.3000000000002,-308.0800000000004,45.56541415005254,39.46460412408172,57.76703420199419,213.6269460349584,265.3799643267207,280.0014285714286,236.2492857142857,3538.815,3944.143631433807,3133.486368566193,-1309505.53554893,3657.1239376661047,3445.04060313528,3425.931094630489,44.75572078552302,58.17884459882136,13645.676994827336,-0.0411581824666757,0.0339029724418493
2025-11-11,3566.41,3647.38,3403.41,3416.54,122912.10083045,0.3193352112676056,163716856.0,15956.0,9.746094806511554e-05,3480.024,3597.05,3521.983333333333,3480.024,3493.253,3473.5779853150216,3482.051278996537,3535.879903419433,39.07217891035532,0.6203186389997474,-166.60626691401785,-153.52530501594603,0.0311094746880904,-0.1018606631931483,103.07999999999991,-455.6199999999999,-389.5799999999999,36.75307512452984,42.11335659624856,26.03251218109241,180.6782212818036,274.25247976569045,229.3400000000001,236.1228571428572,3493.253,3836.065821703044,3150.440178296956,-1432417.63637938,3640.297704072597,3441.1027305202547,3466.792469300455,44.93158391125696,68.78854601366154,-96036.63423932952,-0.0886831949567415,-0.0426191038391574
2025-11-12,3416.54,3587.94,3371.59,3414.06,130120.8908459,0.3193352112676056,163837446.0,15537.0,9.483180053966415e-05,3476.094,3562.04,3465.6966666666667,3476.094,3444.0619999999994,3443.8189926575105,3459.387519331025,3513.7308300704453,39.00829382470956,0.616219688686347,-167.2918194128165,-156.27860789532014,-0.005722673143626,-0.1122604198357164,-19.65000000000009,-491.9099999999999,-444.3499999999999,40.148042131627776,40.82217713540339,38.79977212407654,108.28985853819869,280.2416623502669,215.07857142857145,237.24071428571432,3444.0619999999994,3649.5275602868833,3238.596439713116,-1562538.52722528,3620.71953328256,3433.565040132312,3496.866101743296,45.02917309601536,52.09679731100555,-175071.46791651816,-0.1145008867525533,-0.1039566410237854
2025-11-13,3414.06,3564.4,3150.0,3229.65,207375.27877133,0.3193352112676056,163940141.0,15489.0,9.447960643147184e-05,3441.932,3521.013571428571,3353.4166666666665,3441.932,3406.739,3336.734496328755,3382.8083462206832,3462.079770057637,34.49213324146879,0.3264569427977836,-177.65768037423004,-160.55442239110212,-0.0502314392758627,-0.1659306433618445,-170.80999999999997,-373.23,-706.4499999999998,20.27278003482299,32.39129909699354,-3.964258089518111,111.73357522348904,292.64965291687474,243.9457142857144,247.3192857142857,3406.739,3618.73855329199,3194.7394467080103,-1769913.80599661,3581.242566977967,3392.4693719513843,3450.704626706491,44.01122697977684,51.1263279343237,-302729.36756556795,-0.1602785804426604,-0.1058095455234286
2025-11-14,3229.68,3255.0,3067.74,3109.49,193349.98553734,0.3193352112676056,164043962.0,14523.0,8.853114630333057e-05,3347.246,3468.4207142857144,3251.066666666667,3347.246,3389.067,3223.112248164377,3291.702230813789,3397.972539138066,31.9005192931168,0.1601756159680155,-191.977657851724,-166.8390694832265,-0.1321352416464783,-0.2039134965194305,-473.4300000000003,-176.72000000000023,-845.0300000000002,6.325014509576295,22.24861222534236,-25.522180921955822,142.62080992384742,308.5797402378549,230.54285714285723,252.9728571428572,3389.067,3659.6709606583822,3118.463039341618,-1963263.7915339496,3547.193807730926,3373.4570638903165,3365.7292893806625,36.40847324248029,32.53413354182601,-409863.8036403005,-0.1948626057025143,-0.1376772349297514
2025-11-15,3109.89,3228.54,3108.21,3166.3,60465.46978573,0.3193352112676056,164130576.0,14043.0,8.555992638446599e-05,3267.208,3418.002142857142,3168.48,3267.208,3363.308,3194.7061240821886,3249.901487209193,3355.8502592947816,34.40974164847877,0.3211705908661192,-198.71495669135265,-173.21424692485175,-0.1122083617225898,-0.1211752819966248,-400.1899999999996,-257.5899999999997,-992.5100000000002,12.919326755658757,13.17237376668602,12.413232733604229,158.05888247387352,296.7019602027541,228.73571428571435,255.8721428571429,3363.308,3663.2036438229857,3063.4123561770143,-1902798.32174822,3526.004802638309,3366.8606559251434,3312.1556052087044,37.19863318115695,31.11417467372993,-411949.1663894965,-0.216136717917151,-0.2484622872818631
2025-11-16,3166.3,3246.44,3001.13,3092.25,113366.47629324,0.3193352112676056,164249377.0,14252.0,8.677049654806301e-05,3202.35,3359.8792857142857,3122.6800000000003,3202.35,3341.1870000000004,3143.4780620410943,3197.350991472796,3307.922939423004,32.717507274532366,0.2354544492428647,-207.10605246176328,-179.99260803223407,-0.0949176652402723,-0.0590223996640506,-324.29,-221.21000000000004,-1027.8500000000004,9.981050025741284,9.741797096992116,10.45955588323962,179.79547726668886,284.99450998405456,225.8371428571429,267.8064285714286,3341.1870000000004,3682.3249326958576,3000.049067304143,-2016164.79804146,3478.499464257045,3348.983691106364,3249.295103800838,34.34593561115648,20.13966904565214,-441096.0566908078,-0.1954129295442136,-0.2356985431531645
2025-11-17,3092.24,3221.13,2955.01,3027.89,195102.07233124,0.3193352112676056,164345690.0,13996.0,8.516195344094513e-05,3125.1159999999995,3318.808571428571,3095.48,3125.1159999999995,3300.6050000000005,3085.684031020547,3140.863994315197,3257.0078595279115,31.277746897031605,0.1331444684616452,-216.1971022055932,-187.23350686690588,-0.1131116617751298,-0.1156579212533113,-386.1700000000001,-405.82000000000016,-952.36,10.361545132718152,11.087307304706068,8.910020788742322,201.125510910202,283.16938579882344,241.9628571428572,260.9821428571429,3300.6050000000005,3682.21382602477,2918.9961739752307,-2211266.8703727,3427.841968484811,3305.272526071145,3168.079708018912,34.42968392537351,5.774121344834057,-529336.2694737184,-0.1967489940128864,-0.3954349089887229
2025-11-18,3027.89,3168.98,2943.75,3121.74,200616.77009048,0.3193352112676056,164464446.0,13767.0,8.370806174119846e-05,3103.534,3307.0607142857143,3080.6266666666666,3103.534,3272.733,3103.712015510273,3134.4893295434654,3232.413703250109,35.71986130681121,0.3641420230297775,-216.21863000231176,-193.0305314939871,-0.0334122892573499,-0.0578609670857653,-107.91000000000032,-278.72000000000025,-782.46,24.90659502119975,15.083063393219732,44.55365827715978,205.02477454905247,273.9118602647262,239.28571428571428,234.3128571428572,3272.733,3661.740158602516,2883.725841397484,-2010650.10028222,3383.1850498857666,3268.0727203142,3104.582541113624,45.53285431440698,23.07782890322926,-412874.684918685,-0.1369817663055898,-0.2646171026129087
2025-11-19,3121.5,3124.1,2868.5,3023.1,245497.12319725,0.3193352112676056,164582530.0,14048.0,8.535535332942081e-05,3086.256,3278.4328571428573,3057.5766666666664,3086.256,3216.751,3063.4060077551367,3097.359553028977,3194.356666295543,33.284633471995804,0.1645143888662297,-220.4586819488013,-198.51616158495,-0.0277826910522304,-0.1195820264378763,-86.38999999999987,-559.8200000000002,-780.9200000000001,19.572593305312186,18.28024448641004,22.157290943116493,186.5110184680812,273.5681753690211,244.8928571428572,229.9857142857143,3216.751,3570.630776246119,2862.8712237538807,-2256147.2234794702,3332.3958639852544,3212.0526654060354,3065.288981990505,35.273210804647675,21.326842173693223,-361393.28506198473,-0.1120249668629022,-0.2509528469733899
2025-11-20,3023.11,3061.05,2786.9,2830.59,215908.80878084,0.1042142857142857,164800786.0,1365.0,8.282727486506042e-06,3019.114,3243.942142857143,2991.81,3019.114,3143.161,2946.9980038775684,3008.436368685985,3128.217272423626,29.113037253543595,0.0,-233.7952270344449,-205.5719746748489,-0.1060259609007359,-0.1675861501091028,-335.71000000000004,-735.8999999999996,-1015.1999999999998,5.0133106898609325,16.49749967212429,-17.955067274665787,178.1775983207045,279.0174486262343,224.8571428571429,234.4014285714286,3143.161,3481.229223227211,2805.092776772789,-2472056.0322603104,3281.079886096381,3144.171679549212,3020.545520973912,35.288964384296165,21.68578437212249,-508485.3449416034,-0.1534672116849478,-0.309922467141818
2025-11-21,2830.31,2882.31,2620.0,2763.99,289458.97165947,0.1065582677165354,164899252.0,1369.0,8.302038871589302e-06,2953.462,3196.105,2872.56,2953.462,3077.906,2855.494001938784,2926.954245790657,3061.994131982967,27.81426874039977,0.0,-246.8546149308845,-213.8285027260561,-0.1061557118602959,-0.2285649693546046,-328.2600000000002,-652.5500000000002,-1108.17,13.866792503707677,12.817565499626935,15.965246511869154,186.24289046535432,278.0141000868549,235.5785714285714,233.0607142857143,3077.906,3431.2770391302656,2724.5349608697343,-2761515.0039197803,3231.035737198891,3060.487734033707,2944.4487449204585,26.00404322688265,20.63661330734316,-480158.5110332565,-0.1336148272900655,-0.2074919209055407
2025-11-22,2763.99,2797.86,2702.71,2768.5,93138.03438977,0.1065582677165354,164992158.0,1367.0,8.285242259816979e-06,2901.584,3150.965,2787.693333333333,2901.584,3013.35,2811.997000969392,2874.136163860438,3008.6315625315183,28.048352870562667,0.0149456777831907,-255.280810548285,-222.11896429050188,-0.0856669165656611,-0.2237465967940467,-259.3899999999999,-645.56,-1137.4699999999998,14.301122902983492,11.060408698850706,20.782551311249065,167.74170554092655,260.1962714527116,231.98142857142847,230.35857142857145,3013.35,3331.617508866369,2695.082491133632,-2668376.96953001,3211.953174740788,3016.3748731137825,2904.601149613537,25.99119725376332,21.93459628028297,-444498.830604257,-0.1276201509910357,-0.1485038211038795
2025-11-23,2768.4,2857.19,2766.72,2801.14,103122.45973534,0.1065582677165354,165096976.0,1366.0,8.273925017257736e-06,2837.464,3095.123571428572,2777.8766666666666,2837.464,2970.4990000000003,2806.568500484696,2849.8041092402923,2970.905823889424,29.822050467134176,0.1319658402983316,-258.1451496177838,-229.32420135595828,-0.1026991357384022,-0.1801237509293027,-320.5999999999999,-428.5100000000002,-801.7400000000002,17.44448082590187,15.20413207753102,21.92517832264357,160.94195989376303,261.2729007419324,209.8614285714286,217.84928571428577,2970.4990000000003,3275.8648986134576,2665.133101386543,-2565254.50979467,3175.7163227939604,2967.6540768631794,2857.359461587031,25.415765714900985,29.67215457762427,-469153.8411500226,-0.1014793441632394,-0.0973227640189889
2025-11-24,2801.14,2985.82,2762.0,2952.59,183914.24759294,0.1065582677165354,165210858.0,1357.0,8.213745854403832e-06,2823.362,3051.273571428572,2840.7433333333333,2823.362,2954.809,2879.5792502423483,2884.0660728268617,2967.575674091347,37.51855789584298,0.8619973875205942,-249.2476517624318,-233.308891437253,-0.0233237405312426,-0.1351675131661422,-70.50999999999976,-156.89999999999964,-333.6199999999999,32.3726371936382,21.37274697417453,54.372417632565536,153.35554306179796,265.3327220997072,203.8185714285715,222.89071428571432,2954.809,3245.780684732388,2663.837315267612,-2381340.26220173,3144.787425526973,2940.2937448535663,2825.248894435383,26.3267786390512,44.00183904138037,-339850.1774862524,-0.0432625569201119,0.041170186989282
2025-11-25,2952.58,2979.0,2854.98,2958.17,129153.15107452,0.1065582677165354,165311003.0,1356.0,8.202720783201588e-06,2848.878,3018.532857142857,2903.9666666666667,2848.878,2933.996,2918.874625121174,2908.7673818845747,2965.865551529284,37.789270152521176,0.8911005055815856,-239.6170575359756,-234.57052465699752,0.0450718754747243,-0.0840586441255244,127.57999999999991,-208.1300000000001,-465.7199999999998,34.93708287703784,28.25140029885931,48.308448033394896,134.41740414759903,262.4780498612135,189.36000000000007,214.3228571428572,2933.996,3189.035092564266,2678.956907435734,-2252187.1111272103,3122.118057392846,2931.823551281705,2824.0302222193804,31.82602203538393,40.30256113228144,-254081.3214751454,-0.0584853466508385,0.0892272636862436
2025-11-26,2958.17,3044.78,2887.88,3026.43,105309.10876742,0.1065582677165354,165435380.0,1357.0,8.202598500997792e-06,2901.366,2990.8450000000003,2979.063333333333,2901.366,2927.414,2972.6523125605872,2947.9882545897167,2976.87726943305,41.14843750363698,1.0,-225.672925507578,-232.7910048271136,0.0949496922926638,-0.0267117758860777,262.44000000000005,-65.82000000000016,-287.0300000000002,43.035789919525605,36.78183666340056,55.543696431775714,127.22632302755711,260.8343935077911,175.26000000000008,210.0764285714286,2927.414,3168.8089754572457,2686.019024542754,-2146878.0023597903,3104.211873391802,2923.405079835019,2884.148861476475,36.94296885908744,55.48578611929876,-173404.74484134166,-0.0127181223397762,0.1519919136833459
2025-11-27,3026.34,3071.58,2983.79,3014.86,73449.92905273,0.1065582677165354,165564878.0,1360.0,8.2143025527431e-06,2950.638,2975.502857142857,2999.82,2950.638,2926.111,2993.756156280294,2970.278836393145,2983.7832204452225,40.7468207408479,0.9698806299874988,-213.13883416572344,-228.8605706948356,0.0889868159653242,-0.0478286959542684,246.36000000000013,-13.029999999999744,-418.8499999999999,62.18267716535436,46.71851665397261,93.11099818811785,126.14508124026209,252.2013871701037,148.63714285714292,186.7471428571429,2926.111,3165.454463407724,2686.7675365922764,-2220327.9314125204,3086.729133043112,2910.6777287213217,2921.347072482152,42.98247760870433,71.43687583029416,-194864.9416770006,-0.0634425694598015,0.2039995928875464
2025-11-28,3014.9,3099.0,2993.63,3031.86,128095.41347223,0.1065582677165354,165702631.0,1362.0,8.21954359915987e-06,2996.782,2969.9578571428574,3024.383333333333,2996.782,2917.123,3012.808078140147,2990.805890928764,2992.524453091545,41.64800671584067,1.0,-200.1319865418204,-223.11485386423257,0.0823664650820739,-0.0195294688333736,230.72000000000023,-89.87999999999965,-368.5999999999999,65.74612093736035,56.98819600741344,83.26197079725416,113.19478669287588,243.4322905666472,126.21714285714292,180.8978571428572,2917.123,3131.895007123844,2702.3509928761564,-2092232.5179402905,3076.596484216478,2899.930268702392,2964.970551803924,50.6500719469385,,-230010.03424112848,-0.0662917796321365,0.116693769727317
2025-11-29,3031.86,3053.53,2963.0,2990.31,59997.88078648,0.1065582677165354,165803516.0,1363.0,8.220573561298905e-06,3004.326,2957.387142857143,3012.343333333333,3004.326,2913.844,3001.5590390700736,2990.6405939525093,2992.1218252567187,40.04492009989549,0.8841176102372947,-190.38438960336907,-216.56876101205987,0.0127752244639451,-0.0124112831047362,37.7199999999998,-32.789999999999964,-592.6100000000001,59.1134027201328,62.347400274282506,52.64540761183338,110.21959476931649,215.3547532225014,125.55714285714294,178.76928571428576,2913.844,3122.9709773510926,2704.7170226489075,-2152230.39872677,3060.480919941555,2885.663060919495,2993.5233874270007,47.69847599532319,92.19465928316956,-253809.0389803587,-0.0982500874368313,0.0778722459646634
2025-11-30,2990.3,3053.78,2976.98,2991.9,42972.80053891,0.1065582677165354,165879016.0,1364.0,8.222860449087786e-06,3011.072,2950.219285714286,3004.69,3011.072,2929.975,2996.729519535037,2991.0603959683394,2992.0814933918605,40.13987364334521,0.8909815210340939,-180.7739825158192,-209.40980531281173,0.011402319677368,-0.041592188971535,33.73000000000002,161.30999999999997,-574.5899999999997,61.86681749372016,62.24211371707111,61.11622504701828,108.4715275749617,180.47617024794863,123.60428571428578,166.7328571428572,2929.975,3135.785253048784,2724.164746951216,-2109257.59818786,3037.4607346606376,2888.713636797767,3014.7875590657536,51.58564214215927,91.6117877461227,-280085.1159765463,-0.1015200824719238,0.1889772975270778
2025-12-01,2991.68,3000.07,2716.82,2798.3,173487.80302209,0.1065582677165354,166029691.0,1356.0,8.167213899109166e-06,2965.4460000000004,2933.82,2926.8366666666666,2965.4460000000004,2933.406,2897.5147597675186,2926.80693064556,2956.8484945933405,33.23739488186939,0.3920217479250599,-183.1592220166085,-204.1596886535711,-0.0753792422094677,-0.074360755515861,-228.12999999999963,34.3100000000004,-618.2399999999998,32.478414514189986,51.15287824268099,-4.870512942792018,103.04487611392696,164.179490462174,132.09428571428575,167.95642857142863,2933.406,3128.9199058379336,2737.8920941620663,-2282745.40120995,3006.872648783743,2916.032585718363,2957.0299911048896,52.50382151230561,68.0718787060275,-353761.5425450448,-0.0875453222115174,0.1156802539307894
2025-12-02,2798.25,3034.84,2781.87,2996.7,128062.03226086,0.1065582677165354,166164196.0,1358.0,8.17263906840677e-06,2961.814,2924.888571428572,2928.9666666666667,2961.814,2956.226,2947.107379883759,2950.1046204303734,2964.0942228490967,43.88658903730154,1.0,-171.63456546268526,-197.654664015394,-0.0060234969451319,0.0586838786260106,-18.16000000000031,228.19999999999985,-417.3600000000001,74.72723665939296,56.35748955576771,111.46673086664346,86.38983739101297,133.12441962709397,150.51571428571438,169.9378571428572,2956.226,3120.1391917083074,2792.312808291692,-2154683.36894909,2983.918178479508,2931.69457428993,2943.253062182457,50.50093001641464,68.03712763329727,-264315.0450150164,-0.0303359330561786,0.1597990478116762
2025-12-03,2996.6,3214.99,2986.28,3189.79,166820.22275226,0.1065582677165354,166312271.0,1359.0,8.171375400195215e-06,2993.4,2936.795,2994.9300000000003,2993.4,2995.091,3068.44868994188,3029.9997469535824,3005.129818694715,51.92397494844451,1.0,-149.13809606199266,-187.95135042471367,0.0520901360880778,0.1540526557621411,157.92999999999984,388.6500000000001,-39.86000000000013,95.76463469974289,67.65676195777529,151.98038018367808,95.78008868120224,129.51510598746904,160.77428571428572,168.01714285714291,2995.091,3176.820940835308,2813.3610591646925,-1987863.14619683,2968.6959187596203,2970.1914554496548,2975.856292601203,61.96082301813535,70.90886532297986,-134256.39467635378,0.0580683229972983,0.2811281488027859
2025-12-04,3189.8,3241.57,3067.09,3134.13,146083.73369148,0.1065582677165354,166444180.0,1357.0,8.152883447171298e-06,3022.164,2958.4764285714286,3106.873333333333,3022.164,3013.245,3101.28934497094,3064.7098313023885,3028.584397113858,49.71347564488556,0.9083149630906177,-132.88745299560287,-176.93857093889156,0.0480953479739558,0.1320679068087411,143.82000000000016,181.54,24.640000000000327,82.71473848480461,84.4022032813135,79.33980889178682,103.705919604969,130.8935673744053,173.15857142857143,160.8978571428572,3013.245,3210.013147676407,2816.476852323593,-2133946.87988831,2965.9715618802948,3003.8302714901383,3011.6064568006905,72.47955400137485,73.62149121741388,-168081.37657190516,0.0847163700645763,0.1489197366493842
2025-12-05,3134.09,3194.24,2985.36,3022.61,139256.13602594,0.1065582677165354,166561724.0,1350.0,8.105103427003433e-06,3028.306,2976.949285714286,3115.51,3028.306,3019.689,3061.94967248547,3050.676554201593,3027.498143093156,45.53108413595797,0.732241916393506,-125.25900360661764,-166.6026574724368,0.0102643804940005,0.079064238131618,30.71000000000004,64.44000000000005,-143.69000000000003,59.36606910885944,79.28181409780233,19.53457913097367,101.88962224442824,124.13113909659816,187.94571428571427,157.0814285714286,3019.689,3213.0109657359303,2826.3670342640694,-2273203.01591425,2966.629087411309,3019.554586141357,3022.1466277630952,77.87998238932747,57.49403391867123,-257669.84631130483,0.0526045509363461,-0.0030841570300572
2025-12-06,3022.51,3068.83,3012.66,3039.13,36886.93732815,0.10838203125,166665057.0,1350.0,8.10007823055555e-06,3076.472,2996.28,3065.2899999999995,3076.472,3020.959,3050.539836242735,3046.827702801062,3029.6130261671274,46.252442801228575,0.7433919316839648,-117.00540185993532,-156.6832063499365,0.0860629668012722,0.0293098601566759,240.83,12.700000000000273,-53.11999999999989,61.42162934730823,67.83414564699076,48.59659674794315,102.06198470102515,122.08323499174884,183.0371428571428,154.2971428571429,3020.959,3214.608000503499,2827.3099994965005,-2236316.0785861,2961.7590366244863,3023.441978295308,3074.883750874891,74.89417891682669,59.04563993516216,-259790.99296556704,0.0634747500800372,-0.0788834183191301
2025-12-07,3039.12,3150.2,2910.08,3061.0,73740.78542865,0.10838203125,166738822.0,1355.0,8.126481785987429e-06,3089.332,3014.841428571429,3040.913333333334,3089.332,3025.573,3055.7699181213675,3051.5518018673747,3035.319748682195,47.24844705794555,0.7497922105681538,-107.98305525390197,-146.94317613072965,0.0214569359628926,0.0347613558382378,64.30000000000018,46.13999999999987,33.11000000000013,65.58932825154832,62.12567556923867,72.51663361616762,102.79593183152868,123.07030795870536,206.36857142857136,164.98642857142858,3025.573,3220.6145672722205,2830.5314327277792,-2162575.29315745,2956.3005645062744,3024.587503924248,3101.561486238443,74.54935028958549,60.53331899989076,-240836.79807694344,0.1054853338586496,-0.0419679561959655
2025-12-08,3060.71,3180.0,3040.27,3124.93,118930.55246979,0.10838203125,166833133.0,1355.0,8.12188787463459e-06,3076.36,3027.151428571429,3075.02,3076.36,3034.88,3090.3499590606834,3076.0112012449163,3051.612521649068,50.15617918427769,0.9053975763425596,-95.8602630299797,-136.72659351057965,-0.0203336269785785,0.0325465978066565,-64.86000000000013,93.06999999999972,3.1900000000000546,77.77227251071933,68.26107670319196,96.79466412577406,107.53248449758516,123.27124773718388,185.8657142857142,158.98,3034.88,3238.9085440814697,2830.8514559185305,-2043644.74068766,2954.2034528074423,3032.4998984658064,3095.3527169747017,73.64780995839837,78.36070111045866,-215651.40447799512,0.0743317043948103,0.0132186666953332
2025-12-09,3124.93,3398.0,3090.92,3318.54,135391.03238959,0.10838203125,166960318.0,1353.0,8.103721987400622e-06,3113.242,3052.8921428571425,3168.1566666666663,3113.242,3067.703,3204.4449795303417,3156.8541341632776,3100.1447904401466,57.75138261272353,1.0,-73.45382211257584,-124.0720392309789,0.0588392951153908,0.1007277286507499,184.40999999999983,328.23,295.44000000000005,88.33494817816141,77.23218298014302,110.54047857419818,138.15133988573325,144.99915162273808,193.59571428571417,172.05571428571426,3067.703,3329.82673750579,2805.57926249421,-1908253.70829807,2966.04441574404,3061.643277508667,3126.8856047001964,74.01009216984532,78.92221560427757,-150327.9208292989,0.0829926945052146,0.0890825278163043
2025-12-10,3318.24,3477.44,3288.78,3325.02,124648.6028813,0.10838203125,167091871.0,1356.0,8.115296045730435e-06,3173.724,3074.2200000000003,3256.1633333333334,3173.724,3101.0150000000003,3264.7324897651706,3212.9094227755186,3141.0311921783014,57.98216024276261,1.0,-54.12876102201926,-110.08338358918698,0.100049295145586,0.096693119075419,302.40999999999985,333.1199999999999,494.42999999999984,79.9610843785333,82.02276835580469,75.83771642399051,156.75216980600322,157.8322299318528,187.87428571428563,174.32428571428568,3101.0150000000003,3398.431330856267,2803.598669143734,-1783605.10541677,2992.7080398182165,3093.800367278751,3204.1074859890296,74.58136897588545,78.03882954845879,-227088.62623982303,0.1147658722965811,0.0426253966284914
2025-12-11,3325.26,3328.54,3145.53,3237.4,144773.67579285,0.10838203125,167226518.0,1357.0,8.114741706216714e-06,3213.378,3090.1157142857146,3293.653333333333,3213.378,3144.925,3251.066244882585,3221.0729485170127,3158.552793600428,53.709984028749375,0.8273503041267464,-43.17333794368415,-96.70137446008644,0.065239065127191,0.0826302289729159,198.27,439.0999999999999,473.4100000000003,68.44153453761405,78.9125223647696,47.49955888330294,119.64057313006364,153.5698805267432,189.092857142857,181.12571428571425,3144.925,3371.927026995365,2917.9229730046354,-1928378.78120962,3037.814428879097,3147.368605548867,3222.234228890011,66.48479860716154,59.101653178693134,-226511.14531895105,0.1099356660005649,0.1047678709937822
2025-12-12,3237.7,3266.95,3045.3,3084.91,120880.53475436,0.10838203125,167325611.0,1355.0,8.097983278841874e-06,3218.16,3093.905,3215.776666666666,3218.16,3153.746,3167.9881224412925,3175.685299011342,3145.1631947639867,47.19288800570592,0.5639775896154535,-43.08080745663074,-85.9772610593953,0.0078111728193399,0.031087268959524,23.90999999999985,88.21000000000004,316.40999999999985,48.393415897557226,65.59867827123486,13.982891150201963,110.39215443137805,139.9092634305622,190.91714285714275,189.4314285714285,3153.746,3363.2003862897227,2944.291613710277,-2049259.31596398,3053.937227849241,3168.0958514615463,3226.183522578002,58.84338059472532,60.28832628767134,-304187.7280623012,0.0600909988189429,-0.0330232563502309
2025-12-13,3084.91,3135.78,3079.05,3115.0,33885.15056189,0.10838203125,167425135.0,1357.0,8.105115160874739e-06,3216.174,3102.8114285714287,3145.77,3216.174,3146.267,3141.4940612206465,3155.456866007562,3139.678977534171,48.52028472411911,0.6176211258969095,-40.83768123169057,-76.94934509385436,-0.0031776711798343,0.1131758567701817,-9.929999999999836,-74.78999999999996,313.8600000000001,52.34939917435775,56.39478320317634,44.258631116720565,110.212208443535,126.9388417558396,190.9971428571428,187.0171428571428,3146.267,3355.379962783287,2937.154037216713,-2015374.16540209,3065.9524359351094,3172.121724402613,3242.7609366845954,59.7358514417533,60.4575611040479,-295126.60107439605,0.0768081336624344,-0.1497195242327944
2025-12-14,3115.0,3130.35,3025.14,3063.3,52828.2429336,0.10838203125,167537824.0,1357.0,8.099663512401833e-06,3165.126,3107.9114285714286,3087.736666666667,3165.126,3139.184,3102.397030610324,3124.737910671708,3125.791890709776,46.363828471786185,0.5304731485012135,-41.79925386827836,-69.91932684873916,-0.0769133414091738,0.0222244468915808,-255.23999999999967,-70.82999999999993,110.71000000000004,45.552312587100005,48.765042553005,39.12685265529001,113.31132405898887,123.89565301727605,171.7242857142856,189.0464285714285,3139.184,3354.1771212295043,2924.190878770496,-2068202.40833569,3080.4112188832955,3170.432592788241,3216.4616964738298,56.732518940069205,52.49976955474053,-309632.9021707906,0.0141555864296055,-0.1442604996712177
2025-12-15,3063.44,3178.0,2893.38,2964.4,188580.10039244,0.10838203125,167678132.0,1356.0,8.086922151542098e-06,3093.0020000000004,3119.7757142857145,3047.566666666667,3093.0020000000004,3133.3630000000003,3033.3985153051617,3071.2919404478057,3096.4479105807254,42.47481670903717,0.0,-48.23111168074138,-65.5816838151396,-0.1084564904872752,-0.070659824000953,-360.6199999999999,-58.21000000000004,6.230000000000018,26.24178731112616,41.38116635752797,-4.036970781677496,121.18682281227824,123.59070005890794,192.42285714285703,189.1442857142856,3133.3630000000003,3363.298829491631,2903.4271705083697,-2256782.50872813,3083.3366807668863,3155.349702068732,3111.220280810178,55.88147108358731,33.86764561891913,-404101.84572343656,-0.0683751176230437,-0.1420917204346222
2025-12-16,2964.51,2981.8,2878.01,2961.96,108885.75640921,0.10838203125,167808578.0,1358.0,8.092554124378552e-06,3037.914,3117.2942857142857,2996.5533333333333,3037.914,3125.646,2997.679257652581,3034.847960298537,3071.995563202412,42.38036650671163,0.0,-53.254518586259564,-63.1162507693636,-0.0850806202508185,-0.0549339051028515,-275.44000000000005,-77.17000000000007,-64.4699999999998,14.004971389486652,28.599690429237608,-15.184466690015263,129.9913772524977,125.78731041659331,163.38142857142844,178.4885714285713,3125.646,3372.287296980056,2879.0047030199435,-2365668.26513734,3080.910959767471,3137.9925796844154,3038.3348882717696,48.95710503702151,17.308128404564656,-336844.25016129744,-0.0743698772386182,-0.0698867590444652
2025-12-17,2961.99,3028.99,2790.01,2832.25,153896.3781066,0.10838203125,167918544.0,1344.0,8.003880738746758e-06,2987.382,3091.7557142857145,2919.536666666667,2987.382,3102.771,2914.96462882629,2967.315306865692,3028.405460801973,37.594466488775055,0.0,-64.78231118564509,-63.449462852619895,-0.0819019031349373,-0.0629786839850328,-252.65999999999983,-228.75,-182.61000000000013,6.144625634610039,15.46379477840762,-12.49371265298512,159.4258011636379,136.430040510448,170.56999999999985,179.22214285714273,3102.771,3405.260189684531,2800.2818103154686,-2519564.64324394,3069.4457594030755,3110.9929818183004,2972.992616988613,39.08863408658724,0.0,-436337.8915432949,-0.105997344297639,-0.1653006587082163
2025-12-18,2832.25,2995.99,2773.42,2826.57,150314.12370061,0.10838203125,168009775.0,1347.0,8.017390654799699e-06,2929.696,3069.787142857143,2873.5933333333337,2929.696,3072.9350000000004,2870.767314413145,2920.400204577128,2991.708104292524,37.395318598133976,0.0,-74.03947761832251,-65.56746580576042,-0.0925939004815409,-0.069941068661097,-288.42999999999984,-298.3599999999997,-205.29,7.549501434618348,9.233032819571685,4.182438664711672,181.24365945998096,146.35094968043987,176.2214285714284,182.6571428571427,3072.9350000000004,3416.820665214478,2729.0493347855227,-2669878.76694455,3057.664006116574,3080.17829777315,2941.1757152145683,29.887323373754825,0.0,-514861.6061619312,-0.1238311472072486,-0.2464494225899658
2025-12-19,2826.57,3017.41,2806.9,2978.03,120797.81921161,0.10838203125,168135259.0,1347.0,8.011407054126583e-06,2912.6420000000003,3066.6028571428574,2878.9500000000003,2912.6420000000003,3038.884,2924.3986572065724,2939.6101363847524,2989.221176239337,45.66131495405829,0.4015184309770516,-71.85893661266482,-66.82575996714131,-0.0278359938628276,-0.0271055210715451,-85.26999999999998,-340.50999999999976,-12.279999999999744,29.06309479844325,14.252407289223882,58.68446981688199,160.80831026066392,146.65724847142317,174.62999999999985,182.7735714285713,3038.884,3343.996316264034,2733.7716837359662,-2549080.94773294,3052.750356262418,3044.138113643526,2930.360840532885,37.72277830344207,14.862054124440007,-439258.96172162105,-0.0785431204748957,-0.240878163399262
2025-12-20,2977.95,2992.98,2964.43,2976.6,22537.36877657,0.10838203125,168259270.0,1345.0,7.993616042670338e-06,2915.0820000000003,3062.1364285714285,2927.066666666667,2915.0820000000003,3004.042,2950.499328603286,2951.940090923169,2986.9264169230937,45.60009726415998,0.3985447990351026,-69.58104267164117,-67.37681650804129,0.0041155039805693,-0.0474666632532568,12.199999999999818,-348.4200000000001,-15.300000000000182,28.859975568875864,21.824190600645824,42.93154550533594,125.87456294087607,147.0337678105855,170.6042857142856,180.8007142857141,3004.042,3242.8721910228346,2765.211808977165,-2571618.31650951,3052.860427122727,3006.476323266004,2904.6470615061685,39.49117823672743,17.964601473919217,-442582.3355412133,-0.0694228747098461,-0.1963712443194895
2025-12-21,2976.7,3012.25,2943.0,3001.42,38659.49857414,0.10838203125,168352874.0,1348.0,8.006991315158659e-06,2922.974,3057.880714285714,2985.3500000000004,2922.974,2980.4440000000004,2975.959664301643,2968.433393948779,2989.561613846168,46.93002435973729,0.4631456308933642,-65.65412914191893,-67.03227903481682,0.0133222595848694,-0.0955600957047375,39.46000000000004,-235.98,203.1199999999999,32.385443595352406,30.102837987557177,36.95065481094287,95.79022974999351,135.07828344197245,165.46714285714273,168.59571428571417,2980.4440000000004,3162.193182160481,2798.69481783952,-2532958.81793537,3068.5481578201025,2971.969722509502,2903.030975748694,38.074717700795794,23.350152724940813,-416014.74655719416,-0.0282217552970307,-0.1911735069022289
2025-12-22,3001.37,3075.84,2962.08,3007.69,97545.57724577,0.10838203125,168490925.0,1342.0,7.964820657254983e-06,2958.0620000000004,3049.5064285714284,2995.236666666666,2958.0620000000004,2972.722,2991.8248321508217,2981.5189292991863,2992.857684055955,47.28065523998676,0.4801774265569284,-61.53105775152608,-65.93203477815868,0.0619436843498986,-0.0954370199276997,175.44000000000003,-77.2199999999998,10.990000000000236,33.2760432942246,31.50715415281763,36.81382157703855,89.32762392203509,134.81783270300377,141.05857142857135,166.74071428571418,2972.722,3142.209249738745,2803.234750261256,-2435413.2406896,3073.853022534088,2956.2929295392537,2935.388886031548,37.04020759405203,41.02577879706423,-435342.078757613,-0.0786207482340198,-0.1354998280239055
2025-12-23,3007.62,3033.98,2900.0,2962.85,87383.52700078,0.10838203125,168669262.0,1336.0,7.920826736053425e-06,2985.318,3024.1,2990.653333333333,2985.318,2957.5070000000005,2977.337416075411,2975.295952866124,2987.4017415003264,44.99130313656752,0.3689727967774711,-60.37200288155509,-64.82002839883796,0.0482139129757974,-0.0848057082844258,136.27999999999977,-152.1500000000001,-226.94000000000003,26.90690605380527,30.856130981127432,19.00845619916094,74.052747274425,133.1454587284081,145.37142857142848,154.37642857142848,2957.5070000000005,3098.012209028006,2817.001790971995,-2522796.76769038,3064.843049893651,2951.9927665310847,2971.2878082785096,28.50046637998412,42.30042096209801,-440742.4042059372,-0.146230831783786,-0.1425609511366071
2025-12-24,2962.71,2976.3,2886.35,2945.07,73342.07583396,0.10838203125,168863246.0,1336.0,7.911727576289751e-06,2978.726,2996.960714285714,2971.8700000000003,2978.726,2945.684,2961.203708037706,2965.220635244083,2979.70506122754,44.07987939025799,0.4097271145738638,-60.01179262200958,-63.85838124347229,-0.0110677192640772,-0.0453303337860746,-32.96000000000004,-118.23000000000002,-189.06,30.921242253927097,30.368063867318995,32.02759902714331,64.04770031434784,133.7092932014048,124.0814285714286,147.3257142857142,2945.684,3067.205967133533,2824.162032866467,-2596138.84352434,3054.1936805723662,2944.7287462024005,2977.2216384307544,19.86708133670548,47.86670021943499,-418328.0221639631,-0.123690744275919,-0.1043197188470946
2025-12-25,2944.96,2969.34,2889.03,2902.34,31419.70884907,0.10838203125,169008356.0,1333.0,7.887183992251838e-06,2963.874,2973.027857142857,2936.7533333333336,2963.874,2939.478,2931.771854018853,2944.2604234960554,2965.638686458896,41.88391709959551,0.4034707567313207,-61.81745283196233,-63.450195561170304,-0.0249479271652219,-0.0682696629213482,-74.25999999999976,-62.059999999999945,-120.26999999999998,26.12201892488808,27.98338907754016,22.399278619583924,65.03182174905568,137.3040078563594,103.75857142857149,139.98999999999995,2939.478,3062.8672062702544,2816.0887937297457,-2627558.55237341,3051.0357789920185,2929.5366117311287,2971.715116627517,21.83430403360829,59.47770732203266,-439333.17928146495,-0.0948471412024419,-0.0398192325110992
2025-12-26,2902.34,2991.8,2892.35,2925.43,65611.25452567,0.10838203125,169189272.0,1329.0,7.855107976349706e-06,2948.676,2961.636428571429,2924.28,2948.676,2935.825,2928.6009270094264,2937.9836156640367,2958.328016193642,43.52128038000155,0.5506499267048429,-61.40037265839965,-63.04023098061617,-0.0253180161390276,-0.0450070185747397,-75.99000000000024,-36.5300000000002,-113.70000000000029,37.57229719709323,31.53851945863614,49.63985267400739,64.65352310586754,139.52185003280692,87.89285714285727,131.26142857142855,2935.825,3058.496435061319,2813.1535649386806,-2561947.2978477404,3047.376599822192,2928.6513784825943,2963.7110395817344,28.27770968853261,54.17229360429809,-461295.961213688,-0.103652058956986,-0.1478914162072968
2025-12-27,2925.58,2958.84,2915.39,2946.6,17100.49298785,0.10838203125,169385143.0,1320.0,7.792891257292854e-06,2936.458,2949.607857142857,2924.7899999999995,2936.458,2947.26,2937.600463504713,2940.8557437760246,2956.19564961298,45.04989787039506,0.7743367322315502,-59.283364511020864,-62.28885768669711,-0.0203112687810247,-0.0060045877749291,-61.09000000000015,114.34999999999992,-114.40000000000008,42.80488407731472,35.49973339976535,57.415185432413466,53.43888534267552,140.5569861011547,90.02142857142871,130.31285714285715,2947.26,3048.653155982065,2845.8668440179345,-2544846.80485989,3046.6777759859738,2938.7391352698114,2943.9786562721856,30.12501075356248,53.53919677177644,-453829.9922383253,-0.1128493691828406,-0.0248216497359196
2025-12-28,2946.34,2958.89,2923.24,2948.92,20908.58592207,0.10838203125,169590772.0,1325.0,7.812925104203194e-06,2933.672,2941.437857142857,2940.316666666667,2933.672,2959.495,2943.2602317523565,2943.5438291840164,2954.872804228801,45.22486210113277,0.7920361022253791,-56.93207667658589,-61.21750148467488,-0.0047015542467555,-0.0044024902429472,-13.929999999999836,122.34999999999992,-176.00999999999976,43.37831825596916,41.25183317679237,47.63128841432274,32.729798604141045,139.47791794665883,85.22142857142873,125.34428571428572,2959.495,3021.595426568611,2897.394573431389,-2523938.2189378203,3040.9288897508814,2958.099803922723,2934.878077437178,32.77795769516256,51.39046612213727,-444616.1385262431,-0.1279568999213144,0.1221010710052374
2025-12-29,2948.91,3054.7,2907.07,2934.19,88554.14320991,0.10838203125,169847348.0,1323.0,7.78934740859186e-06,2931.496,2939.28,2943.236666666666,2931.496,2955.111,2938.7251158761783,2940.425886122678,2951.112294369019,44.26124643300731,0.6945568050565115,-55.439231580846354,-60.06184750390917,-0.0036943094731195,0.0359925854003,-10.88000000000011,-43.84000000000015,-384.3499999999999,53.16116658951125,46.448122974265054,66.58725382000365,32.906871437113885,120.86729372919297,90.06000000000007,115.5592857142857,2955.111,3017.5473986469706,2892.674601353029,-2612492.3621477303,3019.35420494488,2964.612670037822,2946.597163490986,44.25894254415302,50.03816554753285,-500635.04684009193,-0.2010310176338565,-0.1130185113183113
2025-12-30,2934.18,3005.9,2915.01,2970.42,113086.56309377,0.10838203125,170113250.0,1323.0,7.777171972200872e-06,2945.112,2939.8842857142854,2951.1766666666667,2945.112,2954.493,2954.572557938089,2950.4239240817856,2954.6227863019244,47.23900737889876,0.995786905130608,-51.57884441311671,-58.365246885750686,0.0234569347492024,0.050892070601471,68.07999999999993,-6.179999999999836,-354.5999999999999,65.14119436545201,53.89355973697749,87.63646362240105,32.514148732186456,93.01660750837068,83.90428571428576,114.63785714285711,2954.493,3016.184259705111,2892.801740294889,-2499405.7990539605,2990.9235984387697,2963.9871588052406,2955.674673374004,44.05013285287272,46.892794536678686,-475837.8722063718,-0.1437034084095406,-0.0524856958623079
2025-12-31,2970.42,3024.29,2958.07,2966.84,84906.66933587,0.10838203125,170299388.0,1318.0,7.739311429586582e-06,2953.394,2949.4978571428574,2957.15,2953.394,2951.035,2960.7062789690444,2955.8959493878574,2956.844097883393,46.97197081240671,0.968773503749672,-48.21950455878096,-56.33609842035674,0.0141551840242291,-0.0037575175535504,41.41000000000031,-34.57999999999993,-270.55999999999995,63.95741022419153,60.753257059718266,70.36571655313804,28.568156806736702,70.43160762304244,80.5142857142857,102.29785714285715,2951.035,3005.2392664372783,2896.830733562721,-2584312.4683898306,2969.192606836461,2965.1434449932426,2966.7115441817555,55.35227911543926,65.77242370694927,-538254.9163511944,-0.1865474082005039,-0.1798023444180248
2026-01-01,2966.68,3006.97,2966.2,3000.41,31274.2034847,0.10838203125,170264263.0,13642.0,8.012250932540083e-05,2964.156,2961.915,2979.2233333333334,2964.156,2950.307,2980.558139484522,2970.733966258572,2964.765170995503,49.83561130133456,1.0,-43.05041181866864,-53.67896110001912,0.0182617253784023,0.0079990593294363,53.809999999999945,-7.2800000000002,-84.5,71.95285193723498,67.01715217562618,81.82425146045259,27.014518750743925,65.25054494426911,74.86571428571428,89.31214285714289,2950.307,3001.563445487406,2899.0505545125934,-2553038.2649051305,2957.1542113385667,2958.5128780004147,2970.306434802173,65.93906930442647,73.16722366733165,-517044.91570483777,-0.1345904946452106,-0.1331560269168532
2026-01-02,3000.41,3148.99,2988.41,3125.24,156570.8612605,0.10838203125,170363423.0,13723.0,8.05513282038246e-05,2999.42,2972.43,3030.83,2999.42,2966.546,3052.899069742261,3022.235977505715,2993.942412632684,58.75502596564608,1.0,-30.92187694012,-49.1275442680393,0.059791381251441,0.041253806531575,176.3199999999997,162.38999999999987,10.239999999999782,90.9572037770332,75.62248864615323,121.62663403879309,61.80186480466654,66.54560622727593,83.59857142857138,85.74571428571433,2966.546,3083.8067938571257,2849.285206142874,-2396467.4036446307,2966.0958556550136,2987.194028502312,3010.1743877287386,67.5220446848238,78.23377954702109,-406788.1403197504,-0.0655212685727091,0.0497298317040606
2026-01-03,3124.62,3135.93,3075.2,3125.43,39093.70486454,0.10838203125,170595960.0,14107.0,8.269246235373921e-05,3037.668,2983.0607142857143,3083.6933333333327,3037.668,2984.582,3089.1645348711304,3056.6339850038103,3017.8492466994685,58.767043202562775,1.0,-20.73322236662944,-43.44867988775733,0.0651764200682301,0.0391463215956431,191.23999999999967,180.35999999999967,62.12999999999965,91.02954614681695,84.64653395369504,103.79557053306075,78.8142460049848,72.68874220369811,86.06714285714277,88.04428571428573,2984.582,3134.121517666747,2835.042482333253,-2357373.6987800905,2966.1357090575034,3000.5287974814883,3028.906984383448,68.14809861341332,79.19815440529838,-381212.7592186772,-0.0423432088446619,0.0572301684322392
2026-01-04,3125.53,3166.32,3117.71,3143.14,45533.73655067,0.10838203125,170812710.0,14135.0,8.275145333154659e-05,3072.212,2993.183571428571,3131.27,3072.212,3008.662,3116.152267435565,3085.469323335873,3040.629383663201,59.93872058702527,1.0,-11.154942837791625,-36.98993247776419,0.0581466593949675,0.060850194913681,172.7199999999998,240.79999999999973,178.73999999999978,91.72054148658776,91.2357638034793,92.69009685280464,87.23123622495697,82.86894123283152,87.91857142857134,86.57000000000004,3008.662,3174.171633749831,2843.1523662501686,-2311839.9622294204,2965.7416685733847,3014.084005554876,3063.975254666551,68.45645952944282,80.2001358466778,-379105.14952439646,0.0161537676266799,0.0908909969124936
2026-01-05,3143.15,3264.66,3132.79,3225.19,116202.42497422,0.10838203125,170959833.0,14164.0,8.284987035521964e-05,3123.882,3008.719285714286,3164.586666666666,3123.882,3038.638,3170.6711337177826,3132.0428822239155,3074.185859360801,64.91324413404291,1.0,1.7380032510377532,-29.244345332003807,0.0870791818904963,0.0951148869127049,258.3499999999999,299.7600000000002,263.23,89.56675742116259,90.77228168485576,87.15570889377622,105.12151717576296,99.98106864353475,85.6671428571428,87.86357142857143,3038.638,3238.092055220753,2839.1839447792468,-2195637.537255201,2985.575860170737,3052.7383121637195,3124.573515764502,69.30091046793993,81.4096528997618,-332463.8030931725,0.0028174811746784,0.1806316445215676
2026-01-06,3225.19,3307.72,3181.62,3295.59,120521.49963554,0.10838203125,171105432.0,14453.0,8.446838788846868e-05,3182.918,3032.486428571429,3221.306666666667,3182.918,3073.537,3233.130566858891,3186.558588149277,3114.4411576588373,68.52464777735892,1.0,16.53555183785329,-20.08836589803239,0.0983798880819621,0.135494118538834,295.1800000000003,348.99000000000024,463.34000000000015,97.12129482402646,92.80286457725894,105.75815531756152,126.85456905449198,114.76740071139866,90.6971428571428,87.30071428571429,3073.537,3314.226621886784,2832.847378113216,-2075116.0376196608,3017.7461377126097,3085.9234179289765,3167.867628808516,79.08112532664714,,-235129.0725389816,0.1322555550758765,0.2678017253765538
2026-01-07,3295.58,3295.83,3121.68,3165.64,120187.64882991,0.10838203125,171307755.0,14596.0,8.520338148147467e-05,3190.998,3048.241428571429,3228.806666666667,3190.998,3095.209,3199.3852834294457,3179.585725432852,3123.750038084503,56.88546613201736,0.5631057651486788,20.65483110982086,-11.93972649646174,0.0129270072058467,0.0821110059034055,40.40000000000009,216.7199999999998,339.0699999999997,66.06558551673074,84.2512125873066,29.694331375579026,121.60297204427552,111.17036516322398,106.11571428571428,93.31499999999998,3095.209,3325.9344171434154,2864.483582856584,-2195303.6864495706,3047.345991849445,3103.4024346867127,3203.5672654734853,74.96439702728004,80.72147672030587,-294639.7297804581,0.1476772790658116,0.163741956767439
2026-01-08,3165.67,3182.0,3050.2,3104.3,123784.90554436,0.10838203125,171432447.0,14172.0,8.26681310802266e-05,3186.772,3062.6671428571426,3188.51,3186.772,3112.2200000000003,3151.842641714723,3154.490483621901,3120.2136675236843,52.36417885121261,0.3536683011803313,20.150008650101427,-5.521779467149108,-0.0067606697318447,0.0535193103916378,-21.12999999999965,170.11000000000013,126.26999999999998,51.02679538724519,71.4045585760008,10.27126900973397,107.67612548750463,111.80558339672716,119.12000000000002,96.99285714285716,3112.2200000000003,3316.521083697574,2907.9189163024266,-2319088.5919939307,3061.8699673570004,3117.3986291085025,3188.85581770526,68.7357669339844,66.3113839920143,-316804.55353498633,0.081951816640177,0.1932693392447416
2026-01-09,3104.29,3145.01,3053.69,3084.31,105429.69239068,0.10838203125,171699204.0,13986.0,8.145640558706376e-05,3175.006,3074.0157142857142,3118.083333333333,3175.006,3123.609,3118.0763208573617,3131.096989081268,3113.685727973924,50.94315831633813,0.2753905682265908,18.365214389524223,-0.7443806958144412,-0.0187169518379709,0.0459117236140689,-58.82999999999993,113.88999999999989,107.71000000000004,44.2381130662673,53.776831323414406,25.160676551973083,96.4491615596341,111.5058655478594,109.22571428571436,96.41214285714284,3123.609,3306.608417365201,2940.6095826347987,-2424518.2843846106,3065.238828475851,3133.234431408563,3175.463884192694,60.97549246091085,48.47540173914628,-351532.1613658196,0.0577320434794979,0.1317488144108516
2026-01-10,3084.3,3101.47,3074.0,3082.39,21670.68894315,0.10838203125,171923254.0,13897.0,8.083257893664576e-05,3146.4460000000004,3083.715,3090.333333333333,3146.4460000000004,3135.164,3100.233160428681,3114.8613260541783,3107.995595615028,50.800562201517934,0.2695135638941628,16.640038326313515,2.73250310861115,-0.0442764612317414,0.0505079766477289,-142.80000000000018,115.54999999999971,80.9699999999998,43.758891800823626,46.341266751445374,38.59414189958014,81.31507530041372,111.5375727808369,104.47428571428574,95.27071428571423,3135.164,3289.4485076344445,2980.879492365555,-2446188.9733277606,3067.501059582896,3146.5549344535343,3163.934354928928,59.33529114238524,43.88352221149094,-359965.34901788644,0.0359261540176814,0.2025397839829397
2026-01-11,3082.4,3142.41,3080.29,3118.65,38157.04305369,0.10838203125,172144458.0,13893.0,8.070547353897388e-05,3111.058,3095.838571428572,3095.1166666666663,3111.058,3146.9880000000003,3109.4415802143403,3116.1242173694527,3109.932760048659,53.45057171085641,0.3787319488901058,17.286849546134818,5.643372396115884,-0.0536899310897289,0.04990203405579,-176.94000000000003,118.24000000000024,110.96000000000004,52.809185074254366,46.93539664711509,64.55676192853291,66.8541323911888,112.4395538137738,106.4042857142857,97.16142857142852,3146.9880000000003,3273.834797610358,3020.141202389643,-2408031.9302740707,3072.0770748918567,3150.622266877061,3130.482144666166,59.95797905368431,43.21810028157197,-350997.33825510653,0.0562021219674069,0.1871692098806388
2026-01-12,3118.82,3167.27,3062.02,3091.94,88338.00436696,0.10838203125,172385379.0,14078.0,8.166585868050909e-05,3096.318,3107.1064285714283,3097.66,3096.318,3143.658,3100.69079010717,3108.062811579636,3106.6613491307207,51.26029413068639,0.1989694052972221,16.061361556342035,7.726970228161115,-0.0232812322310811,0.0421660756899595,-73.69999999999982,-33.29999999999973,129.09000000000017,45.05360189452778,47.20722625653526,40.74635317051282,68.85709271947663,110.95049396725295,102.60142857142856,94.1342857142857,3143.658,3274.305147630566,3013.010852369434,-2496369.9346410306,3080.3312620743104,3157.9844932478845,3104.652163728804,52.768536608136685,26.269917430050867,-389110.67581618624,0.0343823252704711,0.0215863314523368
2026-01-13,3091.94,3375.0,3087.93,3323.38,130752.63257942,0.10838203125,172666941.0,14013.0,8.115624171508315e-05,3140.134,3132.317857142857,3177.99,3140.134,3163.453,3212.035395053585,3179.835207719757,3146.064740197862,64.74219861277558,0.8245021177307045,28.92710032633977,11.966996247796846,0.0705730760557936,0.1076419555994014,219.08,197.95000000000027,378.31,87.61902477634136,61.82727058170784,139.20253316560843,88.64474040298114,122.81786934425222,125.5971428571429,108.14714285714284,3163.453,3331.644569360664,2995.2614306393366,-2365617.302061611,3102.3692827840864,3174.901456401305,3155.7958401764085,62.613061498721535,27.51346927141985,-305381.0752063182,0.072443476070044,0.0832785999168985
2026-01-14,3323.37,3405.03,3278.45,3354.82,168871.62431704,0.1107015503875969,173027318.0,14783.0,8.54373758483617e-05,3194.236,3160.030714285714,3256.713333333333,3194.236,3184.621,3283.4276975267926,3238.163471813172,3184.020241980069,66.11347250940835,0.8709845062882832,41.12665988140725,17.79892897451893,0.0877051917608802,0.0734599582752046,270.5100000000002,211.6800000000003,452.48,88.55821160813983,73.74361275966966,118.1874093050802,106.6921211763638,130.93596748732165,118.80142857142866,112.45857142857146,3184.621,3387.055066787196,2982.1869332128044,-2196745.6777445707,3130.0027622480084,3204.295468477332,3242.034020847348,65.41867663033321,51.33090198710226,-270480.7616328168,0.0995265584168413,0.105061117726049
2026-01-15,3354.82,3384.32,3270.58,3317.98,137640.67755377,0.1107015503875969,173364842.0,15228.0,8.783787891664909e-05,3241.3540000000003,3182.714285714286,3332.06,3241.3540000000003,3193.9,3300.7038487633963,3264.768981208781,3208.376561620056,63.02052352939536,0.6894551076041957,48.55269726010056,23.94968263163525,0.0764309513072649,0.061607522804862,235.5900000000001,92.78999999999996,392.5500000000002,79.10565983390137,85.09429873946085,67.1283820227824,114.37106238516756,133.32052844258283,116.22142857142866,117.67071428571434,3193.9,3410.903833330204,2976.8961666697965,-2334386.355298341,3152.301083954356,3219.5877627501027,3268.117112956917,58.07855532487634,49.67037250090845,-293400.70565311227,0.094931925431836,0.0370141980768532
2026-01-16,3317.98,3326.59,3250.83,3294.88,87030.08309374,0.1107015503875969,173553799.0,14677.0,8.456743721294168e-05,3276.6,3194.831428571429,3322.56,3276.6,3193.829,3297.791924381698,3274.8059874725213,3224.1044595073186,61.090625333606894,0.5805694792015079,52.84253674943329,29.728253455194864,0.0565084251198435,0.0482765642001312,176.23000000000002,-0.7100000000000364,348.2800000000002,68.95696530733028,78.8736122497905,49.12367142240984,114.3011194122335,132.73683394319116,113.99857142857152,111.61214285714291,3193.829,3410.700125869727,2976.957874130273,-2421416.438392081,3160.827742632225,3220.6897749444174,3280.947164446167,49.54041239778023,50.571601053574696,-279225.0031006207,0.0949706430536675,-0.0431524876941523
2026-01-17,3294.87,3329.02,3282.3,3309.33,20339.38672031,0.1107015503875969,173395096.0,14605.0,8.422960243350827e-05,3320.078,3207.967142857143,3307.396666666667,3320.078,3208.1980000000003,3303.560962190849,3286.313991648348,3239.6000123241693,61.87708959555345,0.6249421075428286,56.80182038990006,35.142966842135905,0.0703086088345827,0.0260883854904672,217.38999999999987,143.69000000000003,360.4099999999999,73.02933799284159,73.69732104469108,71.69337188914261,119.28671936883224,130.78347084016116,116.74857142857152,110.61142857142865,3208.1980000000003,3434.5286366889,2981.8673633111007,-2401077.051671771,3164.91429516928,3226.0203117326355,3310.117004685384,48.897061891277815,53.6254456401664,-276029.560067079,0.0917255244074119,0.0201842431959184
2026-01-18,3309.0,3367.65,3276.92,3282.55,34435.3169577,0.27558,173619690.0,14651.0,8.438559013669475e-05,3311.9120000000003,3217.925,3295.5866666666666,3311.9120000000003,3226.023,3293.0554810954245,3285.0593277655657,3247.409100992502,59.47767055243724,0.489565925067905,57.964848366653314,39.70734314703939,-0.0122856850555759,-0.0039568028789989,-40.82999999999993,178.25,348.3600000000001,65.48206183242682,69.15612171086623,58.13394207554799,115.28708707204076,123.27183441804088,120.8357142857144,113.62000000000003,3226.023,3444.764867972281,3007.281132027719,-2435512.368629471,3177.604938074364,3246.379242306428,3324.0375691462964,48.54573228727986,53.522485551297,-306191.299719106,0.1090036797607753,0.012746124677105
2026-01-19,3282.5,3282.71,3162.86,3187.51,83088.29353263,0.2970639534883721,173871792.0,14636.0,8.417696643973164e-05,3278.45,3215.233571428572,3259.7966666666666,3278.45,3236.343,3240.2827405477124,3252.542885177044,3236.518355357501,51.80066127886376,0.0564259901063115,52.70099748982966,42.306074015597446,-0.0498715281296761,0.006908555615926,-167.30999999999997,103.20000000000029,217.0900000000001,38.69740439083512,59.06960140536785,-2.046989638230343,105.38588605164182,114.06886319929048,122.92142857142868,112.76142857142862,3236.343,3436.298659894894,3036.387340105105,-2518600.662162101,3192.9759104982613,3262.5362619914936,3287.8599683354114,40.7701767263809,53.71059373030518,-355101.42995462567,0.0688416233885953,-0.0044047438864771
2026-01-20,3187.17,3198.16,2912.52,2936.5,128671.13095088,0.17376,174143508.0,14280.0,8.200133420994367e-05,3202.154,3189.5842857142857,3135.52,3202.154,3221.754,3088.3913702738564,3147.1952567846965,3181.969563474319,37.89036963193284,0.0,32.78521634880144,40.40190248223824,-0.1149735682553843,-0.054054054054054,-381.48,-145.88999999999987,-30.340000000000146,4.868936671336624,36.34946763153285,-58.09212524905583,135.00270533915105,117.21100805586975,122.71714285714292,124.15714285714292,3221.754,3477.903623493775,2965.604376506225,-2647271.793112981,3190.2032226007,3232.0883611842896,3174.640328268132,31.295479788187063,34.790153786839795,-462168.2077322659,0.0423269810978142,-0.1114141101698008
2026-01-21,2936.5,3066.65,2863.4,2979.6,168165.2321748,0.2388163265306122,174420938.0,13495.0,7.737029828379893e-05,3139.0980000000004,3176.2957142857144,3034.536666666667,3139.0980000000004,3207.849,3033.995685136928,3091.330171189798,3145.175097388079,40.828586228015816,0.1041067882875462,18.82564375071161,36.08665073593292,-0.095687855096392,-0.0339492463468328,-315.2800000000002,-139.05000000000018,-20.809999999999945,21.45375994682713,21.673367002999623,21.014545834482146,152.79114600947815,118.95416863007851,133.67000000000002,126.23571428571434,3207.849,3497.749816618378,2917.9481833816217,-2479106.5609381814,3174.268089415621,3194.297493628133,3072.179877352443,30.44346424449749,8.714309565003447,-438050.0452825962,0.0408350993852504,-0.0831185099430436
2026-01-22,2979.59,3035.84,2902.91,2949.36,118196.4248216,0.1879647058823529,174517221.0,13649.0,7.82100466749926e-05,3067.1040000000003,3165.228571428572,2955.1533333333336,3067.1040000000003,3193.5910000000003,2991.6778425684643,3044.0067807931987,3109.572352408428,39.419538830923855,0.0541814698982453,5.418206150253354,29.952961818797007,-0.108774283616321,-0.0431580689010798,-359.9699999999998,-142.57999999999993,-175.87999999999963,15.87061277994203,14.06443646603526,19.48296540775557,170.44222543137838,129.084465471458,136.4114285714286,126.31642857142865,3193.5910000000003,3516.9823850986186,2870.199614901382,-2597302.985759781,3168.2409343336985,3176.0382512413075,3038.918685650233,30.697123796003893,9.18879865480328,-473643.2363275718,-0.0352590781407896,-0.0784750113901406
2026-01-23,2949.36,3015.0,2888.01,2952.77,103986.36773647,0.222425,174804102.0,13512.0,7.729795722985952e-05,3001.148,3155.832857142857,2960.5766666666664,3001.148,3156.53,2972.2239212842323,3013.5945205287994,3081.0628337887138,39.67237242739467,0.0631398610988314,-5.393875483591728,22.88359435831926,-0.1004645778434449,-0.0531896814326712,-329.7800000000002,-370.6100000000001,-172.65999999999983,16.500193859276603,17.941522195348586,13.617537187132632,179.15522822402048,137.61693818922976,143.72999999999996,128.86428571428573,3156.53,3496.453145549113,2816.606854450888,-2493316.618023312,3157.8878813777205,3143.139376111528,3008.446222343714,30.83839330400933,9.093967294860365,-471571.5337496267,-0.0460778403031022,-0.1582126583619717
2026-01-24,2952.76,2966.14,2939.8,2948.86,29942.09293195,0.3261666666666666,174755308.0,13518.0,7.735387356588905e-05,2953.418,3146.295,2950.33,2953.418,3115.934,2960.5419606421165,2992.0163470192,3057.025954918038,39.46896583873148,0.0559327659205926,-14.43708040578258,15.419459405498896,-0.074870353347911,-0.0462751541103643,-238.6500000000001,-405.96,-194.2799999999997,15.778298838690622,16.049701825969752,15.23549286413236,175.18146618102682,145.50010185834486,140.81857142857135,128.78357142857143,3115.934,3448.3174621878825,2783.550537812118,-2523258.7109552613,3155.075614979516,3099.245136709292,2974.683988049656,30.68088122734669,5.658538263504383,-480915.6493115336,-0.0523336666814288,-0.230867844786985
2026-01-25,2948.85,2956.13,2783.26,2814.28,100921.28333024,0.1311095238095238,174929675.0,13500.0,7.71738700137641e-05,2928.974,3124.554285714285,2905.3033333333333,2928.974,3065.5640000000003,2887.4109803210586,2932.7708980128004,3012.8903267511223,33.165836127203576,0.0,-29.86287249607767,6.362993025183583,-0.0416209773539927,-0.1531874176290403,-122.2199999999998,-503.6999999999998,-410.9099999999999,4.988983064477216,12.422491920814815,-9.878034648197984,182.87764441469503,162.39578020184982,152.55285714285705,136.69428571428574,3065.5640000000003,3412.5499336860844,2718.578066313916,-2624179.994285501,3136.0290092626246,3035.221329721697,2940.646329710261,26.78379652903801,0.0,-545618.0605540308,-0.110435180120978,-0.2883223438889671
2026-01-26,2814.19,2948.49,2809.43,2926.85,135029.2158281,0.3886288888888888,175119529.0,12988.0,7.416648545234496e-05,2918.424,3112.762142857144,2896.6633333333334,2918.424,3028.761,2907.130490160529,2930.7972653418674,2997.2466309781908,41.57116228063075,0.2551116582665378,-35.440130759536714,-1.9976317317604764,-0.017703718619949,-0.1275686922100143,-52.75,-368.0300000000002,-368.7400000000002,23.09374849220768,14.620343465125174,40.04055854637269,168.0308282858996,163.50264274380854,155.29714285714277,139.10928571428573,3028.761,3347.5770807048534,2709.9449192951465,-2489150.7784574013,3111.5023141639344,2990.5902205946304,2917.923225457734,34.78604495043855,16.91007872380824,-452614.33344332,-0.1118384446614841,-0.1878999520577233
2026-01-27,2926.89,3031.39,2895.61,3021.91,114381.14515769,0.1951376470588235,175331746.0,13434.0,7.662046552596357e-05,2932.934,3091.228571428572,2921.013333333333,2932.934,3000.019,2964.5202450802644,2961.168176894578,3001.730879891247,47.56787616104818,0.4371190657434606,-33.96998223519449,-8.392101832447281,0.0245985569750724,-0.089232002603994,72.54999999999973,-287.4200000000001,-143.73000000000002,38.38236003666945,22.155030531118115,70.83701904777213,136.2906127402477,164.14572361728162,133.88857142857134,128.30285714285714,3000.019,3258.6122559754867,2741.425744024513,-2374769.633299711,3098.781790801013,2983.406212988197,2922.357362990096,33.52411877721315,32.32501624311547,-354205.10250119795,-0.0307223091060522,-0.076882645168545
2026-01-28,3021.9,3041.67,2979.21,3006.17,108171.16245197,0.3329642857142857,175576994.0,13711.0,7.809109660460413e-05,2943.614,3066.325,2984.976666666667,2943.614,2972.3810000000003,2985.3451225401323,2976.1687845963856,3002.5379926382925,46.71297634895228,0.4537692871891917,-33.44465919119466,-13.40261330419676,0.0180847136756334,-0.0876238284854076,53.40000000000009,-276.3800000000001,-98.13000000000012,37.08614780554352,32.854085444806884,45.55027252701679,94.13445377638752,165.59986513469883,113.7757142857142,123.72285714285712,2972.3810000000003,3150.988568137534,2793.7734318624666,-2482940.795751681,3092.8714642640743,2975.66427365722,2935.2538701171416,29.70523922995139,50.581493168166254,-368995.0757214961,-0.0271370878314886,-0.0575889603693004
2026-01-29,3006.17,3009.5,2750.36,2817.79,177140.15522134,0.1276974789915966,175553339.0,13651.0,7.775984255132852e-05,2917.4,3030.597142857143,2948.623333333333,2917.4,2935.409,2901.567561270066,2923.3758563975907,2968.9474485222395,37.92741604630368,0.1658436795296685,-44.13889348025032,-19.549869339407472,-0.0444476848680507,-0.1485315758778967,-131.07000000000016,-369.72000000000025,-266.52,10.923552949181072,28.797353597131348,-24.82404834671948,69.68202485418207,177.1799988533778,131.80571428571417,134.10857142857137,2935.409,3067.6213463070067,2803.1966536929936,-2660080.950973021,3072.0465905090737,2941.7428960235475,2913.293933176822,29.36078983389811,47.06328649162706,-453949.0715959584,-0.0513386509163264,-0.0834436014631807
2026-01-30,2817.78,2824.54,2632.39,2702.69,206345.03143941,0.1226173553719008,175381322.0,13009.0,7.417551568005629e-05,2895.082,2988.297857142857,2842.2166666666667,2895.082,2912.028,2802.128780635033,2849.8139042650605,2920.537003336378,33.75065744188315,0.0203690624418141,-59.49837643878982,-27.539570759283944,-0.0396513495458874,-0.1766492513442293,-111.59000000000016,-233.81,-379.6999999999998,9.561243641704998,19.190314798809865,-9.696898672504735,101.31934791649276,196.8265388850606,141.1142857142856,142.42214285714277,2912.028,3104.267946275492,2719.7880537245087,-2866425.982412431,3038.567744216457,2897.932220037484,2867.8902809766323,27.56520694414759,42.27925741521006,-509307.3144827736,-0.0685179884310826,-0.037344469761635
2026-01-31,2702.68,2710.09,2238.74,2449.36,236036.47844218,0.0695918367346938,175634147.0,12659.0,7.207596140174268e-05,2799.584,2926.871428571429,2656.613333333333,2799.584,2859.004,2625.7443903175163,2716.329269510041,2834.868457275218,26.76446340313981,0.0,-86.91340985695842,-39.41433857881884,-0.1631412610827339,-0.231575744076097,-477.4899999999998,-530.2399999999998,-669.29,18.65693456520009,13.04724371869539,29.87631625820949,174.41035571955965,239.7741402648233,204.68714285714285,172.7528571428571,2859.004,3189.92438295639,2528.0836170436096,-3102462.460854611,2980.522322789813,2812.2001282179035,2750.921852171296,23.389178917746406,35.31012929540185,-534400.7438552941,-0.0771418777039321,-0.0724359997916775
2026-02-01,2449.44,2473.86,2218.57,2268.18,168839.93353968,0.1332186046511627,175978752.0,11688.0,6.641710926555496e-05,2648.838,2854.4164285714287,2473.4100000000003,2648.838,2790.886,2446.962195158758,2566.946179673361,2731.8341923160874,23.08418064838412,0.0,-119.6114943899197,-55.45376974103902,-0.2494217233471546,-0.2275906691639707,-753.73,-681.1800000000003,-823.7600000000002,4.661980566466788,10.960052924457294,-7.934164149514224,251.28092350108224,293.8483745828756,216.46142857142857,184.5071428571428,2790.886,3267.658030488371,2314.113969511629,-3271302.394394291,2930.616469453648,2739.156843162932,2640.2015045354915,20.00477404569733,34.125265737222506,-637620.0177302519,-0.1011029263824678,-0.1187555247647801
2026-02-02,2268.24,2395.59,2156.25,2345.11,296747.25726593,0.1307761006289308,175915782.0,11173.0,6.351334640345117e-05,2516.626,2794.245,2354.2166666666667,2516.626,2730.12,2396.036097579379,2493.0007864489075,2661.520702804072,27.634327455665183,0.1858439550078348,-140.7588257262555,-72.51478093808232,-0.2199010701324276,-0.2129446905624915,-661.06,-607.6599999999999,-978.27,18.12632569031876,13.815080273995214,26.748816522965846,279.65527743992465,316.3825524582503,230.7871428571429,193.04214285714284,2730.12,3260.728581837878,2199.5114181621216,-2974555.137128361,2842.6667400544816,2642.0864746872976,2510.121724536834,18.54734850004465,19.663654880660275,-466048.67378248135,-0.0612305364629562,0.0035098006327784
2026-02-03,2344.8,2357.76,2108.24,2230.48,330270.90869692,0.250918018018018,176204760.0,11407.0,6.473718417141513e-05,2399.164,2743.815,2281.2566666666667,2399.164,2658.282,2313.2580487896894,2405.493857632605,2583.1496659306035,25.238474888604344,0.0879889328433253,-163.86705399167386,-90.78523554880064,-0.2084293009770067,-0.2437410149998644,-587.31,-718.3800000000001,-1124.34,12.754457904237247,11.847588053674269,14.568197605363206,308.0493516305484,338.5319162221631,247.0357142857144,190.46214285714288,2658.282,3242.7645497343824,2073.799450265618,-3304826.045825281,2739.7549443879325,2564.8915243513848,2386.04121344898,17.4770955397571,8.596121137178699,-472719.7437561607,-0.072607384984999,0.0043737562217497
2026-02-04,2230.48,2292.56,2072.57,2143.57,320920.4352572,0.1697567251461988,176448559.0,11104.0,6.293052243061957e-05,2287.34,2684.098571428571,2239.72,2287.34,2591.211,2228.414024394845,2318.185905088403,2503.2260903068577,23.56997402859011,0.0198415055421154,-186.71740169286977,-109.97166877761448,-0.2068753723142498,-0.2740477585453658,-559.1199999999999,-670.71,-1174.41,7.326385305953979,12.735722966836663,-3.4922900158113883,341.50931399207053,360.9716013304949,269.5400000000001,191.65785714285715,2591.211,3239.179364625932,1943.2426353740684,-3625746.481082481,2651.014042222939,2490.5010765607726,2283.7687640022223,16.92653184997303,0.0,-586491.2094850983,-0.0987283039784085,-0.0195202758953558
2026-02-05,2143.2,2169.01,1814.19,1823.2,464003.04620229,0.0657658878504672,176813156.0,10834.0,6.127372105727245e-05,2162.108,2603.658571428572,2065.75,2162.108,2480.846,2025.8070121974224,2153.1906033922687,2379.584982978338,18.67017300554143,0.0,-223.2929491926961,-132.6359248606308,-0.2556422902309174,-0.3817271759256119,-626.1600000000001,-1103.65,-1471.68,0.7340241796200337,6.938289129937089,-11.674505721014077,395.1146851006978,407.8314924763928,283.2085714285716,207.50714285714284,2480.846,3230.5234051390403,1731.1685948609595,-4089749.527284771,2535.133370595742,2361.66695078717,2154.3129272117567,15.561937481762342,0.0,-1026929.2511990132,-0.2234868115577574,-0.2370405106836277
2026-02-06,1823.11,2092.83,1742.79,2061.95,451365.13255963,0.1809503703703703,177006770.0,9337.0,5.274939483953071e-05,2120.862,2540.0285714285715,2009.5733333333333,2120.862,2384.85,2043.8785060987111,2122.7770689281792,2321.833167891368,30.298969295433025,0.4024124764281001,-236.99053082204816,-153.50684605291428,-0.0909231189764481,-0.2673259235044133,-206.23,-959.96,-1247.38,24.57193890120718,10.8774494622604,51.96091777910074,364.4801192566404,413.9000952998268,305.76428571428585,223.4392857142857,2384.85,3076.4024032204684,1693.2975967795314,-3638384.394725141,2462.9402524872703,2271.183315089265,2093.629677742682,26.366834500546773,18.201798449506114,-655201.6188875914,-0.1003988857743203,-0.1090630494659053
2026-02-07,2061.95,2119.74,1993.46,2086.17,192545.45852236,0.0899059829059829,177022067.0,10572.0,5.972136795804107e-05,2069.074,2478.407857142857,1990.44,2069.074,2292.85,2065.024253049356,2110.574712618786,2278.985319183846,31.37100195069624,0.4395099803194752,-244.8265308588002,-171.77078301409148,-0.1104169953648229,-0.2872302987853835,-258.94000000000005,-920.0,-1196.38,26.43662232076867,17.24752846719863,44.81481002790876,300.76624662869443,410.56485956576665,256.46857142857147,230.5778571428572,2292.85,2863.513829587968,1722.186170412032,-3445838.9362027813,2436.1338752276906,2229.2626000674168,2056.0138591026034,30.481924568585328,27.39899911733424,-565027.8905298748,-0.0657819495673095,-0.0689233742723863
2026-02-08,2086.19,2150.0,2064.96,2088.42,121252.98101963,0.1892618705035971,176797287.0,10648.0,6.022716853115512e-05,2040.6620000000005,2426.5607142857143,2078.846666666667,2040.6620000000005,2219.913,2076.722126524678,2103.189808412524,2244.3370793322374,31.47644107442315,0.4431586828879635,-249.13017983356983,-187.2426623779872,-0.0636903267458125,-0.3089072804947863,-142.05999999999997,-729.3699999999999,-1099.09,26.60984848484849,25.87280323560812,28.083938983329247,242.02262924730684,405.9133605365796,232.14714285714288,224.30428571428573,2219.913,2679.118652234384,1760.7073477656163,-3324585.955183151,2409.70372938459,2183.6700133989666,2022.0119728877307,33.94234985022858,33.817863167057325,-619380.7084563598,-0.0665199790565624,-0.0593300774471168
2026-02-09,2088.36,2146.76,2006.88,2103.83,228127.87563129,0.2023110091743119,176875369.0,10672.0,6.0336269885039785e-05,2032.714,2367.773571428572,2092.806666666667,2032.714,2160.027,2090.276063262339,2103.4032056083497,2218.790337635467,32.24423589977383,0.4697280895020101,-249.7117539553888,-199.7364806934675,-0.0185391659707871,-0.3001626654513883,-39.74000000000024,-598.8600000000001,-832.6700000000001,27.796255235279624,26.9475753469656,29.49361501190767,173.75361828687005,409.8543317079013,217.93857142857144,224.3628571428572,2160.027,2489.701311289196,1830.352688710804,-3096458.079551861,2372.412631957565,2136.353549099972,1999.5071417855288,28.51795293180723,35.42330613430343,-531280.4236293498,-0.0169709326262785,-0.0078193070735389
2026-02-10,2103.83,2123.22,1988.0,2021.71,213966.420435,0.1594920454545454,177142595.0,10704.0,6.042589587219268e-05,2072.416,2296.3307142857143,2071.32,2072.416,2117.262,2055.9930316311693,2076.172137072233,2182.957548974473,30.296084273365366,0.4145773561028679,-253.14093153127035,-210.41737086102808,0.1088799912242211,-0.2825192792933468,198.51,-427.6500000000001,-957.89,21.4738851933974,25.29332963784184,13.8349963045085,144.85334888930257,411.2573247864643,201.61,224.3228571428572,2117.262,2392.1019055159304,1842.422094484069,-3310424.4999868614,2330.9680180921814,2101.376366429956,2032.0613158100416,23.81237761056288,38.04713080532369,-638564.2818270496,-0.0486899085900124,-0.03736085513577
2026-02-11,2021.7,2031.41,1901.31,1939.45,227202.64243775,0.0940310344827586,177399316.0,10440.0,5.885028327843158e-05,2047.9160000000004,2220.1364285714285,2021.6633333333336,2047.9160000000004,2084.389,1997.7215158155848,2030.5980913814888,2138.6834491609325,28.44229746396396,0.5074518942165109,-258.8818234056307,-220.11026136994863,-0.0594097820024732,-0.2824001272805982,-122.49999999999976,-328.7299999999998,-1009.91,15.525258346424996,21.59846625836734,3.3788425225403103,144.0975585767481,413.63891799840025,188.76857142857145,229.1542857142857,2084.389,2357.7948942232333,1810.9831057767672,-3537627.1424246114,2293.225077997773,2076.903080643518,2045.200376636461,19.362849938689124,40.568239609212974,-732553.8761083691,-0.0612488040661172,-0.0333522296244631
2026-02-12,1939.9,2000.29,1895.56,1946.11,172231.12506456,0.2002504273504273,177646565.0,9708.0,5.464783402932672e-05,2019.904,2157.873571428572,1969.09,2019.904,2044.4890000000005,1971.9157579077923,2002.4353942543264,2103.670094768036,28.822039813105988,0.6731790911902056,-261.09044196887226,-228.30629748973337,-0.0671373857355824,-0.2054618349283079,-140.06000000000017,-399.0000000000002,-1006.66,18.795470302750168,18.59820461419085,19.1900016798688,116.47722690628994,408.87622036985647,153.04142857142853,218.12500000000009,2044.4890000000005,2265.4889995384747,1823.4890004615256,-3365396.017360051,2263.409363450792,2044.4917508486192,2023.4396142928783,19.7885483483704,47.62802886271196,-738523.502614474,-0.0621477619168619,-0.1001051573234933
2026-02-13,1946.11,2072.06,1923.2,2047.48,216798.30582469,0.2566514124293785,177821211.0,9740.0,5.4774118032522e-05,2011.716,2111.072857142857,1977.6800000000003,2011.716,2026.1890000000003,2009.697878953896,2017.4502628362177,2093.45371390112,34.518090921277135,1.0,-254.66148505113145,-233.57733500201297,-0.0196033364936172,-0.0973026832085636,-40.940000000000055,-183.0,-901.38,31.499017884834075,21.93991551133642,50.617222631829385,96.7068269967501,393.0934885518122,124.30142857142852,215.0328571428572,2026.1890000000003,2209.677303158555,1842.7006968414453,-3148597.711535361,2246.760771160948,2018.2158370736745,2012.655793263841,25.813038325634054,39.14685120436772,-593321.3590519212,-0.0250777079163517,-0.0462356213299815
2026-02-14,2047.58,2106.41,2041.04,2085.4,70592.89786878,0.2132530120481927,178047962.0,10554.0,5.927616290266777e-05,2008.03,2085.075714285714,2026.33,2008.03,2020.372,2047.548939476948,2040.1001752241448,2091.9894022827343,36.563184926185706,1.0,-245.0518026946648,-235.8722285405433,-0.0087602135153505,-0.1107453381717702,-18.42999999999984,-58.17000000000007,-728.8800000000001,46.8641853721258,32.38622451990335,75.82010707657068,90.4059744584358,380.6160163025774,115.59999999999998,186.0342857142857,2020.372,2191.9052760253985,1848.8387239746007,-3078004.813666581,2230.376215745962,1999.3962098139607,1999.2167447870213,29.400029040007027,33.10783677228534,-568105.7530363782,-0.0050511806145133,0.0077967713395252
2026-02-15,2085.47,2101.78,1927.48,1965.36,123812.19170979,0.079454,178188213.0,10672.0,5.989172807967943e-05,1996.76,2063.445714285714,2032.746666666667,1996.76,2034.588,2006.454469738474,2015.186783482764,2068.965874594964,33.044843484583964,0.8033678478947185,-242.47007235695537,-237.19179730382567,-0.0278724446137181,-0.1188623076647179,-56.350000000000136,142.15999999999983,-961.49,34.09466911764704,37.4859574582023,27.312092436536503,62.97066156377394,358.0987279493437,128.35142857142858,180.2492857142857,2034.588,2154.066429785488,1915.1095702145128,-3201817.005376371,2203.6963348052604,2014.0234438196685,1987.1601764025536,29.99959286676787,23.11108927194077,-638102.6168980119,-0.0417695792444993,0.1926892272955116
2026-02-16,1965.48,2022.48,1936.44,1997.28,97967.28653274,0.1060181286549707,178332949.0,9841.0,5.518329649783339e-05,2008.326,2038.6007142857145,2016.013333333333,2008.326,2028.121,2001.867234869237,2009.217855655176,2055.9320792140616,34.84037937755426,0.9037162912386068,-236.47075218248392,-237.0475882795574,0.0298177318311891,-0.0682459635094726,57.82999999999993,-64.66999999999985,-1024.63,41.38250646372992,40.78045365116759,42.586612088854565,63.168843313433655,313.53690608710565,120.65999999999998,169.29928571428573,2028.121,2147.9754532172487,1908.266546782751,-3103849.718843631,2178.716293583588,2025.400238447212,1996.833504196525,32.21975894144627,26.010096821236885,-597522.0254053707,-0.0549951185829794,0.0346528633393911
2026-02-17,1997.28,2015.5,1940.16,1990.83,164705.51966895,0.137741304347826,178446336.0,10003.0,5.6056068307280906e-05,2017.27,2021.482857142857,1984.49,2017.27,2018.587,1996.3486174346183,2003.088570436784,2044.0953375387776,34.63824163354563,0.8924192695351001,-230.0431171027153,-235.64669404418905,0.0229791738390943,0.0919427380430013,44.72000000000003,-95.34000000000016,-1015.34,45.11704894774178,40.19807484303959,54.95499715714617,60.57565114981263,253.7371897160324,112.10571428571428,156.85785714285709,2018.587,2133.521217028723,1903.6527829712768,-3268555.238512581,2151.447507731773,2016.218972328472,2005.902689906669,34.361408797960834,27.363653982434258,-540681.7876645601,-0.0383154767789226,0.0148755048877478
2026-02-18,1990.84,2038.2,1922.59,1955.01,176455.34215612,0.1402090322580645,178678542.0,9948.0,5.56754039329468e-05,1998.776,2008.0142857142853,1981.04,1998.776,2005.246,1975.679308717309,1987.0623802911896,2027.898003440818,33.476640679465746,0.8275000173023512,-225.09313260514045,-233.53598175637933,-0.0451628343133998,-0.0518635272436285,-92.47000000000004,-133.41000000000008,-862.78,49.791187649570624,45.43024768701411,58.51306757468366,58.128449565513634,203.6501685547004,110.03571428571428,149.40214285714288,2005.246,2115.536978488749,1894.955021511251,-3445010.5806687013,2116.393033594849,2005.5149230367688,1993.5859968034056,36.413870793683785,28.66476991632868,-618171.9504641986,-0.0366553685407735,0.0007144552579448
2026-02-19,1955.04,1986.59,1905.12,1948.16,134714.77993462,0.1351477477477477,178927153.0,9766.0,5.458087180317456e-05,1971.328,2016.9400000000005,1964.6666666666667,1971.328,1989.679,1961.9196543586545,1974.0949201941264,2013.4001846333963,33.247023926173995,0.5916504180807279,-219.64037809619688,-230.75686102434284,-0.0658099165627696,-0.0661547237281716,-137.24,-155.66999999999985,-754.53,50.43343729279735,48.44722463003658,54.40586261831889,48.90687442024008,151.88846767140717,106.71285714285716,129.87714285714284,1989.679,2082.4732698446714,1896.8847301553287,-3579725.3606033213,2082.959036475307,1989.0901290933305,1976.014946267752,40.87039144367715,29.73353184766556,-610549.0814879049,-0.022964836235284,-0.0495910606214611
2026-02-20,1948.19,1981.39,1922.31,1968.13,151107.68969076,0.1407972972972972,179149164.0,9762.0,5.4490904573799744e-05,1971.882,2010.2385714285715,1957.1000000000004,1971.882,1984.321,1965.0248271793275,1972.1066134627515,2005.1692419727788,34.65420987957894,0.7649302424781421,-212.1978784126973,-227.04506450201376,0.0014094109984941,-0.0575985673379875,2.770000000000209,-53.57999999999993,-481.23,28.52145889011168,42.91536127749322,-0.2663458846514146,47.93309467953362,125.21291669850542,93.88714285714288,109.0942857142857,1984.321,2075.267652692695,1893.374347307305,-3428617.670912561,2057.652007024804,1978.265311958149,1968.319106659778,33.27244510576577,24.2956714208238,-527271.0453279327,0.0016490086096831,0.0724759846908283
2026-02-21,1968.14,1995.0,1955.04,1973.0,47046.21307684,0.2705583333333333,179338413.0,9888.0,5.513598472626163e-05,1967.0260000000003,2002.155,1963.096666666667,1967.0260000000003,1987.676,1969.0124135896635,1972.404408975168,1999.3202888868188,35.01398929846526,0.8092332106648099,-204.10000263618213,-222.45605212884743,-0.0121565328847231,-0.062186583516729,-24.279999999999973,33.549999999999955,-295.17999999999984,30.435466121679,36.463454101529344,18.379490161978296,45.558792589617646,115.2398897437287,90.25714285714292,102.92857142857144,1987.676,2074.117731218236,1901.2342687817645,-3381571.4578357213,2046.16931758271,1981.62849860136,1966.2571868063187,28.537994152360795,21.991865298191257,-532027.4692726382,0.0251301124181797,0.1479428719202166
2026-02-22,1972.93,1982.78,1934.04,1956.84,54638.7090849,0.0392954545454545,179528017.0,9921.0,5.52615695632621e-05,1960.228,1992.7564285714288,1965.99,1960.228,1988.749,1962.926206794832,1967.216272650112,1991.596599998306,34.33838005304635,0.7260391941780853,-196.80295107204893,-217.3254319174877,-0.0170732809933545,-0.0320866988836183,-33.99000000000001,10.730000000000018,-388.2700000000002,24.39490445859869,27.78394315679645,17.616827062203157,44.58705029990234,90.47514429818924,72.32000000000004,100.3357142857143,1988.749,2073.3469798577107,1904.1510201422889,-3436210.1669206214,2026.004908026015,1985.3541596164769,1960.8008253142275,23.41643901285612,23.89021539475296,-535547.484589146,-0.0175514237692243,0.1639761136899752
2026-02-23,1956.96,1958.13,1836.96,1855.52,220044.05459508,0.1882254545454545,179718907.0,9802.0,5.454072787121947e-05,1940.33,1975.02,1928.4533333333336,1940.33,1969.553,1909.223103397416,1929.984181766741,1966.8553999986136,30.380300145816776,0.2386441987859555,-195.3710665169556,-212.93455883738136,-0.0508897652697428,-0.0432751553275413,-99.49,-191.96000000000004,-374.96,6.483616292880584,20.43799562438609,-21.42514237013044,56.280860581367854,82.30747659963262,77.33857142857148,98.99928571428572,1969.553,2076.3384248669063,1862.7675751330933,-3656254.2215157016,2000.173925319304,1962.2548651693528,1929.5838652227155,23.767859381320942,21.044780442369884,-688181.8230286648,-0.0559714729734312,-0.0764335143083544
2026-02-24,1855.53,1868.92,1800.09,1851.94,198610.32724686,0.1251892655367231,179933331.0,9491.0,5.274731450394813e-05,1921.086,1962.8935714285712,1888.1,1921.086,1946.207,1880.581551698708,1903.969454511161,1945.9616909079568,30.2476313902662,0.2223074675890567,-192.83995886486764,-208.91563884287865,-0.0493901938239159,-0.0483888372188621,-96.22000000000004,-233.46000000000004,-291.6300000000001,16.926743275006576,15.93508800882862,18.91005380736249,51.06613425529076,80.95845220812829,76.4085714285715,94.2571428571429,1946.207,2043.0981773279989,1849.3158226720009,-3854864.5487625618,1977.0704771558555,1938.6175418055093,1899.7604303091543,24.19325815679646,20.60918816091103,-587563.747900116,-0.0002877607502573,-0.0142122305334845
2026-02-25,1852.0,2148.44,1845.98,2057.71,303193.14292721,0.2994064102564102,180200131.0,9491.0,5.266921809285477e-05,1939.002,1971.3407142857145,1921.723333333333,1939.002,1955.442,1969.1457758493536,1955.2163030074407,1966.279565288328,45.090229762554,1.0,-176.76719769106285,-202.48595061251547,0.0455152860837444,0.0049963858010824,89.57999999999993,92.35000000000014,234.51,73.95435625089709,32.45490527292809,156.9532582068351,62.077890105911294,73.15850294135396,103.10142857142864,106.56857142857146,1955.442,2073.226515043387,1837.6574849566136,-3551671.405835352,1985.909936750248,1949.2740138222944,1932.50873411348,37.84508512025465,46.536784120589815,-466270.451946296,0.1572067750986637,0.1109680621281126
2026-02-26,2057.7,2083.57,1975.11,2027.9,205616.57814145,0.1059453781512605,180261887.0,10601.0,5.8808881768779e-05,1949.982,1977.182857142857,1979.1833333333336,1949.982,1958.504,1998.522887924677,1979.4442020049607,1977.4832806904496,43.64141003087575,0.9023877292008854,-163.98834723273853,-194.7864299365601,0.0278256462240242,-0.0275726479332502,54.90000000000009,30.62000000000012,-34.04999999999973,65.39687096311184,52.09265682967183,92.00529922999183,65.05464800203185,71.90429435048463,106.95714285714295,106.83500000000004,1958.504,2081.9365160401653,1835.071483959834,-3757287.983976802,1991.295238459469,1957.017980212548,1950.6769962176647,46.89777334548744,61.51105200981301,-471730.305763808,0.0552519667812965,0.075955112612904
2026-02-27,2027.59,2063.99,1887.04,1929.61,237872.58254425,0.1230864077669902,180532873.0,10529.0,5.8321788298356055e-05,1944.536,1968.763571428572,2005.0733333333333,1944.536,1952.382,1964.0664439623383,1962.8328013366404,1968.7790478376403,39.17209705830663,0.6012738096250753,-158.15071280731354,-187.4592865107108,-0.0139152920013899,-0.0181900516953636,-27.23000000000001,-61.22000000000003,-156.56000000000017,37.18099612458733,58.84407444619876,-6.145160518635549,64.5532245171158,69.75304743192997,123.79571428571434,108.84142857142862,1952.382,2074.8631318693856,1829.9008681306148,-3995160.566521052,1984.7991581849888,1955.062568954032,1952.285549415082,36.40959839310162,45.32276441141967,-595149.8129883776,-0.0089489929464709,-0.0314971627890651
2026-02-28,1929.61,1984.9,1835.46,1964.71,129828.80621692,0.0987768211920529,180765314.0,9730.0,5.382669819056105e-05,1966.3740000000005,1960.142857142857,1974.0733333333333,1966.3740000000005,1953.352,1964.3882219811687,1963.4585342244272,1968.039220958069,41.47699181723448,0.7565629780789799,-149.97393371870112,-179.96221595230887,0.0588460377683883,-0.0163071777617559,109.19000000000004,9.700000000000044,-123.71000000000004,47.25706903975888,49.94497870915268,41.88124970097127,64.66987394109532,65.5000680513023,139.43571428571434,114.84642857142865,1953.352,2076.054458589899,1830.6495414101016,-3865331.760304132,1978.447784022724,1951.23286920832,1963.4667278503275,32.21791005041818,39.083004127770536,-500401.8900359066,0.0352578671994502,0.0699898724143012
2026-03-01,1964.7,2054.56,1907.99,1939.68,142846.49675678,0.1837090909090909,180987188.0,9919.0,5.480498431745345e-05,1983.922,1958.3085714285714,1944.6666666666667,1983.922,1952.5040000000001,1952.0341109905846,1955.5323561496182,1962.882998965693,40.30415788078709,0.6775448771353368,-143.5852884669846,-172.68683045524403,0.04737734483838563,-0.025692801494853867,87.74000000000001,-8.480000000000018,-164.14999999999986,40.071766901105235,41.50327735515048,37.208745993014745,64.8009851091225,59.040286626915425,153.41142857142862,112.86571428571433,1952.5040000000001,2075.4552245404893,1829.552775459511,-4008178.257060912,1970.5213400233156,1952.9668478547464,1988.01371352328,38.31277131586261,46.672956537933125,-581478.5091612154,-0.015261250608092067,0.01719333642802804
2026-03-02,1939.67,2089.49,1920.0,2027.49,278981.4823567,0.2358364238410596,181198067.0,9774.0,5.394097278090721e-05,1977.878,1960.4664285714287,1977.2933333333333,1977.878,1958.44,1989.7620554952923,1979.5182374330789,1974.6297264264758,46.06598035109312,1.0,-131.88683861604727,-164.5268320874047,-0.014686228866069628,0.03707397916123201,-30.220000000000027,59.3599999999999,5.779999999999973,65.27917324529926,50.86933639538779,94.0988469451222,68.97574162946661,59.31461224724446,160.31428571428572,118.8264285714286,1958.44,2089.312268109045,1827.567731890955,-3729196.774704212,1969.2914485261174,1961.7144326628224,1985.8835914550114,47.079842467231764,63.35946924829498,-506601.7162388816,0.039341709557075145,0.011365027026883277
2026-03-03,2027.59,2041.93,1927.75,1982.87,227239.66987917,0.2459274647887324,181256952.0,10565.0,5.828741950819078e-05,1968.872,1959.8978571428572,1983.3466666666666,1968.872,1959.4270000000001,1986.316027747646,1980.6354916220525,1976.1279579852983,43.754911562437414,0.8538994939118546,-123.94627814438445,-156.41072129880067,-0.02220523694462262,0.017816811760840823,-45.0300000000002,9.86999999999989,43.419999999999845,52.47021673604131,52.60705229414861,52.19654561982669,69.27719362581213,58.87740530555557,166.79285714285714,121.60071428571432,1959.4270000000001,2090.871233057239,1827.9827669427611,-3956436.444583382,1971.1064506818927,1963.9714692001571,1976.8126738546055,45.89044026704157,61.579288311168796,-514443.05709826143,0.06502418115543657,0.008797168351028653
2026-03-04,1982.96,2200.0,1942.58,2127.61,297238.17060263,0.1604260869565217,181519882.0,10002.0,5.510140206018865e-05,2008.4720000000002,1972.2264285714286,2045.99,2008.4720000000002,1976.5040000000001,2056.963013873823,2029.6269944147018,2003.6701474425167,52.14232146894886,1.0,-107.6925429345606,-146.66708562595267,0.10261140852296591,0.08103123269296231,198.00000000000023,170.7700000000002,181.50000000000023,81.8984271461079,66.54927237581616,112.5967366866914,87.27768942354456,67.74499447610403,160.35857142857142,131.73000000000005,1976.5040000000001,2142.1017724971134,1810.9062275028868,-3659198.273980752,1982.446426292937,1980.8406482024584,2011.7627125757726,55.42962633933002,61.700180532950625,-384379.70717719727,0.10178563287405583,0.06744131707244437
2026-03-05,2127.6,2164.34,2054.4,2072.99,207407.42726199,0.1667294117647058,181780789.0,10861.0,5.97477877599046e-05,2030.128,1981.142857142857,2061.1566666666668,2030.128,1998.2510000000002,2064.9765069369114,2044.0813296098013,2016.2737569984224,49.16292182928123,0.8639213604321141,-96.82321497704697,-136.69831149617153,0.05511245934514486,0.05067916877850975,108.27999999999975,217.4699999999998,25.509999999999764,68.24035407966788,67.53633265393904,69.64839693112555,80.62234008705452,69.25367135233986,160.56999999999996,133.76357142857145,1998.2510000000002,2151.2211349806744,1845.280865019326,-3866605.701242742,1987.3213213881388,2001.2791062016665,2036.5156770420542,61.74608647177604,61.92272766260323,-521645.1647684518,0.020656443760410925,0.07471916130014224
2026-03-06,2073.19,2093.4,1955.49,1978.49,240275.16118635,0.1995119266055046,182035089.0,10698.0,5.876888933210014e-05,2037.8899999999999,1981.8828571428571,2059.6966666666667,2037.8899999999999,2010.9060000000002,2021.7332534684556,2022.217553073201,2009.4039829987091,44.432459898675184,0.6478661473367815,-92.86103753620318,-127.93085670417786,0.02000845500288695,0.011063755851270507,38.809999999999945,126.54999999999995,-106.91000000000008,44.610037258383144,64.91627282805298,3.997566119043455,63.14159893095131,65.00255349428866,154.99285714285716,139.39428571428576,2010.9060000000002,2130.7087606359955,1891.1032393640048,-4106880.862429092,1987.0094940645363,2016.1896474194223,2039.14575837743,54.346927516264714,61.5920432181225,-681776.3377409515,-0.031231600656123557,-0.04149421266077824
2026-03-07,1978.49,1996.51,1948.09,1969.61,54989.61283322,0.1057470588235294,182285895.0,10003.0,5.487533744725559e-05,2026.3139999999999,1981.6407142857145,2007.03,2026.3139999999999,2002.096,1995.6716267342276,2004.6817020488008,2002.16871336258,44.00398663189506,0.6282964130660371,-89.40602102183311,-120.22588956770892,-0.028547613058510835,0.061486806932827376,-57.88000000000011,-88.10000000000014,4.25,42.389537645970336,51.7466429946738,23.67532694856341,62.02180426629016,64.9640776768934,140.5614285714286,139.99857142857147,2002.096,2119.774099644775,1884.417900355225,-4161870.475262312,1986.3809132467031,2014.7938684705618,2042.8033547193636,52.52889671333082,64.56512685512465,-687886.2947224204,-0.013941965349789852,-0.10958625449258054
2026-03-08,1969.61,2008.09,1911.64,1936.93,143369.8237907,0.1466377049180328,182514091.0,9957.0,5.4554691889515536e-05,2017.1259999999997,1980.2185714285715,1961.6766666666665,2017.1259999999997,1992.9990000000003,1966.3008133671137,1982.0978013658673,1990.3071291148383,42.384116228703405,0.554311789517115,-87.83351943126559,-113.74741554042026,-0.023168437668631747,0.04589241552102119,-45.93999999999983,-90.97000000000003,-60.34999999999991,34.21769898227104,40.40575796220818,21.841581022396767,64.44079529995311,65.45871943638619,133.40142857142857,143.4064285714286,1992.9990000000003,2115.2668124283155,1870.731187571685,-4305240.299053012,1985.05311855936,2008.741247889932,2043.1573054384783,50.94816257641967,55.02980199102494,-756070.574839366,-0.04384418909563719,-0.14506792187977965
2026-03-09,1936.97,2054.09,1929.61,1993.19,214052.9464571,0.0808511627906976,182682659.0,9799.0,5.3639464487978576e-05,1990.2419999999997,1990.0521428571428,1966.5766666666668,1990.2419999999997,1999.357,1979.745406683557,1985.7952009105784,1990.831287457595,46.06507290320927,0.7224327659400586,-82.4351933758312,-107.48497110750246,-0.06317887206771922,-0.031355244422197504,-134.42000000000007,63.580000000000155,2.3600000000001273,48.285864319471905,41.631033649237764,61.59552565994019,60.50819449556131,65.48945141848137,126.97142857142863,143.64285714285717,1999.357,2114.163227026262,1884.5507729737378,-4091187.3525959123,1985.6059627418238,2012.8851001004282,2014.289410227616,58.248337173360234,52.866044875129475,-751462.108447134,-0.05750338350071369,-0.08073024793824705
2026-03-10,1993.18,2088.83,1991.09,2036.8,175603.57671898,0.1204626086956521,182935870.0,10094.0,5.517780629900522e-05,1983.0040000000001,2003.2564285714286,1988.9733333333334,1983.0040000000001,2006.566,2008.2727033417784,2002.7968006070523,1999.1892351925776,48.79590032000013,0.7419920393819133,-74.71390073065072,-100.93075703213212,-0.017457874857090383,0.004388776566891739,-36.18999999999983,72.08999999999992,81.78999999999996,55.23125034289789,45.91160454821361,73.87054193226645,60.215392310543564,66.66152665351935,124.6228571428572,145.70785714285716,2006.566,2120.816673941144,1892.315326058856,-3915583.7758769323,1988.8183609815615,2020.7275176132946,1998.7364468231556,64.55014250426142,67.87925854640865,-762816.8721555844,-0.03947003017522919,-0.13239879103050617
2026-03-11,2037.0,2086.49,2007.0,2052.25,166606.19178915,0.2877484210526315,183231756.0,10568.0,5.767559199727366e-05,1997.756,2002.8664285714283,2027.4133333333332,1997.756,2017.8229999999999,2030.2613516708893,2019.2812004047016,2008.8366469757452,49.76629070955294,0.816808816550132,-66.85664182567893,-94.11593399084148,0.03728095668919229,0.06355688455180064,73.75999999999999,112.56999999999994,104.08999999999992,59.46946837109782,54.32886101115588,69.75068309098168,56.74419364325983,68.09610061282983,99.20428571428572,129.78142857142856,2017.8229999999999,2125.4875375414094,1910.1584624585903,-3748977.5840877825,1993.0495695377006,2026.838214706738,2006.4326598486311,62.80133424111591,64.18166771322906,-739740.5836715162,-0.034949033537842095,-0.07890363449994953
2026-03-12,2052.42,2096.09,2018.15,2074.0,154623.30875251,0.2222955056179775,183512531.0,10642.0,5.799059029925319e-05,2018.634,2006.1592857142857,2054.35,2018.634,2022.4739999999997,2052.130675835445,2037.5208002698012,2020.6845293437914,51.16926739285992,0.9249778534833575,-58.57040456212826,-87.00682810509885,0.0530003401688659,0.05562653012403862,104.3900000000001,46.50999999999999,105.86999999999989,65.43589180885499,60.04553684095024,76.21660174466449,59.46541295391228,70.76494085119184,94.63285714285715,127.60142857142856,2022.4739999999997,2135.301688162106,1909.646311837893,-3594354.275335273,1997.423079771688,2031.9411735592007,2018.8805783466028,62.122476913347676,62.38695231958338,-672764.9241451536,-0.03932177424076794,-0.08831863919092219
2026-03-13,2073.78,2211.62,2070.09,2092.81,224337.3952471,0.1207475,183571468.0,10704.0,5.830971510234913e-05,2049.81,2017.8164285714286,2073.02,2049.81,2033.468,2072.4703379177226,2055.9505335132008,2033.7982512812837,52.407237997198386,1.0,-50.17767482976865,-79.64099745003281,0.08047786961841674,0.07894601171327231,155.87999999999988,109.94000000000005,119.80999999999995,68.41503615482775,64.44013211159353,76.36484424129617,61.45930339122677,74.19729324570075,95.14999999999996,125.07142857142856,2033.468,2150.078829274152,1916.8571707258477,-3370016.880088173,2005.075172821462,2048.8126644338067,2054.5167433004704,70.8425604497784,83.1886659276373,-825075.9557942309,-0.07557908415448437,-0.16536188499990961
2026-03-14,2092.81,2106.06,2061.91,2096.7,50376.20374437,0.2427730769230769,183694771.0,10709.0,5.829779444293491e-05,2070.5119999999997,2027.2442857142858,2087.8366666666666,2070.5119999999997,2030.377,2084.5851689588612,2069.5336890088006,2045.2349328665048,52.674451400637224,1.0,-42.66787851796062,-72.24637366361837,0.051931827873910485,0.034135803382507435,103.50999999999976,-30.91000000000031,139.8599999999999,62.15130257220956,65.33407684529743,55.78575402603383,56.79910074602484,76.81258699443752,94.53999999999996,117.55071428571428,2030.377,2138.1457164440844,1922.6082835559155,-3319640.676343803,2006.8223482347298,2042.5147659414404,2073.9794682936226,72.80235297044982,83.30443816261207,-796059.718847021,-0.06726171867754495,-0.2523103110475157
2026-03-15,2096.7,2203.09,2083.87,2178.67,93011.4795932,0.2124125,183699695.0,10649.0,5.7969611762284094e-05,2098.886,2044.315,2122.726666666667,2098.886,2040.9449999999997,2131.627584479431,2105.9124593392007,2069.4958541635037,58.022812086425894,1.0,-31.21878816177923,-64.04085656325054,0.06965337784760406,0.0987457574122359,141.87000000000012,105.68000000000029,323.1500000000001,89.01593439562643,73.19409104088793,120.65962110510341,73.10066153372475,78.03740807417968,97.79285714285717,115.59714285714287,2040.9449999999997,2179.643753346976,1902.246246653023,-3226629.1967506027,2017.7484448727278,2041.941911526672,2093.885397899015,72.37818184327656,95.27648865794563,-741151.5831837982,-0.014140048991130813,-0.14467427286104334
2026-03-16,2178.6,2386.23,2165.0,2352.94,234997.84483404,0.2718666666666666,183875629.0,10920.0,5.938796815754196e-05,2159.0240000000003,2067.5614285714287,2209.436666666667,2159.0240000000003,2078.3900000000003,2242.2837922397157,2188.2549728928007,2121.031153406503,66.65164131796325,1.0,-11.054865102793883,-53.443658271159215,0.14651723717870624,0.10590756764632614,300.69000000000005,374.45000000000005,501.0,92.98552434733138,81.38425377172246,116.18806549854924,119.02956364795982,98.98552209920409,111.61428571428571,119.29285714285717,2078.3900000000003,2304.2327180141206,1852.54728198588,-2991631.3519165628,2044.687189719649,2087.481507873525,2168.2388332318687,72.26771643388949,95.50720140831648,-576877.2229994457,0.002825278410440456,0.06937917212304019
2026-03-17,2352.94,2376.79,2296.2,2318.03,171657.03184328,0.2980333333333333,184072119.0,11462.0,6.226907183048184e-05,2207.8300000000004,2091.5014285714287,2283.2133333333336,2207.8300000000004,2113.232,2280.156896119858,2231.5133152618673,2156.8491255144118,63.821441848524586,0.8833750265414895,3.4279417971238217,-42.069338257502615,0.11766152362584381,0.11820606949382317,244.0300000000002,348.4200000000003,260.32000000000016,85.62970142649448,89.21038672315076,78.46833083318191,133.73561179515238,116.38034629695639,109.16428571428573,116.89357142857146,2113.232,2366.9774825292566,1859.4865174707434,-3163288.3837598427,2060.3858332873515,2116.9979054075493,2225.2358573511206,80.84007813561357,95.58633409002388,-655538.2750651141,-0.05184096389001875,0.01986203398100413
2026-03-18,2318.15,2351.09,2153.0,2203.47,186288.76368283,0.1139198412698412,184267793.0,11365.0,6.167654051188424e-05,2229.962,2096.92,2291.48,2229.962,2139.886,2241.813448059929,2222.1655435079115,2165.325648148155,55.49385899107939,0.5402175423392477,8.326143075708842,-31.990241990860323,0.052876276393939214,0.11371298313360167,110.65999999999985,266.53999999999974,175.5699999999997,61.49097115404871,80.03539897595819,24.40211551022975,120.61097657805682,120.56349446940078,126.10714285714292,112.65571428571432,2139.886,2368.7292380823283,1911.0427619176717,-3349577.147442673,2071.1716617729353,2144.3769728231164,2258.5095492577357,71.52111292959722,78.78050949038452,-746900.551766548,-0.07577099480403932,0.005485924474248114
2026-03-19,2203.46,2233.69,2098.94,2137.98,159107.97208938,0.2200126582278481,184458134.0,10965.0,5.944438318995464e-05,2238.218,2101.5621428571426,2219.8266666666664,2238.218,2154.3650000000002,2189.8967240299644,2194.1036956719413,2160.3537121212175,51.36749612358034,0.3701811314435494,8.307322807165747,-23.93072903125511,0.019688081270568203,0.08548392829037232,41.2800000000002,144.78999999999996,208.37000000000012,47.69169177605933,64.93745478553417,13.200165757109659,109.19430746762754,117.06928802609362,134.2228571428572,114.42785714285718,2154.3650000000002,2361.5466314734617,1947.1833685265387,-3508685.119532053,2082.438490590086,2165.743278116873,2249.524078788476,63.824767790472464,65.16582978133086,-813814.4573569389,-0.061546448309349126,-0.038569820702971866
2026-03-20,2137.65,2176.62,2115.85,2145.89,145036.3382477,0.1801910714285714,184631050.0,10755.0,5.825130713387591e-05,2231.662,2113.5192857142856,2162.4466666666663,2231.662,2165.2740000000003,2167.893362014982,2178.0324637812946,2157.723946280996,51.83335573191488,0.38937796369657207,8.70335038729263,-17.403913147545566,-0.015045876612795994,0.10788206078691531,-32.7800000000002,109.08999999999992,181.17999999999984,49.35839356075767,52.84701883028857,42.38114302169588,101.30855214531104,114.92445852998486,122.68571428571438,108.91785714285717,2165.2740000000003,2357.4934627398725,1973.0545372601282,-3363648.7812843528,2090.6335600600873,2177.991924582391,2242.5848963728236,66.19003847914692,49.24806408400512,-815461.2415167368,-0.08830022713177313,-0.03319228102099435
2026-03-21,2145.89,2167.71,2070.71,2084.64,33550.16550032,0.3576138888888889,184877338.0,10766.0,5.823320541320213e-05,2178.0019999999995,2121.735714285714,2122.8366666666666,2178.0019999999995,2168.513,2126.2666810074907,2146.901642520863,2144.435956048088,47.9991430129587,0.2313802814090981,5.252692717901937,-12.872591974456066,-0.11402755701377854,0.04588122557307628,-268.3000000000002,32.38999999999987,144.9599999999998,36.452516909332225,44.500867415383084,20.355815897230514,97.74872025875146,109.66691746033699,130.23571428571435,112.38785714285716,2168.513,2353.9781566305787,1983.0478433694211,-3397198.946784673,2095.88811313423,2191.207515258181,2216.213607496731,66.73365747717358,49.9919407756344,-839375.2460805733,-0.07456355466158625,-0.06857232477154637
2026-03-22,2084.61,2126.45,2025.65,2053.49,77364.65405327,0.2061735849056603,185035977.0,10697.0,5.781037922154998e-05,2125.094,2130.0614285714287,2094.6733333333336,2125.094,2166.4620000000004,2089.878340503745,2115.764428347242,2127.900327675708,46.13022979107117,0.0031650193732728404,0.5017294424101237,-10.197727691082829,-0.11412276804010324,0.008194226237234759,-264.5400000000004,-20.51000000000022,25.999999999999773,27.129779685515278,37.64689671853506,6.095545619475715,100.13814244999139,108.99946086776256,127.60428571428572,112.69857142857144,2166.4620000000004,2356.4607664802206,1976.4632335197805,-3474563.6008379427,2102.395535595037,2198.7468973642353,2164.6359943931034,68.52319878135914,41.95425008397758,-874005.1388472755,-0.11279961222037234,-0.1462790877370588
2026-03-23,2053.36,2198.32,2022.32,2151.71,226656.73790984,0.1898554347826087,185186451.0,10509.0,5.674821210327099e-05,2114.7419999999997,2141.384285714286,2096.6133333333332,2114.7419999999997,2172.352,2120.794170251873,2127.746285564828,2132.2293590073973,52.42091944899814,0.30654273706676544,2.5495157173704683,-7.64827900939217,-0.023490222240375336,0.04846388110610311,-51.75999999999976,58.90000000000009,168.84000000000015,40.64888393986943,34.743726844905645,52.459198129797,97.00796734748295,106.40883238958875,121.14285714285718,116.37857142857145,2172.352,2356.4116768007734,1988.2923231992265,-3247906.8629281027,2112.1560903728514,2198.503535746468,2129.650154404945,68.90574131806643,40.37555783562778,-767399.2026871816,-0.07767609370999144,0.04185397529408447
2026-03-24,2151.7,2175.42,2101.61,2155.56,148291.72276348,0.1553760330578512,185356318.0,10776.0,5.813667489877523e-05,2118.258,2149.867142857143,2120.2533333333336,2118.258,2178.238,2138.177085125936,2137.0175237098856,2136.4712937333247,52.65430775474305,0.3179156538585304,4.438030162460109,-5.231017175021714,0.008222714899110306,0.03932497589199602,17.579999999999927,58.86000000000013,27.949999999999818,39.17411597183766,35.65092653240746,46.220494850698046,93.63475598777572,106.93254759667705,120.17428571428572,114.66928571428572,2178.238,2355.897458245276,2000.5785417547236,-3099615.1401646226,2115.798176571088,2196.811242838117,2126.204650546534,68.62789134843425,38.047103191977676,-698908.9597796218,-0.10121277239249556,0.06582196038905819
2026-03-25,2155.55,2199.81,2145.64,2167.98,157354.28623851,0.0802684210526315,185531165.0,10799.0,5.820585452584206e-05,2122.6760000000004,2158.1335714285715,2158.4166666666665,2122.6760000000004,2177.1690000000003,2153.0785425629683,2147.338349139924,2142.2001494181745,53.44763136404917,0.3565739892399206,6.699289727090218,-2.8449557945993273,0.010294097087921728,0.03591821522259542,22.090000000000146,-10.690000000000055,94.99000000000024,40.70582482069114,40.176274910799414,41.764924640474604,93.69028177399352,107.57593925365052,99.61428571428571,112.86071428571431,2177.1690000000003,2354.9338110172685,1999.4041889827322,-2942260.8539261124,2119.905126560127,2196.7011592032914,2132.7076523500255,68.6302178949464,56.31381998230817,-726475.7343117138,-0.06699170512204614,0.009527881779660533
2026-03-26,2167.98,2171.39,2032.63,2058.74,179277.52424234,0.120456,185702822.0,10836.0,5.8351294198426347e-05,2117.496,2157.0435714285713,2127.4266666666663,2117.496,2147.749,2105.909271281484,2117.805566093283,2127.0255767966883,46.12668927153212,0.0,1.888955501952296,-1.8981735352890028,-0.012424207537032772,-0.01810464062574524,-25.90000000000009,-294.2000000000003,80.24999999999977,10.007969003324954,29.962636598617923,-29.901366187260983,77.08252409666261,103.88281031370666,100.18714285714282,117.20500000000001,2147.749,2294.00280636416,2001.4951936358395,-3121538.3781684525,2126.854222670582,2166.9531675431745,2123.518518657172,60.76914760480539,55.463025303581986,-838285.167490816,-0.052229611636899154,-0.17608147049772704
2026-03-27,2058.74,2076.09,1970.04,1991.55,177137.48590475,0.1582230769230769,185858922.0,10482.0,5.639761539131277e-05,2105.1079999999997,2149.8107142857143,2072.7566666666667,2105.1079999999997,2115.1009999999997,2048.729635640742,2075.7203773955216,2102.393653742745,42.28977969810621,0.0,-6.127680621865693,-2.7440749526043406,-0.030163282996264806,-0.08588726149439796,-61.93999999999983,-326.48000000000025,21.940000000000055,5.16831254955669,18.627368791190936,-21.7497999337118,65.16562598488181,102.39331286111201,106.65571428571427,114.67071428571433,2115.1009999999997,2238.7440819577278,1991.4579180422718,-3298675.8640732025,2123.1034285619294,2129.7767409758135,2106.189343911301,51.63684963129251,54.26979050462578,-943565.4667513196,-0.08198257378881994,-0.19329832317385442
2026-03-28,1991.55,2044.47,1981.05,1992.98,42899.07582906,0.2928157894736842,186013618.0,9839.0,5.289397682700844e-05,2073.362,2142.4021428571427,2014.4233333333332,2073.362,2094.0519999999997,2020.854817820371,2048.1402515970144,2082.500262153155,42.399597028289726,0.004507756094222568,-12.553776476266648,-4.706015257336802,-0.07376923470170238,-0.1529830764915383,-158.73000000000002,-210.48999999999978,56.049999999999955,5.511905620029326,6.896062390970331,2.7435920781473175,67.40662987505493,97.95802822471256,101.85857142857142,116.0471428571429,2094.0519999999997,2221.9470878806746,1966.156912119325,-3255776.7882441427,2129.558550760111,2111.16525915707,2094.3387030446142,51.86135591844509,53.87647104121153,-970324.9659597335,-0.07098675085841305,-0.16590807318798864
2026-03-29,1992.98,2017.77,1937.59,1982.96,51364.90577402,0.1819773333333333,186151944.0,9872.0,5.303194684875276e-05,2038.842,2128.422857142857,1989.1633333333332,2038.842,2078.55,2001.9074089101855,2026.4135010646764,2064.402032670763,41.799385389720534,0.0,-18.318655127439342,-7.4285432313573105,-0.08007199985154667,-0.1445494665729089,-172.5999999999999,-155.01999999999998,-10.230000000000018,10.112785306704732,6.93100115876359,16.476353602587018,73.71229883812848,98.66254799882753,98.91285714285719,113.25857142857146,2078.55,2218.409253537282,1938.6907464627186,-3307141.694018163,2137.1474709955446,2099.8345049288755,2072.4726558137518,48.39262446541755,55.40306531112425,-963560.0195270363,-0.07427586836559046,-0.12086656395803778
2026-03-30,1983.04,2083.73,1978.46,2024.6,195033.34811355,0.1166133858267716,186264574.0,9814.0,5.268849459264326e-05,2010.166,2104.97,2000.18,2010.166,2066.421,2013.2537044550927,2025.8090007097844,2057.165299457897,45.26691586654283,0.15745716042954,-20.371207772331218,-10.017076139552092,-0.0661352964510743,-0.08117650796244102,-143.3800000000001,-121.28999999999996,-12.200000000000045,19.81102003642987,11.811903654387983,35.80925280051365,71.3413760964485,99.21712240143303,88.80857142857144,104.9757142857143,2066.421,2201.7817439252817,1931.0602560747182,-3112108.345904613,2135.806734985603,2083.89739181602,2035.2757145442924,46.591100480368766,53.46590720211511,-987626.5455267994,-0.07819541869140707,-0.13357227818569864
2026-03-31,2024.58,2121.66,2010.09,2103.61,211440.25417756,0.1849985915492957,186454237.0,10379.0,5.566513353086205e-05,2019.14,2089.654285714286,2037.0566666666666,2019.14,2068.318,2058.431852227546,2051.742667139856,2065.609790465552,51.20716662439224,0.6869764774118955,-17.10820685042927,-11.435302281727528,0.02179488424958964,-0.016075922132105958,44.870000000000346,18.970000000000255,51.36000000000013,40.14993954050789,23.357914961214174,73.7339886990953,72.12753454819857,98.1432712375123,94.20285714285716,107.18857142857144,2068.318,2205.170374710875,1931.4656252891255,-2900668.091727053,2136.63065818601,2082.568512182292,2034.9088456228615,47.09318350225584,56.1643093857261,-844600.6785125432,-0.03591337127765851,-0.0035624224170376167
2026-04-01,2103.41,2167.56,2080.26,2140.21,161889.43792733,0.0800229813664596,186619198.0,10596.0,5.6778724341104496e-05,2048.8720000000003,2085.135714285714,2089.4733333333334,2048.8720000000003,2076.9900000000002,2099.320926113773,2081.2317780932376,2079.173464926361,53.71324856120243,1.0,-12.085603621208065,-11.565362549623636,0.07464537671662774,-0.002646920392005092,148.66000000000008,86.72000000000025,66.21000000000004,68.42958459979737,42.79684805891171,119.69505768156868,75.29053754919012,97.68181630057293,98.93571428571424,99.27499999999998,2076.9900000000002,2219.8437509483238,1934.1362490516767,-2738778.653799723,2140.1305529994042,2088.1497564431247,2063.9549965178285,56.27048511526756,56.2286403339844,-784147.1197905391,-0.03805241953709218,0.057922661860882046
2026-04-02,2140.1,2159.16,2015.85,2056.78,191424.47680924,0.2565692307692307,186789164.0,10733.0,5.746050664909021e-05,2061.632,2079.335714285714,2100.2000000000003,2061.632,2067.497,2078.0504630568867,2073.081185395492,2075.1019258488404,47.69908644084335,0.4951963075457237,-12.923064658408293,-11.836902971380567,0.03201236339551827,-0.01336441783713238,63.80000000000018,-94.92999999999984,-36.029999999999745,45.454198764396416,51.34457430156723,33.6734476900548,70.66523631415176,98.57136001656723,99.58571428571427,99.88642857142854,2067.497,2201.5748588880565,1933.419141111943,-2930203.130608963,2137.157641112865,2081.398232217819,2070.1518680491586,55.53714193496257,55.609007111737455,-866228.1615875365,-0.014219051443975263,-0.0651857680359222
