Date,Open,High,Low,Close,Volume,sentiment_score,total_addresses,million_dollar_addresses,ratio,SMA_5,SMA_14,WMA_3,WMA_5,WMA_10,EMA_3,EMA_5,EMA_10,RSI_14,Stoch_RSI_14,MACD_30_15,MACD_Signal_9,ROC_5,ROC_12,MOM_5,MOM_10,MOM_20,K,D,J,STD_10,STD_20,ATR_7,ATR_14,BB_Mid_10,BB_High_10,BB_Low_10,OBV,VWAP_20,VWAP_10,VWAP_5,MFI_14,MFI_7,AD_Line,CMF_20,CMF_10
2025-10-01,2.8469,2.9632,2.8147,2.9497,66392779.857653,-0.7862,7061709.0,6971.0,0.0009871548091262,2.9497,2.9497,2.9497,2.9497,2.9497,2.9497,2.9497,2.9497,,,0.0,0.0,,,,,,,,,,,,,2.9497,,,0.0,,,,,,54321365.33807965,,
2025-10-02,2.9496,3.1034,2.9411,3.0401,104753430.725584,-0.7862,7066212.0,7269.0,0.0010286982615296,2.9949,2.9949,2.9949,2.9949,2.9949,2.9949,2.9798333333333336,2.966136363636364,,,0.0054677419354836,0.0010935483870967,,,,,,,,,,,,,2.9949,,,104753430.725584,,,,,,77363247.51246834,,
2025-10-03,3.0401,3.097,3.0056,3.0417,81549479.476298,-0.7862,7070991.0,7456.0,0.0010544490864151,3.0105,3.0105,3.0105,3.0105,3.0105,3.0183,3.000455555555556,2.97987520661157,,,0.0099960327783557,0.0028740452653485,,,,,,,,,,,,,3.0105,,,186302910.201882,,,,,,60232503.46493124,,
2025-10-04,3.0418,3.0551,2.94,2.9696,58059517.970252,-0.7862,7075782.0,7466.0,0.0010551483920787,3.000275,3.000275,3.017133333333333,3.000275,3.000275,2.99395,2.990170370370371,2.978006987227648,,,0.0092611576797518,0.0041514677482291,,,,,,,,,,,,,3.000275,,,128243392.23163,,,,,,32035048.60361843,,
2025-10-05,2.9697,3.072,2.9471,2.9704,56554184.311176,-0.7862,7079635.0,7296.0,0.0010305616038114,2.9943,2.9943,2.9939,2.9943,2.9943,2.982175,2.983580246913581,2.976623898640803,,,0.0086333271943646,0.0050478396374562,,,,,,,,,,,,,2.9943,,,184797576.542806,,,2.999910172888677,,,-3418855.5722426586,,
2025-10-06,2.9705,3.0522,2.9563,2.989,76176288.13418,-0.7862,7083524.0,7295.0,0.0010298546316776,3.00216,2.9934166666666666,2.976333333333333,3.00216,2.9934166666666666,2.9855875,2.985386831275721,2.978874098887929,,,0.0091747939567747,0.0058732305013199,0.0133233888192019,,0.0392999999999998,,,,,,,,,,2.9934166666666666,,,260973864.676986,,,3.015730844626281,,,-27645933.654542185,,
2025-10-07,2.9888,3.0032,2.8501,2.8532,80989124.83417,-0.7862,7087881.0,7334.0,0.0010347239181921,2.96478,2.9733857142857145,2.937533333333333,2.96478,2.9733857142857145,2.91939375,2.941324554183814,2.9560242627264874,,,0.0013303107505477,0.0049646465511655,-0.0614782408473404,,-0.1868999999999996,,,,,,,,0.1273142857142857,,2.9733857142857145,,,179984739.842816,,,2.9860031340874498,,70.22860652828516,-105355289.88014324,,
2025-10-08,2.8533,2.9263,2.8319,2.8801,66117698.609537,-0.7862,7092502.0,7051.0,0.0009941484683402,2.93246,2.961725,2.907433333333333,2.93246,2.961725,2.899746875,2.9209163694558766,2.9422198513216715,,,-0.00347449050899,0.0032768191391344,-0.0531281848966038,,-0.1615999999999999,,,,,,,,0.1195857142857143,,2.961725,,,246102438.452353,,,2.9501634440912627,,61.672406193007895,-103954491.18078849,,
2025-10-09,2.8799,2.881,2.7738,2.8034,73072126.879397,-0.7862,7096999.0,7088.0,0.0009987319992577,2.89922,2.9441333333333333,2.8455666666666666,2.89922,2.9441333333333333,2.8515734375,2.881744246303918,2.916979878354095,,,-0.0120185456487802,0.0002177461815514,-0.0559671336206896,,-0.1661999999999999,,,,,,,,0.1117142857142857,,2.9441333333333333,,,173030311.572956,,,2.9168249112062448,,44.54199719335293,-136673353.96260813,,
2025-10-10,2.8035,2.8386,1.771,2.3749,333855934.543081,-0.7862,7101191.0,6851.0,0.0009647677410732,2.78012,2.88721,2.686133333333333,2.78012,2.88721,2.61323671875,2.7127961642026124,2.818419900471532,,,-0.0448326831571668,-0.0087923396861921,-0.2004780500942635,,-0.5955000000000004,,,,,,0.1960471284042578,,0.2511714285714285,,2.88721,3.259183272695768,2.515236727304232,-160825622.970125,,2.7458860684822444,2.597831823449952,,20.09602688351221,-92830527.03965962,,-0.0930612663688745
2025-10-11,2.3749,2.5087,2.305,2.3844,190437292.204791,-0.7862,7105879.0,5803.0,0.0008166477363321,2.6592,2.8415,2.5209,2.6592,2.83068,2.498818359375,2.603330776135075,2.7395071912948894,,,-0.0707564918180065,-0.021185170112555,-0.2022750083640013,,-0.6046,-0.5653000000000001,,,,,0.2500814924957241,,0.2638285714285714,,2.83068,3.305176270164477,2.356183729835524,29611669.23466602,,2.677380830569985,2.505998484588381,,37.7658551642814,-134807131.9488164,,-0.1686290889840185
2025-10-12,2.3846,2.5861,2.3141,2.5307,129250455.407543,-0.7862,7111008.0,5778.0,0.0008125430318739,2.5947,2.8156,2.43,2.5947,2.77974,2.5147591796875,2.579120517423384,2.7015422474230912,,,-0.0825569763926612,-0.0334595313685762,-0.1130309827562036,,-0.3225000000000002,-0.5093999999999999,,,,,0.2545255289531659,,0.2848428571428571,,2.77974,3.262668236490682,2.296811763509318,158862124.64220902,,2.622712646893784,2.460790744918276,,41.65015757929649,-58207229.69993435,,-0.1182924354029326
2025-10-13,2.5309,2.6479,2.515,2.6073,117334399.848411,-0.7862,7115872.0,6279.0,0.0008823936124764,2.54014,2.799576923076923,2.5074666666666663,2.54014,2.7363,2.5610295898437503,2.588513678282256,2.6844072933461653,,,-0.0869173974243939,-0.0441511045797398,-0.0947189333703691,-0.1160796013153879,-0.2728000000000001,-0.4344000000000001,,,,,0.2415899602402568,,0.2901285714285714,,2.7363,3.194684720513239,2.277915279486761,276196524.49062,,2.5901190768481155,2.445966207094769,,43.418173037037306,-12562470.691937044,,-0.0615942442262482
2025-10-14,2.6074,2.6228,2.3899,2.5046,136516350.585711,-0.7862,7120481.0,6445.0,0.0009051354817181,2.48038,2.778507142857143,2.547533333333333,2.48038,2.6898,2.532814794921875,2.560542452188171,2.651715058192317,,,-0.0959973598219461,-0.0545203556281811,-0.1065848612399229,-0.176145521528897,-0.2987999999999999,-0.4649999999999998,,55.058540978685066,,,0.2363906559537035,,0.3015285714285713,0.2144214285714285,2.6898,3.138319734236968,2.241280265763032,139680173.904909,,2.5626417309029508,2.4248906303606845,51.51684032225097,41.62852886503381,-14614025.981975544,,-0.0370141489191453
2025-10-15,2.5046,2.5493,2.3765,2.4123,86633782.046869,-0.7862,7124523.0,6225.0,0.0008737427053011,2.48786,2.7401214285714284,2.5080666666666667,2.48786,2.63399,2.4725573974609376,2.511128301458781,2.6081850476118955,28.98811385674071,,-0.1082382374310553,-0.0652639319887559,0.0157480314960631,-0.2069237597396193,0.0374000000000003,-0.5581,,48.13119183428401,,,0.2285332966258235,,0.3127285714285714,0.2161571428571428,2.63399,3.067601443114685,2.2003785568853145,53046391.85804002,,2.535797983850648,2.476579473776176,48.90570494704362,41.28625477599128,-65350940.00479461,,-0.0479951012112484
2025-10-16,2.4121,2.4678,2.2593,2.3282,128693683.097902,-0.7862,7128766.0,5823.0,0.000816831412337,2.47662,2.6892714285714283,2.415033333333333,2.47662,2.56791,2.400378698730469,2.4501522009725205,2.557278675318824,27.07085800312328,,-0.1224717925914875,-0.0767055041093022,-0.0235698708270424,-0.2159886853448276,-0.0562,-0.6608,,42.02111613876319,48.40361631724409,29.2561157818014,0.2091934163506214,,0.3272,0.2194571428571428,2.56791,2.964826600307924,2.170993399692076,-75647291.23986198,,2.491877113301171,2.4743094924047857,41.46283655023886,39.81665329838253,-108989517.4389516,,-0.0605730377652809
2025-10-17,2.3283,2.4,2.1895,2.2941,154662760.919604,-0.7862,7133126.0,5608.0,0.0007861910752733,2.4293,2.6358714285714284,2.3448666666666664,2.4293,2.512,2.3472393493652346,2.3981348006483474,2.5094280070790376,26.31098623727988,,-0.1351974704640066,-0.0884038973802431,-0.0934919192318332,-0.2276797737678428,-0.2366000000000001,-0.5591000000000004,,40.20753266717908,43.45328021340876,33.71603757471972,0.198935841137008,,0.2047571428571428,0.2279642857142857,2.512,2.8894542197406192,2.13454578025938,-230310052.159466,,2.4468736726565474,2.4291888300030497,34.61347225115409,47.15285883216024,-109944679.3828732,,-0.0032397798732813
2025-10-18,2.2943,2.3925,2.2898,2.3602,45748270.230073,-0.7862,7137578.0,5556.0,0.0007784153111881,2.37988,2.592342857142857,2.3275,2.37988,2.46001,2.353719674682617,2.385489867098898,2.482295642155576,30.38988034983481,,-0.1405257675091413,-0.0988282714060228,-0.0947723698845549,-0.2103713616594178,-0.2471000000000001,-0.5199000000000003,,45.28823981552651,42.50562954048959,50.85346036560034,0.1551684564880661,,0.1903285714285714,0.2270785714285714,2.46001,2.754421446109012,2.165598553890987,-184561781.92939296,,2.4231335903750124,2.388241019021679,37.71040741343481,37.64581034652305,-92972828.40170704,,0.0078653652869614
2025-10-19,2.3602,2.4205,2.318,2.3913,55198893.87186,-0.7862,7141433.0,5690.0,0.000796758857781,2.3572200000000003,2.550978571428572,2.348533333333333,2.3572200000000003,2.4188,2.3725098373413087,2.3874265780659325,2.465750979945472,32.28895831724145,,-0.1418729157556901,-0.1074372002759562,-0.0452367643535892,-0.1618884060002803,-0.1132999999999997,-0.4120999999999997,,48.41554792382144,44.63710680217568,55.97243016711295,0.0980458962821891,,0.1661142857142857,0.2254785714285714,2.4188,2.6048290084906114,2.2327709915093887,-129362888.05753297,,2.400262006364337,2.352807977945113,37.138376409988126,30.92824513069617,-69223840.89196034,,0.0489356132950546
2025-10-20,2.3913,2.5544,2.3552,2.4956,61939985.733079,-0.7862,7145323.0,5763.0,0.0008065415657206,2.37388,2.515735714285714,2.4157,2.37388,2.43087,2.4340549186706544,2.4234843853772885,2.4711780745008403,38.36227107112845,,-0.1355230176207627,-0.1130543637449175,0.0345313601127554,-0.1335023089476059,0.0832999999999999,0.1207000000000002,,58.80538873559487,50.83639215831428,74.74338189015604,0.0994602997291996,0.2787351532982708,0.1755857142857142,0.2328571428571428,2.43087,2.619582650344379,2.24215734965562,-67422902.32445396,2.577575838777666,2.4258309845675776,2.3507537256586133,35.9776195251623,24.421296680803536,-43850834.68804833,-0.0208422811018498,0.0442687903391458
2025-10-21,2.4955,2.5334,2.4019,2.4232,74121272.393793,-0.7862,7149551.0,5994.0,0.0008383743258842,2.39288,2.4850214285714287,2.4367,2.39288,2.43475,2.428627459335327,2.4233895902515257,2.46245478822796,35.95167615987232,,-0.133611423440795,-0.117165775684093,0.0408040546344816,-0.1356210316044802,0.0950000000000002,0.0388000000000001,-0.5265,56.45286938457544,54.55793534799725,60.24273745773184,0.0981948092088148,0.2746720135476415,0.1611,0.2313142857142856,2.43475,2.621061550903319,2.2484384490966813,-141544174.71824697,2.562770685419532,2.432942632407772,2.369738812172891,36.45177560161673,27.1342359946168,-93960196.78544895,-0.0702202133912861,0.0412553693375298
2025-10-22,2.4231,2.4392,2.3248,2.3648,72370728.531443,-0.7862,7154483.0,5841.0,0.0008164111928143,2.40702,2.4482142857142857,2.4278666666666666,2.40702,2.41816,2.396713729667664,2.4038597268343507,2.4446993721865127,34.09080564476052,,-0.1345014376931548,-0.1206329080859054,0.0308181857809162,-0.0042528106446587,0.0706999999999999,-0.1659000000000001,-0.6753,53.49549549549549,56.251251205221934,47.98398407604259,0.0941124056056846,0.263225337726163,0.1527571428571428,0.2327428571428571,2.41816,2.596725734674937,2.2395942653250627,-213914903.24969,2.532831147493096,2.4224501375271594,2.4088620451035045,36.6186608332828,27.90673981153581,-115722024.24595325,-0.0928615024006901,-0.0616304694530793
2025-10-23,2.3649,2.4273,2.3619,2.3956,42021726.153152,-0.7862,7158729.0,5691.0,0.0007949735211376,2.4141,2.419085714285714,2.3945333333333334,2.4141,2.39699,2.396156864833832,2.4011064845562338,2.4357722136071462,35.97307684107176,,-0.1322823651844551,-0.1229627995056153,0.0149987289212778,0.0046971984566348,0.0354000000000001,-0.2117,-0.6461000000000001,58.50505807418509,56.151140984752,63.21289225305125,0.0666396853734069,0.2450472982808354,0.1323142857142856,0.2297571428571428,2.39699,2.523429913002184,2.2705500869978152,-171893177.09653798,2.5093897914615506,2.398177719359901,2.4161314053543554,40.17432671824436,40.98301392985416,-114436956.16787504,-0.0856325904229076,-0.1187476400313139
2025-10-24,2.3955,2.516,2.3869,2.5108,73213584.713354,-0.7862,7163107.0,5782.0,0.0008071916278787,2.438,2.4287928571428568,2.4237333333333333,2.438,2.39761,2.453478432416916,2.437670989704156,2.449413629314938,42.57845263787542,,-0.1224314117585079,-0.1228565219561938,0.0499728181323966,-0.007863436993717,0.1194999999999999,0.0062000000000002,-0.4587999999999996,70.09162303664928,60.697392202109945,88.88008470572795,0.0677713385830126,0.2260806155125339,0.1206857142857142,0.1627214285714285,2.39761,2.5261970740004607,2.269022925999539,-98679592.38318396,2.494501052783975,2.386424721659392,2.435337236676384,52.8427244804275,65.54608415416683,-47121289.97519387,-0.0385206138962068,-0.0409099826577593
2025-10-25,2.5108,2.62,2.5026,2.5965,39429632.959253,-0.7862,7167584.0,6218.0,0.000867516864818,2.45818,2.4439428571428574,2.500966666666667,2.45818,2.41603,2.524989216208458,2.490613993136104,2.4761566058031304,46.962087269147176,,-0.1081971118835722,-0.1199246399416695,0.0404311588395576,-0.0041422160856058,0.1008999999999997,0.1841999999999997,-0.3739000000000003,88.78708551483419,72.46125554188951,121.43874546072354,0.0926673027556106,0.2032453894084421,0.1227857142857142,0.1565571428571428,2.41603,2.5918538447992767,2.2402061552007235,-59249959.42393097,2.482088725427192,2.389359947793376,2.446565267513728,47.18682301210266,65.34560314230276,-23476944.48685157,-0.0098430888633604,0.0560261778726876
2025-10-26,2.5962,2.6624,2.5925,2.6458,50541133.616901,-0.7862,7171322.0,6389.0,0.000890909653757,2.5027,2.452164285714286,2.5843666666666665,2.5027,2.4477900000000004,2.585394608104229,2.542342662090736,2.5070008592934703,49.35721047302582,,-0.0926912364868814,-0.1144779592507119,0.0918620006602839,0.0563762676674917,0.2225999999999999,0.3176000000000001,-0.3431999999999999,96.4897441319518,85.12281756114508,119.22359727356522,0.1116931456168095,0.1744584507916752,0.1181285714285713,0.1421214285714285,2.4477900000000004,2.6597128435067825,2.235867156493218,-8708825.80702997,2.46631791822589,2.415031302053517,2.478940687555045,43.62932474362742,65.41058049854686,3058958.284826167,0.0152597518493721,0.1674244488514499
2025-10-27,2.646,2.6975,2.6011,2.634,72967122.979649,-0.7862,7175608.0,6500.0,0.0009058465847075,2.55654,2.4540714285714285,2.625433333333333,2.55654,2.48178,2.6096973040521148,2.5728951080604903,2.5300916121492025,48.78929235457523,,-0.0799651268961478,-0.1075753927797991,0.1138362652232747,0.0919039920407909,0.2692000000000001,0.3399000000000001,-0.2192000000000002,87.50000000000001,90.925609882262,80.64878023547607,0.1114443438572718,0.1577012562109956,0.103442857142857,0.1395142857142856,2.48178,2.693230775359184,2.270329224640816,-81675948.78667897,2.455181165518332,2.4752103295434926,2.549001679189252,41.28292304431102,66.71387965034016,-20102804.81867261,0.0425384679047164,0.15290871423351
2025-10-28,2.6338,2.6887,2.5681,2.604,73907420.74267,-0.7862,7180096.0,6467.0,0.0009006843362539,2.5982200000000004,2.4611714285714283,2.627933333333333,2.5982200000000004,2.50616,2.606848652026057,2.5832634053736605,2.543529500849348,47.29920113975476,0.910700802343189,-0.0707178264900547,-0.1002038795218502,0.0869928201703122,0.1184606133493686,0.2084000000000001,0.2438000000000002,-0.2761,81.59448818897644,88.52807744030942,67.72730968631049,0.1085207425129206,0.1324535917734356,0.1018857142857142,0.1314928571428571,2.50616,2.712063631828096,2.300256368171904,-155583369.52934897,2.447303337128585,2.5021113478949104,2.586869417999626,43.71686558377705,65.97826413618509,-50008958.485689685,0.0268130069784022,0.0697792225705234
2025-10-29,2.6039,2.6644,2.537,2.5506,71396039.437539,-0.7862,7185743.0,6413.0,0.0008924616424495,2.60618,2.4710499999999995,2.5962,2.60618,2.52209,2.578724326013029,2.572375603582441,2.544815046149466,44.683203643980384,0.7971899092348586,-0.0658079973149861,-0.0933247030804774,0.0158515214274335,0.1118085523734799,0.0398,0.1593,-0.2527999999999997,71.08267716535441,80.0590551181103,53.12992125984263,0.1012341669376284,0.1105241839456045,0.1037428571428571,0.1282499999999999,2.52209,2.714168326731571,2.330011673268429,-226979408.96688795,2.438632586296845,2.522327265279048,2.61367071252759,44.19830925677029,65.21876653112393,-106161887.46246654,0.0151780182297734,-0.0584547255851355
2025-10-30,2.5506,2.5939,2.376,2.4391,90400124.633596,-0.7862,7189984.0,6297.0,0.0008758016707686,2.5747,2.478971428571429,2.531233333333333,2.5747,2.51644,2.5089121630065145,2.527950402388294,2.525594128667745,39.74079791388898,0.5827337067986493,-0.0680023065199497,-0.0882602237683719,-0.0606200654727517,0.0334293703923396,-0.1573999999999999,-0.0565000000000002,0.0642,49.13385826771654,67.27034120734912,12.86089238845139,0.1044039186152622,0.1085172529333941,0.1255285714285714,0.1289214285714285,2.51644,2.714532507682649,2.3183474923173515,-317379533.60048395,2.461094399817576,2.520176541826344,2.581890950750547,45.65409646497103,50.290207960499146,-144205446.10817915,-0.0290782007725845,-0.1519675271199309
2025-10-31,2.4391,2.57,2.4338,2.5083,103146224.914791,-0.7862,7199450.0,5826.0,0.0008092284827313,2.5472,2.494271428571429,2.499333333333334,2.5472,2.52495,2.5086060815032574,2.521400268258863,2.522449741637246,43.88898314525301,0.7117028441927674,-0.0650645652117556,-0.0836210920570486,-0.0519691586665658,0.0489273616861121,-0.1374999999999997,0.0851000000000001,0.1239000000000003,53.593328427765584,57.93662128694552,44.90674270940572,0.0993031078175416,0.1066746529356768,0.1265428571428571,0.1236142857142856,2.52495,2.7133643996620225,2.3365356003379776,-214233308.68569297,2.4707307874277658,2.525001728218193,2.5560482334287435,58.72160762380229,53.277540439835626,-134511821.4465832,0.0001758330627137,-0.0588221539967006
2025-11-01,2.5084,2.5222,2.4751,2.5043,23914997.091862,-0.7862,7203798.0,6179.0,0.000857741985547,2.5212600000000003,2.504564285714286,2.4839,2.5212600000000003,2.5389000000000004,2.506453040751629,2.515700178839242,2.519149788612292,43.70171160124347,0.6686538949528158,-0.062377103050518,-0.0793722942557425,-0.0492406985573271,0.0034861355986537,-0.1296999999999997,0.1395000000000004,-0.0263999999999997,49.090909090909165,50.6060319287971,46.06066341513328,0.0827192977619024,0.1061744795384601,0.1165,0.1196428571428571,2.5389000000000004,2.6958488324263685,2.381951167573632,-238148305.77755496,2.4706715415167047,2.5408829882700457,2.5346574608931505,55.21622482371176,46.91382833251112,-128774253.14216612,-0.0448284209162875,-0.0203642610497727
2025-11-02,2.5042,2.5538,2.4779,2.5263,33238945.777013,-0.7862,7207570.0,6158.0,0.0008543794926722,2.50572,2.514207142857143,2.512966666666667,2.50572,2.55197,2.5163765203758146,2.5192334525594946,2.520449827046421,45.08948688099217,0.7204499919894638,-0.05834359891813,-0.07516655518822,-0.0298387096774194,0.0425470452294487,-0.0777000000000001,0.1307,-0.0809999999999999,54.064931580359534,52.24972303301144,57.695348675055726,0.0662469798053721,0.102484810684571,0.1173571428571428,0.1177428571428571,2.55197,2.6776648065752924,2.426275193424708,-204909360.000542,2.462355321764718,2.549451720109522,2.5134324025504444,54.25866024567424,44.72306120746194,-119621499.95719144,-0.0718486750063099,-0.0082013777138478
2025-11-03,2.5263,2.5329,2.2617,2.309,109189704.497354,-0.7862,7219320.0,6195.0,0.000858114060604,2.4574000000000003,2.500878571428572,2.446533333333333,2.4574000000000003,2.53179,2.4126882601879074,2.449155635039664,2.4820044039470712,35.72271158562371,0.1068952355987419,-0.0677146128830044,-0.0736761667271769,-0.0947228103191406,-0.0235960757780783,-0.2416,-0.2017999999999999,-0.1955999999999997,10.853602569986313,38.003147747085,-43.44548778421107,0.1015245394528395,0.1086091592531859,0.1423285714285715,0.1228857142857142,2.53179,2.724419269842359,2.339160730157641,-314099064.497896,2.4512504153925647,2.5283472323304825,2.455268722436888,45.21547846353628,27.10646570711495,-190723645.2899077,-0.1203974026572626,-0.2149313245585599
2025-11-04,2.309,2.3651,2.066,2.2048,194859540.570261,-0.7862,7228704.0,5485.0,0.0007587805504278,2.41054,2.485278571428572,2.3467,2.41054,2.49262,2.3087441300939537,2.367703756693109,2.431603603229422,32.261759879246,0.0,-0.0811415750164861,-0.0751692483850387,-0.0960600221393135,-0.0796460176991149,-0.2342999999999997,-0.3916999999999997,-0.2075,21.97941409342839,28.96598274792474,8.006276784435684,0.1414831265950509,0.1228547446762775,0.1678285714285715,0.1348571428571428,2.49262,2.761065358313383,2.2241746416866173,-508958605.06815696,2.421857755429521,2.4513502537774,2.350366462604321,40.83740925011248,22.81456657143967,-204730599.8945902,-0.0887225014146221,-0.2200852146331746
2025-11-05,2.2049,2.3778,2.1011,2.343,138448101.807156,-0.7862,7233331.0,5279.0,0.0007298159036272,2.3774800000000003,2.4837214285714286,2.2856,2.3774800000000003,2.46234,2.325872065046977,2.3594691711287394,2.415493857187709,40.49597939846884,0.4816614498724508,-0.08311895470626,-0.076759189649283,-0.065901207989475,-0.0668312888322447,-0.1653000000000002,-0.3027999999999999,0.0148000000000001,43.86381631037216,25.56561099126229,80.4602269485919,0.1374006808975531,0.122097300608118,0.1891571428571429,0.14645,2.46234,2.7230394622165544,2.201640537783446,-370510503.261001,2.414611065565584,2.414302505796217,2.297474445954573,50.27863900473972,40.3103823916526,-101107174.21962827,0.00498656442036,-0.1142838882788945
2025-11-06,2.3426,2.4159,2.1788,2.2117,110985251.571507,-0.7862,7237813.0,5553.0,0.0007672207060337,2.31896,2.4705857142857144,2.2531666666666665,2.31896,2.42011,2.2687860325234883,2.3102127807524933,2.3784404286081253,36.01646457875982,0.219631806656209,-0.09200875376921,-0.0798091024732684,-0.1168390368566066,-0.1481994993260157,-0.2926000000000002,-0.4222999999999999,-0.0823999999999998,23.07205067300082,29.638427025600453,9.939297967801558,0.143538631656352,0.1290092957687022,0.1919000000000001,0.1587142857142857,2.42011,2.692455404954812,2.147764595045188,-481495754.832508,2.416165142112153,2.379627346004645,2.283773579882366,44.11923087837923,39.61638244100117,-181291795.03025305,-0.0464185550721904,-0.1697644100248402
2025-11-07,2.2119,2.3722,2.1457,2.3143,131752494.779223,-0.7862,7241851.0,5251.0,0.0007250908642003,2.2765600000000004,2.45655,2.2896666666666667,2.2765600000000004,2.39114,2.291543016261744,2.3115751871683288,2.366778532497557,41.465255181782126,0.5383593285271355,-0.0923378332137279,-0.0823148486213603,-0.0839171911491114,-0.1252929170761206,-0.2120000000000002,-0.2897000000000003,-0.0459,39.31908155186065,35.41831617841121,47.120612298759525,0.1309867100977132,0.1310998875907811,0.2048000000000001,0.1656714285714286,2.39114,2.6396698082725703,2.14261019172743,-349743260.053285,2.406836157687189,2.348601073407542,2.2711217279733065,46.34784518728102,41.10027945286327,-116898853.87325548,-0.0147414619027254,-0.0664030662820168
2025-11-08,2.3142,2.337,2.2421,2.2861,55913821.874234,-0.7862,7246056.0,5457.0,0.000753099341214,2.27198,2.434378571428572,2.2707,2.27198,2.3646900000000004,2.288821508130872,2.30308345811222,2.352109708407092,40.44574594387701,0.4787230391931732,-0.0935681858782828,-0.0845655160727448,-0.0099177132957991,-0.1320804859529233,-0.0229000000000003,-0.2645000000000004,-0.1052000000000004,34.8535233570863,32.41488519398259,39.730799683293725,0.1215764729615805,0.1355566609052801,0.2116285714285714,0.1640642857142857,2.3646900000000004,2.595365138669083,2.134014861330918,-405657081.927519,2.403785693142523,2.32826267621086,2.2559348980606617,46.81964349695493,46.753289745292975,-120964242.39730458,-0.0318646042900427,-0.0149239973401746
2025-11-09,2.2859,2.395,2.2389,2.3658,53241226.456245,-0.7862,7249791.0,5374.0,0.0007412627481261,2.30418,2.414378571428572,2.3220666666666667,2.30418,2.35736,2.327310754065436,2.323988972074813,2.354598852333075,44.592153527963305,0.7460516968956481,-0.089000142407106,-0.0854524413396171,0.0730224963715528,-0.0914746543778801,0.161,-0.0732999999999997,-0.1297999999999999,47.47426761678548,40.54895750857748,61.32488783320149,0.1187689839796388,0.1360318229022344,0.2230857142857143,0.1702214285714285,2.35736,2.5827083028558246,2.132011697144175,-352415855.471274,2.398981842043736,2.3151502623139826,2.281800765984422,46.66248376250696,47.945291590746265,-87641578.56146124,-0.0271140195398415,0.0592483939486542
2025-11-10,2.3656,2.5812,2.3453,2.5254,134658747.469336,-0.7862,7253734.0,5526.0,0.0007618145357963,2.34066,2.406621428571429,2.392433333333333,2.34066,2.35907,2.426355377032718,2.3911259813832086,2.385653606454334,51.82544783570194,1.0,-0.0748900089012059,-0.0833399548519348,0.0778489116517284,-0.0098800282286521,0.1823999999999999,0.0170999999999996,0.1021999999999998,73.77549381724748,52.03442826370642,117.2576249243296,0.1212801902849583,0.1374027499150223,0.2180428571428571,0.1801857142857143,2.35907,2.589182981815456,2.128957018184544,-217757108.001938,2.4034294573670194,2.3184457606955977,2.3399816999542806,49.06219359094372,63.76370735637124,-16687435.66006893,0.0461165667692862,0.1194727717017502
2025-11-11,2.5253,2.5695,2.3776,2.3905,88717629.896723,-0.7862,7264686.0,6087.0,0.0008378889328458,2.3764199999999995,2.3913714285714285,2.427233333333333,2.3764199999999995,2.34769,2.408427688516359,2.3909173209221395,2.386534768917182,46.32108181921926,0.718643743003156,-0.0708955043870926,-0.0808510647589664,0.0808427906135551,-0.0199253823131483,0.1787999999999998,-0.1138000000000003,0.0257,54.227941176470566,58.49256753683451,45.6986884557427,0.1110460410020201,0.1367613498609497,0.2027285714285714,0.1852785714285714,2.34769,2.558385048826498,2.1369949511735014,-306474737.898661,2.406816520632112,2.325058340021187,2.3772304208391386,48.70098754383349,71.93415987160132,-93477421.7249243,0.0131473674445513,0.0335838704961908
2025-11-12,2.3907,2.4492,2.3158,2.3876,97591409.895032,-0.7862,7277293.0,5587.0,0.0007677305283709,2.39108,2.379728571428572,2.4345,2.39108,2.33382,2.3980138442581795,2.3898115472814263,2.386728447295876,46.20746382840431,0.7128361472641606,-0.0672294744470156,-0.0781267466965762,0.0316726439960248,-0.0481202408005423,0.0733000000000001,-0.1387,-0.008,60.920628906989954,62.97468796690267,56.81251078716453,0.0935405532970124,0.1369197977880314,0.1822571428571428,0.1857071428571428,2.33382,2.5113007212065592,2.156339278793441,-404066147.793693,2.405839231226675,2.3244434898731323,2.4093911826319294,47.97160673451376,55.83198545513542,-86015409.87387972,0.0162639956108803,0.0301303189003674
2025-11-13,2.3874,2.5261,2.2751,2.3207,145868723.109284,-0.7862,7281592.0,5545.0,0.0007615092963187,2.398,2.3712714285714287,2.3662666666666667,2.398,2.3349900000000003,2.359356922129089,2.3667743648542845,2.374723275060262,43.553446568502814,0.5771757714797635,-0.0677328493392348,-0.076047967225108,0.0151349459778662,-0.0733139000918421,0.0346000000000001,0.0116999999999998,-0.1901000000000001,49.43711180124225,54.8618939615676,38.58754748059157,0.093268387522843,0.1385464425268354,0.184242857142857,0.1880714285714285,2.3349900000000003,2.5119543229580485,2.158025677041952,-549934870.902977,2.4006545749728434,2.326598384927762,2.4124633205264803,46.20493471274253,52.69695449117123,-178883226.4191531,-0.0723899745273746,0.0102778117465579
2025-11-14,2.3208,2.3393,2.2229,2.2424,131146599.775513,-0.7862,7286652.0,5396.0,0.0007405321401378,2.37332,2.352278571428571,2.3169,2.37332,2.33875,2.3008784610645447,2.32531624323619,2.350664497776578,40.61322906316763,0.4268862395735401,-0.0723345404861781,-0.075305281877322,-0.0521599458956801,-0.1123777856944939,-0.1234000000000001,0.0375999999999998,-0.3540999999999998,34.23913043478262,48.198957047671605,6.31947720900466,0.0880486134662747,0.1392291155084407,0.1685142857142856,0.1866571428571428,2.33875,2.5058104980239206,2.17168950197608,-681081470.6784899,2.3880137545225613,2.3400854845874246,2.3878784417570595,38.02751493518776,34.91871286602819,-266088955.13586056,-0.1268967419809092,-0.0563787574906364
2025-11-15,2.2425,2.3018,2.21,2.236,48481920.681474,-0.7862,7291247.0,5204.0,0.000713732506936,2.31544,2.3331142857142853,2.266366666666667,2.31544,2.32805,2.2684392305322723,2.2955441621574604,2.3298164072717453,40.373315807142106,0.4146230478604278,-0.0759050010581825,-0.0754252257134941,-0.1145957076106753,-0.0316154179298396,-0.2893999999999996,-0.1069999999999997,-0.4097999999999997,32.99689440993795,38.89104554865428,21.208592132505288,0.0937891399778134,0.1336230301415516,0.1680714285714285,0.18985,2.32805,2.506002381270947,2.150097618729053,-729563391.3599639,2.3779933404270754,2.3448442534242617,2.349466867422054,37.48137082066489,27.61356106650274,-287108349.9411181,-0.1519338939459011,-0.1863071245289627
2025-11-16,2.2356,2.2784,2.1543,2.213,74249893.69336,-0.7862,7295169.0,5158.0,0.0007070432501289,2.2799400000000003,2.310735714285714,2.230466666666667,2.2799400000000003,2.32818,2.240719615266136,2.268029441438307,2.308577060495064,39.470921117052285,0.3684970468682665,-0.07960658772754,-0.0762614981163033,-0.0742522484835807,0.0037191582002902,-0.1774999999999997,0.0013,-0.4209999999999998,28.53260869565221,31.922877846790936,21.752070393374773,0.0936106807771188,0.127020990702115,0.1634999999999999,0.1932928571428571,2.32818,2.5057937787447817,2.1505662212552177,-803813285.0533239,2.361505923811438,2.343613202277643,2.3122302859151027,34.2333088088121,19.659096124823805,-291117006.570816,-0.1418099268361698,-0.1142082420465778
2025-11-17,2.2134,2.305,2.1119,2.1613,126494988.26702,-0.7862,7299583.0,5068.0,0.0006942862352548,2.23468,2.3001857142857145,2.2034333333333334,2.23468,2.31288,2.201009807633068,2.2324529609588715,2.281799413132325,37.44490792128753,0.264937165915648,-0.0851215430437672,-0.0780335071017961,-0.0947813704138045,-0.0775501493811351,-0.2262999999999997,-0.1529999999999995,-0.4426999999999998,18.49767080745349,26.675724637681217,2.141563146998031,0.1075907967976611,0.1233784972308656,0.1573857142857143,0.1877142857142857,2.31288,2.5170191838917755,2.108740816108224,-930308273.320344,2.340895188755516,2.332778643206884,2.270159553816439,34.05069800728759,0.0,-352890581.88712835,-0.1542405564985433,-0.2467590696107705
2025-11-18,2.1616,2.2402,2.1045,2.2163,120505975.625718,-0.7862,7304297.0,4953.0,0.0006780940041183,2.2138,2.301007142857143,2.1968666666666667,2.2138,2.3059000000000003,2.2086549038165337,2.2270686406392475,2.2698904289264474,40.9192141982394,0.3101242843891718,-0.085622723862746,-0.0795513504539861,-0.0449864265092428,0.0020798480806618,-0.1044,-0.0697999999999998,-0.3343000000000002,23.99500104144965,23.675093514851785,24.63481609464541,0.1117066296649897,0.1175661537178082,0.1493571428571429,0.1760428571428571,2.3059000000000003,2.51784842768938,2.093951572310621,-809802297.6946259,2.323058395340845,2.318002490659405,2.219921042770754,35.74731044977845,0.0,-274832547.5650903,-0.0837987531272363,-0.1507098612926778
2025-11-19,2.2158,2.2182,2.0232,2.1077,145299048.18268,-0.7862,7308689.0,5007.0,0.0006850749840361,2.18686,2.2842,2.161766666666667,2.18686,2.28009,2.1581774519082666,2.187279093759498,2.2404012600307297,36.59703157373753,0.0367238667750987,-0.0919110071632585,-0.0820232817958406,-0.0600695683196574,-0.0892710538823834,-0.1347,-0.2581000000000002,-0.3313999999999999,15.143369175627209,19.21201367484345,7.006080177194725,0.1253169355407853,0.1252674859104111,0.1581571428571429,0.1702071428571428,2.28009,2.517862167420832,2.042317832579168,-955101345.877306,2.3021243103067994,2.290951279521416,2.1784129800326872,26.43845066083614,0.0,-294205753.98944783,-0.0725443378238288,-0.1855897604211029
2025-11-20,2.1075,2.1481,1.973,1.9974,160501207.954509,0.0717272727272727,7302515.0,11515.0,0.0015768540016692,2.13914,2.268892857142857,2.107133333333333,2.13914,2.22729,2.077788725954133,2.123986062506332,2.1962192127524154,32.80676616669149,0.0,-0.1029884244845393,-0.0862163103335803,-0.1067084078711986,-0.1262849394164733,-0.2386000000000001,-0.5279999999999998,-0.5109000000000001,4.011838211114762,14.38340280939721,-16.731290985450137,0.1216539943172163,0.1361900861992037,0.1473142857142857,0.1657785714285714,2.22729,2.4581122250997507,1.9964677749002493,-1115602553.8318148,2.2724885984878256,2.232691619839506,2.1373783285536363,25.856100976626,0.0,-409975614.43864536,-0.1296263462258967,-0.3453357547542856
2025-11-21,1.9973,2.0282,1.8171,1.9497,269869245.78001,0.0717272727272727,7308561.0,11166.0,0.0015277973324707,2.08648,2.24285,2.018266666666667,2.08648,2.18321,2.0137443629770666,2.065890708337555,2.1513975377065213,31.29718460512015,0.0,-0.1141103554008733,-0.0917951193470389,-0.1189787618617261,-0.1758813086482374,-0.2633000000000001,-0.4407999999999998,-0.5546000000000002,17.35374950922655,12.169652298656176,27.721943930367303,0.135066028708595,0.146975624545451,0.1608428571428572,0.1646785714285714,2.18321,2.4394797711397107,1.926940228860289,-1385471799.6118248,2.231396041789263,2.156821106079589,2.06286978665572,16.07002613029333,0.0,-340814429.2340099,-0.0894301481873631,-0.1873752414414148
2025-11-22,1.9497,1.9657,1.8872,1.9497,88312454.396563,0.0717272727272727,7314188.0,11171.0,0.0015273055600977,2.04416,2.2188214285714283,1.9656,2.04416,2.13942,1.9817221814885333,2.0271604722250367,2.114725258123517,31.29718460512015,0.0,-0.1222939492122199,-0.0978948853200751,-0.0979040392356452,-0.2279638869090045,-0.2116000000000002,-0.4378999999999999,-0.5766,17.35374950922655,12.906445743189288,26.24835704130108,0.1323973380061358,0.1496428752238545,0.1589428571428572,0.1635071428571428,2.13942,2.390626286545539,1.8882137134544608,-1385471799.6118248,2.216632832824596,2.124891996894944,2.0274451085337235,17.043970271483545,8.404722348765617,-288501956.24751085,-0.0696101943726478,-0.1544837895646284
2025-11-23,1.9497,2.084,1.9484,2.0485,107967246.975489,0.0717272727272727,7318226.0,11796.0,0.0016118660451317,2.0106,2.196157142857143,1.9826333333333328,2.0106,2.1122,2.015111090744267,2.034273648150025,2.10268430210106,38.13540743778675,0.333112585115307,-0.1220305687496354,-0.1027220220059872,-0.0757117718720388,-0.1430663041204767,-0.1677999999999997,-0.2721999999999998,-0.2604999999999999,30.28399424159145,21.663831086681515,47.52432055141133,0.1182070781862624,0.1542765919243369,0.1605857142857143,0.1620428571428571,2.1122,2.336482161573317,1.887917838426684,-1277504552.6363358,2.201378002817349,2.0880410547961405,2.0024707011101834,19.11606965860736,18.6733047552747,-237066232.3934059,-0.0191114049640397,-0.0457115803554235
2025-11-24,2.0482,2.2878,2.0229,2.2267,194142681.644597,0.0717272727272727,7323014.0,12889.0,0.0017600676442787,2.0344,2.1748214285714287,2.074966666666667,2.0344,2.11063,2.1209055453721337,2.09841576543335,2.1252326108099573,48.15811264373359,1.0,-0.1100526358004261,-0.104188144764875,0.0564596479574892,-0.0673898475456524,0.1190000000000002,-0.0156999999999998,0.0219,54.43912812333867,34.02562395805223,95.26613645391156,0.1163757234134329,0.1542138771146609,0.1708428571428571,0.1641142857142857,2.11063,2.33143741020174,1.88982258979826,-1083361870.9917388,2.198745349944913,2.083592616304175,2.02409464930306,20.96409004159472,36.40554026518349,-132482764.40290348,0.0298033847472664,0.1000177601248641
2025-11-25,2.2267,2.2648,2.1456,2.2013,121535115.308044,0.0717272727272727,7327509.0,12660.0,0.0017277358512968,2.0751800000000005,2.161307142857143,2.1588333333333334,2.0751800000000005,2.10716,2.1611027726860668,2.1327105102889004,2.1390630452081467,46.98954268225677,0.9306936155115152,-0.1008968871702236,-0.1035298932459447,0.1020827075197756,-0.051449993536433,0.2038999999999997,-0.0347000000000004,-0.1417000000000001,54.18899858956274,46.30404031816429,69.95891513235965,0.112680859066657,0.1517273124460595,0.1684857142857143,0.1589214285714286,2.10716,2.3209568980130424,1.8933631019869568,-1204896986.2997828,2.194679367708733,2.088269654519104,2.048882860732597,27.51234177322617,48.31065750053008,-140435565.57239005,-0.0163375741000359,0.1041061037007477
2025-11-26,2.201,2.2542,2.1436,2.2226,87568756.518579,0.0717272727272727,7331786.0,12760.0,0.0017403672174828,2.12976,2.1495214285714286,2.2168666666666668,2.12976,2.1081200000000004,2.1918513863430333,2.162673673525933,2.154251582443029,48.12628795617241,0.9981125186295622,-0.0913004728707407,-0.1010840091709039,0.1399702518336154,-0.0088298251872993,0.2728999999999999,0.0095999999999998,0.0108999999999999,57.19322990126938,55.27378553805693,61.03211862769429,0.1137188814577413,0.1517245617280796,0.1564285714285714,0.1572928571428571,2.1081200000000004,2.323886407023892,1.8923535929761093,-1117328229.7812035,2.191673725184025,2.0889394038546016,2.1247121560088784,32.76147497383093,60.01623137835998,-102906098.49299926,0.0328824001931505,0.1323381676702026
2025-11-27,2.2226,2.2346,2.1716,2.1994,59951204.798449,0.0717272727272727,7335794.0,12614.0,0.0017195139340063,2.1797,2.140857142857143,2.2077666666666667,2.1797,2.11193,2.1956256931715163,2.1749157823506224,2.1624603856352054,46.9454556408288,0.9280788696726738,-0.0841122750943839,-0.0976896623555999,0.1280709852797865,-0.0163685152057246,0.2496999999999998,0.0380999999999995,-0.1149,73.20949827652235,61.530575589118165,96.56734365133072,0.1163073614752443,0.150058435898184,0.1404142857142856,0.1438642857142857,2.11193,2.3326077025437764,1.891252297456224,-1177279434.5796528,2.1870528390478707,2.0842484639709524,2.162267156336476,34.67232066385917,66.09961662586872,-109947986.04075412,0.0030064074493556,0.1792070737152734
2025-11-28,2.1993,2.2759,2.156,2.1795,124119906.5285,0.0717272727272727,7339752.0,12502.0,0.0017033273058817,2.2059,2.136364285714285,2.2005,2.2059,2.10825,2.187562846585758,2.176443854900416,2.165558497337895,45.90501859553412,0.8663718839769896,-0.0787536916315247,-0.0939024682107849,0.06394923114474,-0.0151378219611387,0.1309999999999997,-0.0367999999999999,-0.1065999999999998,74.27751588440253,68.22674802073142,86.37905161174476,0.1131782296498159,0.149193755601651,0.1273857142857142,0.1441142857142857,2.10825,2.3229905923434115,1.893509407656588,-1301399341.1081529,2.1855453964380023,2.086055725987497,2.195916874780167,42.393872782187,92.13959472577044,-185413717.3662561,-0.0270770630959197,0.0657846021985753
2025-11-29,2.1796,2.2232,2.1672,2.2014,41977036.314821,0.0717272727272727,7343423.0,12638.0,0.0017209957808504,2.20084,2.133892857142857,2.193433333333333,2.20084,2.11762,2.194481423292879,2.1847625699336106,2.17207513418555,47.289524786072285,0.9484851690445426,-0.0724077245903007,-0.0896035194866881,-0.0113621053577043,0.0185536482672463,-0.0253000000000001,0.0937000000000001,-0.1644000000000001,78.76614060258247,75.41771825450245,85.4629852987425,0.1169436977542794,0.1444415688636353,0.1241714285714285,0.1415571428571428,2.11762,2.3395050657435044,1.8957349342564949,-1259422304.793332,2.182433877732869,2.0862660496047982,2.2035350446580604,42.59007000497227,85.99188591821277,-176118802.18225968,-0.0373485543693572,0.0940224017180453
2025-11-30,2.2015,2.2151,2.1528,2.1551,31642011.775081,0.0717272727272727,7347078.0,12391.0,0.0016865208182082,2.1916,2.1297571428571427,2.1786666666666665,2.1916,2.13339,2.17479071164644,2.1748750466224074,2.1689887461518143,44.68560768399131,0.7940501879973717,-0.0694297134671191,-0.0855687582827743,-0.020987598237405,-0.0276135902179307,-0.0461999999999998,0.1576999999999999,-0.3702999999999998,69.27649108423857,74.10671585707452,59.61604153856669,0.1093147489286472,0.1224381106819571,0.1136999999999999,0.1371428571428571,2.13339,2.3408001530783857,1.925979846921614,-1291064316.5684128,2.1644014982025808,2.095398127002714,2.2007303211926845,43.7420389936283,79.80062364472616,-205424485.6400795,-0.0832929359750874,0.1814867636513823
2025-12-01,2.155,2.161,1.9822,2.0295,164031769.194519,0.0717272727272727,7351372.0,11533.0,0.0015688227993359,2.15298,2.120342857142857,2.1286666666666667,2.15298,2.14137,2.10214535582322,2.126416697748272,2.1436271559423936,38.49344551056377,0.4268009974874077,-0.0740289244149416,-0.0832607915092077,-0.0868802303608385,-0.0371020543720642,-0.1930999999999998,0.0798000000000001,-0.3609999999999997,45.124282982791634,64.38897155653756,6.594905835299784,0.0965871747869932,0.1162800969528626,0.1013999999999999,0.1361214285714285,2.14137,2.324631279052612,1.9581087209473875,-1455096085.7629318,2.1462508955528405,2.1325884250679072,2.1437854479655445,43.01085756835548,53.81222958819807,-282669871.3569613,-0.0808080589870224,0.0569347968682395
2025-12-02,2.0294,2.1839,1.995,2.1535,114082826.772846,0.0717272727272727,7355599.0,12299.0,0.0016720596106448,2.1438,2.1158571428571427,2.1127,2.1438,2.16175,2.12782267791161,2.1354444651655147,2.145422218498322,46.39157787097836,0.8952290900767939,-0.0696965936632403,-0.0805479519400143,-0.0208693279985449,0.0781515970761992,-0.0458999999999996,0.2038000000000002,-0.2340999999999997,71.46802634374343,61.95626680359121,90.49154542404789,0.0692965006331479,0.1034847269432789,0.1113571428571427,0.1399214285714285,2.16175,2.2932308655280287,2.0302691344719714,-1341013258.9900858,2.13468641967582,2.14694775378774,2.128559939666502,50.020568901471975,52.87872229029075,-205306133.3495414,-0.0505951833893124,0.0794597406460904
2025-12-03,2.1536,2.2196,2.1413,2.1977,106000381.548552,0.0717272727272727,7359756.0,12575.0,0.0017086164269576,2.14744,2.1222857142857143,2.1269,2.14744,2.17667,2.1627613389558054,2.156196310110343,2.1549272696804453,48.909975970404496,1.0,-0.0629149149135552,-0.0770213445347225,0.0083505391144758,0.1271990562650664,0.0182000000000002,0.1492,-0.1229999999999997,80.85829615466335,65.8168684937328,110.94115147652444,0.0572119072687953,0.0962444654594622,0.106742857142857,0.1315857142857142,2.17667,2.285221961751042,2.0681180382489583,-1235012877.4415338,2.121983845999536,2.163324724322192,2.1215057975504847,57.72651414957458,54.19626251942666,-158600984.39136633,0.0087503406776888,0.0750826477987008
2025-12-04,2.1978,2.2145,2.07,2.0963,89825564.221052,0.0717272727272727,7363983.0,11906.0,0.0016167880887286,2.12642,2.12935,2.1491666666666664,2.12642,2.16363,2.1295306694779024,2.1362308734068955,2.1442677661021823,43.82369109314081,0.7112164238038385,-0.0629894688812444,-0.0742149694040268,-0.0477423457799582,0.0751910550341077,-0.1051000000000002,-0.1304000000000003,-0.1461000000000001,59.31591247078818,70.54741165639831,36.8529140995679,0.0593621100628254,0.0939343337264401,0.1183857142857142,0.1294,2.16363,2.2762616847072774,2.0509983152927225,-1324838441.6625855,2.11375600784828,2.1565874328938808,2.1161798912837373,60.06608536869236,51.967201846050365,-215728799.97555104,0.0221211705629813,-0.0884904605014215
2025-12-05,2.0963,2.1131,2.0131,2.0348,85265059.93916,0.0717272727272727,7367945.0,11520.0,0.0015635295866079,2.10236,2.135428571428572,2.1096,2.10236,2.14698,2.082165334738951,2.102420582271264,2.124364535901785,41.03632786375233,0.552958532048957,-0.0662622733880118,-0.0726244302008238,-0.0558210755881396,-0.0066878203563582,-0.1202999999999998,-0.1664999999999996,-0.2012,36.844732900649085,59.006313842033535,-7.478428982119823,0.0700163917315865,0.0935615761213672,0.1155428571428571,0.1214642857142856,2.14698,2.2798267628510365,2.014133237148964,-1410103501.6017458,2.108701270419861,2.140527451195021,2.103357620332645,66.95938504586847,35.3371507416,-263988823.9011156,0.0099939923659634,-0.136603764905002
2025-12-06,2.0346,2.0511,2.016,2.0312,35922858.423813,0.0717272727272727,7371461.0,11487.0,0.0015583070981451,2.1027,2.14125,2.0541,2.1027,2.12784,2.056682667369476,2.078680388180843,2.107425529374188,40.87244734714385,0.2540277971290711,-0.0686245910013094,-0.071824462360921,0.0008376447400837,-0.0877980868549872,0.0017,-0.1913999999999998,-0.1817999999999999,24.39599292869777,40.18554610004501,-7.183113413996708,0.0731390486979719,0.0936050302291981,0.1125571428571428,0.1183642857142856,2.12784,2.266611587870138,1.9890684121298616,-1446026360.025559,2.1040253536563465,2.1291833272804874,2.1148987488389683,63.35060451508524,35.85223343528476,-268799007.2228224,0.009810043455059,-0.1945230849014741
2025-12-07,2.0313,2.1114,1.9908,2.0444,67423414.843826,0.0717272727272727,7374743.0,11502.0,0.0015596475700915,2.08088,2.140957142857143,2.0368,2.08088,2.112340000000001,2.0505413336847376,2.0672535921205624,2.095966342215245,41.79037769525902,0.3165096283648425,-0.0692064510557317,-0.0713008600998831,-0.050661713489668,-0.0712760641439148,-0.1091000000000002,-0.1549999999999998,-0.1169000000000002,20.35340314136128,27.198042990236043,6.664123443611743,0.072711594673751,0.0944040157207789,0.1208857142857142,0.1172928571428571,2.112340000000001,2.250300550883213,1.974379449116788,-1378602945.181733,2.0972832593361863,2.1178235906000604,2.104534219087503,62.308443070076834,44.01738583513782,-276290497.76102537,0.0345677021572431,-0.1933561372552678
2025-12-08,2.0444,2.1242,2.0322,2.0724,59956998.885667,0.0717272727272727,7378482.0,11664.0,0.0015808129639673,2.05582,2.1299357142857143,2.049333333333333,2.05582,2.10163,2.061470666842369,2.0689690614137084,2.091681552721564,43.78402511516914,0.507902283298874,-0.0674310667369262,-0.0705269014272917,-0.0570141511580288,-0.0675785116530189,-0.1253000000000002,-0.1070999999999999,-0.1438999999999999,30.7116104868914,25.153668852316816,41.827493756040575,0.0695385432691816,0.091485807930138,0.1084857142857143,0.1049428571428571,2.10163,2.233570109140471,1.9696898908595288,-1318645946.2960658,2.0916826634532937,2.101289800014486,2.0739443010719865,57.87700039376879,62.60227083437091,-283850293.27269644,-0.0041838023128829,-0.1236441697323283
2025-12-09,2.0724,2.1777,2.0415,2.1065,91916779.807455,0.0717272727272727,7382490.0,11867.0,0.0016074522281777,2.05786,2.1231642857142856,2.0744333333333334,2.05786,2.09214,2.083985333421184,2.0814793742758058,2.0943758158630974,46.20066272748341,0.7399025276826666,-0.0633715298409938,-0.0690958271100321,0.0048657157849545,-0.0422387923979266,0.0102000000000002,-0.0948999999999999,-0.0011999999999998,42.32209737827717,31.129037002176617,64.70821813047826,0.0602674999942373,0.0914842960351729,0.1009571428571429,0.1061571428571428,2.09214,2.206489541319585,1.977790458680416,-1226729166.4886107,2.090714715381781,2.097318535771161,2.0693115188724307,56.612050622331545,61.043368440469806,-288034463.8659875,0.0029358959853723,-0.1322774362606486
2025-12-10,2.1061,2.1124,2.0351,2.042,83926521.549181,0.0717272727272727,7386298.0,11458.0,0.0015512507077293,2.0593,2.110264285714286,2.073633333333333,2.0593,2.08083,2.062992666710592,2.0683195828505374,2.084852940251625,42.480740331675015,0.3827853080719753,-0.0634387514153638,-0.0679644119710985,0.0035384312954589,-0.0630878641890342,0.0071999999999996,-0.1131000000000002,0.0445999999999997,20.3609124957439,31.131540120304155,-1.180342753376614,0.0576969486965188,0.089242613729438,0.1008142857142858,0.1037785714285714,2.08083,2.19030226315373,1.9713577368462707,-1310655688.0377915,2.093631621384495,2.091415337831485,2.071724172438504,49.17474539509927,42.70684140182753,-356977984.1554184,0.0261660117933504,-0.1687016547646789
2025-12-11,2.0421,2.0576,1.9781,2.0344,93851181.206205,0.0717272727272727,7390624.0,11416.0,0.0015446598284529,2.05994,2.098478571428572,2.060966666666667,2.05994,2.0813200000000003,2.048696333355296,2.057013055233692,2.075679678387693,42.05110337542002,0.3415396209488596,-0.0634418501120022,-0.0670598995992792,0.0015754233950373,-0.0758608158444625,0.0032,0.0049000000000001,0.0847000000000002,18.90530557421096,27.19610514941068,2.3237064238115224,0.0572315142401636,0.0831836172825459,0.0915285714285715,0.1049571428571428,2.0813200000000003,2.1899091633635672,1.972730836636433,-1404506869.2439966,2.1137000297381774,2.090408069814595,2.0638190036610364,48.037537494467024,42.75314903817016,-317902838.2695638,0.0123885292717314,-0.0425430761659168
2025-12-12,2.0342,2.048,1.9701,2.0072,67415050.75852,0.0717272727272727,7394343.0,11247.0,0.0015210276288238,2.0525,2.086171428571429,2.0278666666666667,2.0525,2.0666900000000004,2.027948166677648,2.040408703489128,2.063228827771749,40.47342138443081,0.1900801693520238,-0.0645779200119762,-0.0665635036818186,-0.0181960477401682,-0.0686279058976381,-0.0371999999999999,-0.1463000000000001,0.0575000000000001,14.658237850651975,17.974818640202276,8.025076271551377,0.0554000290814187,0.0781437716816262,0.0883714285714286,0.1019571428571428,2.0666900000000004,2.17180416460211,1.961575835397891,-1471921920.0025167,2.1184883378644903,2.080359878177737,2.056954435798239,39.2779512567159,44.4046670129551,-321104836.82933927,-0.0178301787114931,-0.1481742018691424
2025-12-13,2.0072,2.0482,2.0067,2.0231,29637165.920642,0.0717272727272727,7397106.0,11346.0,0.0015338431002611,2.04264,2.0734357142857145,2.0215666666666667,2.04264,2.04923,2.025524083338824,2.0346391356594187,2.0559326772677946,41.8469183674552,0.3219376038710985,-0.0640253649703264,-0.0660558759395202,-0.0237888438525382,-0.0031534860803154,-0.0493000000000001,-0.1746000000000003,-0.0254000000000003,21.24248496993987,18.26867613160093,27.19010264661776,0.0321635076168946,0.0794633348088659,0.0892857142857143,0.1009214285714286,2.04923,2.110255964965737,1.9882040350342631,-1442284754.0818748,2.122568032832919,2.062164689720069,2.0512957477754714,42.39365839873695,50.888603035485126,-327317929.44402814,-0.0515667322811581,-0.2392670995204069
2025-12-14,2.0232,2.0308,1.9546,1.9786,35915488.525105,0.0717272727272727,7400430.0,11069.0,0.0014957238971248,2.01706,2.0608285714285715,2.002966666666667,2.01706,2.0374600000000003,2.002062041669412,2.015959423772946,2.041872190491832,39.12591625258646,0.0607179851737658,-0.0657482706017953,-0.0659943548719752,-0.0607168288630429,-0.0812166241003019,-0.1279000000000001,-0.1176999999999999,-0.2481000000000002,9.056603773584918,14.985775531392257,-2.8017397420297563,0.0344772130866467,0.0801338319707368,0.0829428571428572,0.1019142857142857,2.0374600000000003,2.102875912437261,1.97204408756274,-1478200242.6069798,2.112633885509357,2.0491408206593382,2.0270396978035627,42.34647017551976,39.90162471296188,-340609488.1895395,-0.1307357332913276,-0.1917611113203305
2025-12-15,1.9787,2.0142,1.8689,1.8979,88542946.168949,0.0717272727272727,7404267.0,10501.0,0.0014182362683571,1.98824,2.051428571428571,1.9665333333333328,1.98824,2.02377,1.949981020834706,1.9766062825152977,2.015695428584226,34.7172346998,0.0,-0.0715093726259272,-0.0670973584227656,-0.0705680705190988,-0.1364153433134641,-0.1440999999999999,-0.1369000000000002,-0.3033999999999999,8.269175933846574,12.856088225790453,-0.9046486500411852,0.0560692637131356,0.0883527730181595,0.0905571428571429,0.0995214285714286,2.02377,2.130153948037283,1.9173860519627168,-1566743188.7759287,2.0949757155298725,2.0320278171661,1.989337543706712,45.605107919242,25.53056002240858,-393808381.5174767,-0.1625254756468717,-0.1983466620268835
2025-12-16,1.8982,1.9492,1.852,1.9291,81318619.078936,0.0717272727272727,7407982.0,10723.0,0.0014474927179898,1.96718,2.0354,1.9352,1.96718,2.01356,1.9395405104173529,1.9607708550101983,1.999950805205276,37.64271481826772,0.2061250932916581,-0.0737613281325679,-0.0684301523647261,-0.0517597325992922,-0.0797595763965079,-0.1053000000000001,-0.1021,-0.2934999999999998,20.973884657236127,12.76655478822254,37.388544395263295,0.0633847370341528,0.0887344055980568,0.0849857142857143,0.0929714285714286,2.01356,2.1338240827512487,1.8932959172487505,-1485424569.6969926,2.0789869301218054,2.0178236678301937,1.9575138002348529,35.91699371596005,6.281883799169833,-346121536.99587846,-0.1566380300816638,-0.1104758814806201
2025-12-17,1.9293,1.9867,1.8468,1.8618,96789687.568245,0.0717272727272727,7411553.0,10245.0,0.0013823013881166,1.9381,2.0114071428571427,1.8962666666666663,1.9381,1.9953,1.9006702552086765,1.927780570006799,1.9748324769861345,34.09362535623286,0.0,-0.0790803777760476,-0.0705601974469904,-0.0724392188122758,-0.0850206408492236,-0.1454000000000002,-0.1826000000000001,-0.3375999999999999,4.079412564590671,11.107491051891124,-9.976744410010236,0.078105583809495,0.0948624855139955,0.0939285714285714,0.0973714285714286,1.9953,2.143494925689105,1.8471050743108948,-1582214257.2652376,2.063358394778337,1.999108007048568,1.9299670958127264,25.37747505695637,6.213019907085027,-422155751.890447,-0.1964112814852369,-0.2000153115155042
2025-12-18,1.862,1.933,1.8001,1.8067,123334137.217218,0.0717272727272727,7414547.0,9857.0,0.0013294136512992,1.89482,1.9907214285714283,1.8658666666666663,1.89482,1.96873,1.8536851276043385,1.8874203800045328,1.944262935715928,31.4769498486437,0.0,-0.0861291935908634,-0.073673996675765,-0.1069645593396272,-0.1105257975580937,-0.2163999999999999,-0.2657,-0.3728,1.7478813559321866,8.933726192586327,-12.623808317376096,0.0927782547559254,0.1049568262116344,0.1015571428571429,0.0965428571428572,1.96873,2.1447643614184444,1.7926956385815558,-1705548394.4824555,2.035560062965448,1.9695417208538544,1.899142665503867,24.928011650757256,5.978840214258668,-533239997.3750295,-0.2189272682453363,-0.3146287342407238
2025-12-19,1.8066,1.92,1.7705,1.9083,124976732.557488,0.0717272727272727,7418021.0,10562.0,0.0014238298867042,1.88076,1.9816857142857145,1.858933333333333,1.88076,1.94891,1.8809925638021687,1.894380253336356,1.9377242201312137,40.539167030850194,0.6154845083423438,-0.0850592388458064,-0.0759510451097733,-0.0355301728494894,-0.0665720993934649,-0.0702999999999998,-0.1981999999999999,-0.2930999999999999,33.840864440078605,13.22271945353382,75.07715441316817,0.0804246569432801,0.1009108093683057,0.1117857142857143,0.1000785714285714,1.94891,2.1015050575870644,1.7963149424129357,-1580571661.9249675,2.0188438803373128,1.938434212191668,1.884966691832296,35.197674556548606,26.61069494432021,-427824840.34827846,-0.1505621322615142,-0.1692976887216887
2025-12-20,1.9081,1.9579,1.8924,1.9325,49613715.451871,0.0717272727272727,7421117.0,10730.0,0.0014458739836604,1.88768,1.9746357142857145,1.8825,1.88768,1.93796,1.9067462819010847,1.9070868355575703,1.9367743619255384,42.49011905457127,0.7479885879705805,-0.0820337578339587,-0.0771675876546104,0.0182306760103272,-0.0675062729202856,0.0346000000000001,-0.1094999999999997,-0.2225999999999999,39.78388998035364,25.12421192545481,69.10324609015129,0.0734980302079199,0.0975049983873872,0.1152142857142857,0.10225,1.93796,2.077412707395732,1.7985072926042682,-1530957946.4730966,2.013253133569026,1.9245272625884784,1.881591807135005,39.270609660800126,28.90647758344897,-416690159.1705302,-0.1250279989124729,-0.0754518234328266
2025-12-21,1.9326,1.9491,1.8938,1.9215,44352490.302223,0.0717272727272727,7423978.0,10665.0,0.0014365613691204,1.88616,1.9658571428571427,1.9207666666666663,1.88616,1.92667,1.9141231409505424,1.9118912237050472,1.933997205211804,41.81846492377741,0.7023714167909437,-0.0795610152489869,-0.0776462731734857,-0.0039396609818049,-0.0878234037502967,-0.0076,-0.1129000000000002,-0.1080000000000001,37.08251473477405,36.90242305173543,37.44269810085129,0.0652459117493186,0.0993069111656444,0.1122285714285714,0.0975857142857143,1.92667,2.0504654134853126,1.802874586514688,-1575310436.7753196,2.006030651258975,1.911840929938376,1.8803398390933808,33.68135186716019,28.559516603630755,-416609955.7522622,-0.0853084813834828,-0.1330471023149807
2025-12-22,1.9215,1.9486,1.8902,1.9032,73811287.9535,0.0717272727272727,7427240.0,10541.0,0.0014192351398366,1.89444,1.9537714285714287,1.9190666666666667,1.89444,1.91627,1.9086615704752712,1.9089941491366984,1.928397713355112,40.66676211666279,0.6241504669128867,-0.078002189542345,-0.0777174564472575,0.0222365452787625,-0.0679725759059745,0.0414000000000001,-0.104,-0.2503000000000002,32.58840864440077,36.48493778650949,24.79535036018335,0.0589702570981516,0.0951593599677492,0.0998142857142857,0.0951857142857143,1.91627,2.0281581959815225,1.8043818040184776,-1649121724.7288196,1.9937771982755352,1.9033517095039447,1.8821020517363884,27.53253677837361,29.306399391790336,-457560053.8634508,-0.1648938204862302,-0.1823555078263827
2025-12-23,1.9032,1.9088,1.863,1.8719,59814868.09088,0.0717272727272727,7430461.0,10330.0,0.0013902232983929,1.90748,1.9370142857142856,1.8988666666666667,1.90748,1.90115,1.8902807852376355,1.896629432757799,1.9181254018360008,38.70340438277567,0.6561648512802757,-0.0779903105200345,-0.0777720272618129,0.0360878950572867,-0.0798761305544634,0.0651999999999999,-0.1512,-0.3258000000000003,29.657794676806056,33.10957268532696,22.75423865976425,0.0466277516316422,0.0853834009506101,0.0924714285714285,0.0887285714285714,1.90115,1.989619938397173,1.812680061602827,-1708936592.8196995,1.9754916134907297,1.8969828633559265,1.8943738382115047,19.109327978890235,30.46847818821989,-494128095.4910632,-0.2261557838899258,-0.2142795121853392
2025-12-24,1.872,1.8771,1.8355,1.8613,52312494.244659,0.0717272727272727,7433522.0,10243.0,0.0013779470888765,1.89808,1.9241071428571428,1.8788,1.89808,1.88942,1.8757903926188173,1.884852955171866,1.907793510593092,38.03371289757468,0.5953566068341132,-0.0779927618806433,-0.077816174185579,-0.0246292511659592,-0.0726883220406536,-0.0470000000000001,-0.1172999999999999,-0.2349999999999998,31.626610936955768,31.2909380860542,32.297956638758905,0.0391307154149881,0.0839981917098467,0.0784285714285714,0.0861785714285714,1.88942,1.963665312309934,1.8151746876900656,-1761249087.0643585,1.9618332252725208,1.890302551260676,1.900119335206224,19.85018028682134,33.12465840753903,-481552976.682251,-0.1838217526713237,-0.1773170760407384
2025-12-25,1.861,1.888,1.8277,1.8316,42761073.726471,0.0717272727272727,7436726.0,10035.0,0.0013493841241428,1.8779,1.9096214285714288,1.854933333333333,1.8779,1.88279,1.8536951963094088,1.8671019701145768,1.893940145030712,36.146474259559085,0.4239946125954488,-0.0791621655195233,-0.0780853724523679,-0.0522121604139717,-0.0946567149424151,-0.1009000000000002,-0.0663,-0.2032000000000002,22.00216060496936,27.76218873957706,10.482104335753966,0.042963277601018,0.0871427298655422,0.0680571428571428,0.0848071428571428,1.88279,1.964307087779187,1.8012729122208129,-1804010160.7908287,1.9528200903930109,1.8836128366754823,1.887136252660662,21.0403182967674,38.9587889776979,-518782767.240124,-0.1815297243180938,-0.1668360306321452
2025-12-26,1.8315,1.8819,1.8233,1.842,80601146.792555,0.0717272727272727,7440224.0,10107.0,0.0013584268430627,1.862,1.8978214285714283,1.8449666666666669,1.862,1.87408,1.8478475981547045,1.858734646743052,1.8844964822978545,37.31935306695402,0.5304924594426275,-0.0788519421632878,-0.0782386863945519,-0.0413739266198281,-0.0690387142423935,-0.0794999999999999,-0.0870999999999999,-0.1892,25.74720921858124,26.45866025350212,24.32430714873947,0.0413295105759113,0.0884977347316265,0.0550714285714285,0.0834285714285714,1.87408,1.952497232799938,1.7956627672000618,-1723409013.9982743,1.945062876262414,1.8770139937523864,1.872292803848792,20.88621551515696,12.58428347506647,-547942226.4893073,-0.192742287146156,-0.2696812106107449
2025-12-27,1.842,1.8773,1.8401,1.872,32442241.080404,0.0717272727272727,7443613.0,10324.0,0.0013869608750481,1.85576,1.8870285714285715,1.8485333333333327,1.85576,1.8751,1.8599237990773525,1.8631564311620343,1.882224394607336,40.70291551355819,0.837721231046631,-0.0761475904469877,-0.077820467205039,-0.0163934426229507,-0.0136466621002159,-0.0311999999999998,0.0102000000000002,-0.1723999999999999,38.993469074145246,28.91427963256528,59.151847957305165,0.0411180955028038,0.0865602376200517,0.0510285714285714,0.0831214285714285,1.8751,1.953116100902312,1.7970838990976878,-1690966772.9178703,1.938230039602784,1.8733247884276767,1.8596940182103203,20.903177715346445,8.339804394826459,-524744279.9103085,-0.1757980824486806,-0.149978801659665
2025-12-28,1.872,1.8778,1.852,1.8638,29130132.213833,0.0717272727272727,7447096.0,10264.0,0.0013782553628958,1.85414,1.8788285714285715,1.8592666666666664,1.85414,1.88081,1.861861899538676,1.8633709541080232,1.8788745046787287,40.06627110045274,0.7799136734579587,-0.0738158219820568,-0.0770195381604426,-0.0043271542283241,-0.0338499818568245,-0.0080999999999999,0.0570999999999999,-0.2086000000000001,38.28477636438237,34.34181821903629,46.17069265507455,0.0338942292695628,0.0815827774652532,0.0468142857142856,0.0795214285714285,1.88081,1.945119778416658,1.8165002215833417,-1720096905.1317034,1.9306905604552165,1.878478906887684,1.8548577042522207,24.03992189624303,16.539115063426024,-527228244.6727286,-0.1760465325776773,0.0101925869135992
2025-12-29,1.8638,1.9157,1.8422,1.8486,83190557.027683,0.0717272727272727,7451100.0,10145.0,0.0013615439331105,1.8516,1.8753071428571428,1.8614666666666668,1.8516,1.87484,1.855230949769338,1.858447302738682,1.873370049282596,38.85312857152296,0.6697598652083918,-0.0722312226177621,-0.0760618750519065,-0.0068231880943426,-0.0070899129874314,-0.0126999999999999,-0.0597,-0.2579,36.123959296947305,37.800734911824975,32.770408067191966,0.0337716909720408,0.0710484258501698,0.0489714285714285,0.0743928571428571,1.87484,1.938917278344197,1.810762721655803,-1803287462.1593864,1.9150429309173016,1.879799683549728,1.858587316287948,32.7333778033742,38.16479827173347,-595931194.4901485,-0.2241306816141554,-0.3067466234151454
2025-12-30,1.8487,1.8848,1.8417,1.8755,67899771.47962,0.0717272727272727,7455561.0,10339.0,0.0013867501050558,1.86038,1.8714785714285715,1.8626333333333327,1.86038,1.86914,1.865365474884669,1.8641315351591208,1.8737573130493967,42.18919939510607,0.972676379174921,-0.068724625375071,-0.0745944251165394,0.0239681153090194,0.038080478219959,0.0439,-0.0570000000000001,-0.1664999999999998,48.56614246068455,40.99162604067141,63.71517530071084,0.0271121211105112,0.0644467180986105,0.0485857142857142,0.0705285714285714,1.86914,1.920581632944529,1.8176983670554705,-1735387690.6797664,1.9035007226506475,1.8741173202185424,1.8619956477095856,33.25180205421857,37.41104586291947,-557333876.5957012,-0.1475689037052771,-0.2483484517497579
2025-12-31,1.8754,1.8818,1.8091,1.839,73769599.299846,0.0717272727272727,7460459.0,10099.0,0.0013536700623916,1.85978,1.86985,1.8543666666666665,1.85978,1.86089,1.8521827374423343,1.855754356772748,1.86743780158587,39.07407765471263,0.6898221269477961,-0.067507736298392,-0.0731770873529099,-0.0016286644951141,-0.0363150448042761,-0.0030000000000001,-0.0825,-0.1954000000000002,36.55282817502668,40.41430997755285,28.829864569974347,0.0213485076241338,0.0580608265437625,0.0530285714285713,0.0657285714285714,1.86089,1.90139594524264,1.82038405475736,-1809157289.9796124,1.8917706082394408,1.8667760422783592,1.8608188260314,34.157425071641626,35.50464186547626,-570423667.9432666,-0.1887823835209385,-0.2581922905148944
2026-01-01,1.8392,1.8786,1.8226,1.8772,51165769.178021,0.0717272727272727,7463538.0,10368.0,0.0013891535086978,1.86082,1.8748857142857145,1.8639,1.86082,1.85829,1.864691368721168,1.8629029045151653,1.869212746752076,43.75481499287712,1.0,-0.0636567526082201,-0.0712730204039719,0.0027777777777777,-0.0286157826649418,0.0051999999999998,-0.026,-0.1300000000000001,56.93703308431164,47.35200124000762,76.10709677291969,0.0167003293380677,0.0516139169318712,0.0524142857142856,0.0602357142857142,1.85829,1.8899766470299355,1.826603352970064,-1757991520.8015914,1.8845677747621843,1.8600412069595875,1.8603460443768656,42.81918420512949,47.01231007081343,-521816187.2241468,-0.1518952624962963,-0.112122697128976
2026-01-02,1.8772,2.0303,1.8665,2.0061,119792476.716339,0.0717272727272727,7467025.0,11221.0,0.0015027403818789,1.88928,1.8818714285714289,1.907433333333333,1.88928,1.87171,1.9353956843605835,1.910635269676777,1.8941013382516976,56.03032737005698,1.0,-0.0521948042440214,-0.0674573771719818,0.0763493937117716,0.0440281030444964,0.1423000000000001,0.1342000000000001,-0.0169999999999999,89.05967450271248,60.84984525401693,145.47933300010357,0.0498572506707335,0.049349773102423,0.0674428571428571,0.0612571428571428,1.87171,1.966307481996085,1.7771125180039145,-1638199044.0852523,1.888647714478671,1.8783981185638967,1.89250786672148,42.90608406257605,69.5813137774459,-437420266.50946105,-0.0780018340037211,0.0895765925048522
2026-01-03,2.0059,2.1385,1.9821,2.0176,67426724.442186,0.0657499999999999,7470564.0,11305.0,0.0015132726257348,1.92308,1.88795,1.9669666666666668,1.92308,1.88734,1.976497842180292,1.946290179784518,1.9165556403877528,56.933403649576455,1.0,-0.0416961545407132,-0.0623051326457281,0.091420534458509,0.0601092896174861,0.1689999999999998,0.1562999999999998,0.0389999999999999,63.29690346083783,69.76453701595398,50.36163635060555,0.0675806218116135,0.0537571596210569,0.0844714285714285,0.0677499999999999,1.88734,2.015565214369092,1.759114785630908,-1570772319.6430664,1.8935304113177325,1.8974887583540752,1.924933399536918,44.35642235797914,72.08610308829186,-474237672.31101286,-0.0926014420497162,0.0112859238251306
2026-01-04,2.0176,2.1199,2.0147,2.0901,84576454.258056,0.0657499999999999,7474076.0,11775.0,0.0015754455801626,1.966,1.899992857142857,2.037933333333333,1.966,1.91319,2.0332989210901458,1.9942267865230123,1.948109160317252,62.20380973666303,1.0,-0.0283811618034028,-0.0555203384772631,0.1144228205811783,0.1165660558790535,0.2146000000000001,0.2585000000000002,0.1922000000000001,85.30661809350335,79.22106535235122,97.4777235758076,0.0897073693244371,0.0702102474151942,0.0958142857142857,0.0713142857142856,1.91319,2.083397765980285,1.742982234019715,-1486195865.3850105,1.9021304202924592,1.922233824887488,1.9667619273234207,52.0681771240551,75.26945503315649,-437577156.01664615,-0.0304144141726684,0.1176901662045702
2026-01-05,2.0901,2.3687,2.0867,2.3475,182056850.44419,0.0657499999999999,7478435.0,13325.0,0.001781789906578,2.0677,1.9317285714285712,2.151733333333333,2.0677,1.96374,2.190399460545073,2.1119845243486752,2.020725676623206,74.25163018905663,1.0,-0.0016847672498512,-0.0447532242317807,0.2765089722675369,0.2612152796432603,0.5085000000000002,0.5055000000000001,0.4184000000000001,96.21157969978556,81.60503375137559,125.42467159660552,0.1600107093638138,0.1226888615027449,0.1256,0.0872857142857142,1.96374,2.2673389749653303,1.6601410250346698,-1304139014.9408205,1.944923935481504,2.009137171206602,2.093259205999936,65.45306214149964,80.091675032409,-282893392.3059087,0.0410620840028318,0.3348899377596188
2026-01-06,2.3474,2.4168,2.2031,2.3032,213210997.757618,0.0657499999999999,7483141.0,13078.0,0.0017476618441373,2.1529,1.9625357142857145,2.246933333333333,2.1529,2.00686,2.2467997302725364,2.17572301623245,2.0720846445098955,70.10955896646698,0.8912989299859226,0.0175016748020464,-0.0323022444250153,0.2269337310888557,0.2574797990827691,0.4259999999999999,0.4311999999999998,0.4414,81.30656573967418,87.6082545109877,68.70318819704715,0.1881649288375604,0.1487976605645109,0.1499714285714285,0.0992785714285714,2.00686,2.3638778505341143,1.649842149465886,-1517350012.6984384,1.994341701774,2.0794850526143174,2.1797326983119336,75.57292679380276,91.93067354082196,-296362500.7276581,0.0759511227850462,0.2349076710096099
2026-01-07,2.3033,2.3195,2.1495,2.1633,114939868.554765,0.0657499999999999,7486919.0,12246.0,0.0016356527965642,2.18434,1.9841071428571424,2.271333333333333,2.18434,2.03681,2.205049865136268,2.1715820108216337,2.0886692545990053,58.92952373602219,0.5978993897470589,0.0246038699106398,-0.0209210215578842,0.0783609989531928,0.17442996742671,0.1572,0.2995000000000001,0.3566,58.28533816027648,78.60116119991208,17.65369208100526,0.1866939411621767,0.1531615964645731,0.1638714285714285,0.1084499999999999,2.03681,2.391036847655565,1.6825831523444352,-1632289881.2532034,2.020495524346182,2.0996650874427227,2.2234875635413665,70.94872335888033,85.90861396595005,-392641543.5641204,0.0853226076154689,0.1272051071485906
2026-01-08,2.1634,2.19,2.0632,2.1214,136865699.105886,0.0657499999999999,7490427.0,11973.0,0.0015984402491339,2.2051,2.004807142857143,2.195966666666666,2.2051,2.06409,2.1632249325681343,2.1548546738810894,2.094620299217368,56.04683329277974,0.5070762402196427,0.0276846677623465,-0.0111998836938381,0.05144726407613,0.1332264957264957,0.1038000000000001,0.2727999999999999,0.2130999999999998,51.3904887279908,63.66079754264715,26.849871098678094,0.1757467018814913,0.156831234385709,0.1739857142857142,0.1131999999999999,2.06409,2.397545921524867,1.7306340784751324,-1769155580.3590894,2.04071553770292,2.1200412394210435,2.221389691135407,65.53703134584673,72.73931387208819,-403867121.4087674,0.0144346719359919,0.1727654452867026
2026-01-09,2.1214,2.1597,2.0701,2.0931,102325470.475074,0.0657499999999999,7493543.0,11777.0,0.0015716197264765,2.2057,2.022742857142857,2.125933333333333,2.2057,2.08585,2.128162466284067,2.134269782587393,2.094343881177846,54.12113147393202,0.4313177734858267,0.0282714928767489,-0.0033056083797207,0.0014353380221041,0.1230282219122225,0.0030000000000001,0.2176000000000002,0.1606,46.7335856508146,52.13647084636062,35.927815259722536,0.1627958998255163,0.1589363112265843,0.1633857142857142,0.1154142857142856,2.08585,2.394733502311144,1.776966497688856,-1871481050.834164,2.047991374264899,2.133904558146577,2.2223897004010005,64.00099096498934,61.56502242853984,-453659426.2381557,-0.0215885742659403,0.0904561074900849
2026-01-10,2.093,2.1077,2.0777,2.0881,22613536.890817,0.0657499999999999,7496534.0,11756.0,0.0015681913801764,2.15382,2.0381785714285714,2.1008666666666667,2.15382,2.11076,2.108131233142033,2.118879855058262,2.093208630054601,53.76961704496024,0.4213875670389621,0.0282214223625154,0.0029997977687265,-0.1105005324813632,0.1295575029752245,-0.2594000000000003,0.2490999999999998,0.1665999999999998,45.91081125555372,48.01162854478637,41.70917667708842,0.1379966199263974,0.1602078448535823,0.1453285714285713,0.1148999999999999,2.11076,2.372590177023196,1.848929822976804,-1894094587.7249804,2.051887987845698,2.152600280390781,2.203397880092034,62.16240511430768,57.21502822316327,-460594244.21800655,-0.0260153225558299,0.1003032391537249
2026-01-11,2.0881,2.1074,2.043,2.0715,42090043.166147,0.0657499999999999,7499465.0,11657.0,0.0015543775455982,2.10748,2.0530142857142857,2.0842333333333336,2.10748,2.13019,2.0898156165710167,2.1030865700388413,2.08926160640831,52.5493183602103,0.3869143936279866,0.026948812849957,0.0077896007849726,-0.1005991663772143,0.1045054652092773,-0.2317,0.1942999999999999,0.1682999999999999,43.17920026328781,45.27453238988537,38.98853601009266,0.1128437607195575,0.1600594606618627,0.1394999999999999,0.1176571428571428,2.13019,2.3442959821677056,1.916084017832294,-1936184630.891128,2.058583031702359,2.1633643791468176,2.1372951196912804,59.548856025091936,50.26921694559644,-465430677.7495207,-0.004744238320145,0.0519252297633459
2026-01-12,2.0714,2.1069,2.0324,2.0518,90990505.530972,0.0657499999999999,7502504.0,11536.0,0.0015376199732782,2.0851800000000003,2.0675285714285714,2.0704666666666665,2.0851800000000003,2.13476,2.070807808285508,2.085991046692561,2.0824504052431623,51.068091266970704,0.3409564551299659,0.0244982589920974,0.0111313324263976,-0.0515416262192021,0.115715062533986,-0.1114999999999999,0.0457,0.1799000000000001,39.93746914596021,43.009160221600574,33.794086994679475,0.1080849686332186,0.1578622760009766,0.1098571428571427,0.1177285714285713,2.13476,2.339836809025297,1.929683190974704,-2027175136.4221,2.0651349173772675,2.176966353288684,2.0989516594101105,53.5137846547678,31.24026079760389,-509032839.46033525,-0.0088185328691408,-0.0677446161434658
2026-01-13,2.0517,2.1837,2.045,2.164,104419666.688277,0.0657499999999999,7505332.0,12239.0,0.00163070734246,2.0937,2.088135714285714,2.0957666666666666,2.0937,2.1494,2.117403904142754,2.111994031128374,2.09727760428986,58.28084887322866,0.5459950972929223,0.029081085802058,0.0147212831015296,0.0200810785330443,0.1527807372682719,0.0426000000000001,0.1464000000000003,0.3027000000000002,58.40052657561301,47.17239866162034,80.85678240359836,0.1000702308936602,0.1580486171037858,0.099142857142857,0.1245571428571428,2.1494,2.339269913361748,1.959530086638252,-1922755469.7338223,2.075296758143,2.1806368988316813,2.098369932884316,59.24128037825685,17.0444273635686,-434275284.2898526,0.0271357084688783,0.0365257164901129
2026-01-14,2.1642,2.1912,2.1103,2.1394,111541392.186742,0.0657499999999999,7508625.0,12089.0,0.001610015149245,2.10296,2.1095928571428573,2.1184,2.10296,2.1543300000000003,2.128401952071377,2.121129354085583,2.104936221691704,56.3206341358349,0.4120370950908987,0.0311099231843878,0.0179990111181013,0.0221203000334431,0.0664473356263397,0.0463,0.0493000000000001,0.3078000000000003,53.31538202625384,50.55112591594235,58.8438942468768,0.0980175273441746,0.1538345194305204,0.0864142857142856,0.125142857142857,2.1543300000000003,2.3403051822152565,1.9683548177847443,-2034296861.9205644,2.0850516452662484,2.1852639973246824,2.110404383636048,64.9994490308163,35.78968778361249,-465573054.4089997,0.0293806052031453,-0.0249728359411571
2026-01-15,2.1394,2.1434,2.0523,2.0783,66119913.716201,0.0657499999999999,7511549.0,11718.0,0.0015599978113701,2.101,2.123957142857143,2.1272333333333333,2.101,2.12741,2.1033509760356885,2.106852902723722,2.100093272293212,51.67201500239316,0.0260496785004261,0.028824173757953,0.0201640436460716,-0.0046932618169627,0.0300852498017447,-0.0097999999999998,-0.2692000000000001,0.2362999999999999,38.48809740141742,50.068002001094754,15.328288202062753,0.0727903908493382,0.1472656313747668,0.0813142857142857,0.1276499999999999,2.12741,2.265520056114672,1.989299943885328,-2100416775.6367648,2.095870054667788,2.16416537169152,2.108414932938528,61.07304812935996,40.58589137669824,-493951634.2806072,0.0300520782511403,-0.2099837354467228
2026-01-16,2.0782,2.0868,2.0255,2.0667,53352205.62776,0.0657499999999999,7514350.0,11656.0,0.0015511654367975,2.10004,2.128285714285714,2.0948,2.10004,2.1037600000000003,2.0850254880178443,2.093468601815814,2.0940217682399003,50.81449257969495,0.0,0.0260191113342349,0.0213350571837043,-0.0023171614771904,-0.0111956365724128,-0.0047999999999999,-0.2364999999999999,0.1946999999999998,19.461697722567298,37.08839238341285,-15.791691599123808,0.0406561789755058,0.1415104121145873,0.0772714285714285,0.1203285714285714,2.1037600000000003,2.18089967591323,2.0266203240867706,-2153768981.2645254,2.0989616856806115,2.1213637835502475,2.10571597752022,55.79759684943136,44.74376842047972,-475587335.11672926,0.0270467948839819,-0.2120355801027473
2026-01-17,2.0667,2.0825,2.0524,2.0623,25042332.947673,0.0657499999999999,7516997.0,11615.0,0.0015451649109345,2.10214,2.131478571428572,2.0691,2.10214,2.09366,2.073662744008922,2.08307906787721,2.088254174014464,50.47233759048536,0.0,0.0232470714363186,0.0217174600342272,0.0051174578418948,-0.1214909478168264,0.0104999999999999,-0.1009999999999999,0.1985000000000001,11.83785128077595,23.262548801586888,-11.011543760845925,0.0365606710368692,0.1341408147590017,0.0772857142857143,0.1113071428571428,2.09366,2.163028995956394,2.0242910040436057,-2178811314.2121983,2.1022686488709783,2.105915440969802,2.1135439610022435,54.49459513160493,49.5408322794095,-484156638.4177602,0.0237519839429551,-0.1211541543223157
2026-01-18,2.0622,2.067,1.9851,1.9906,37708179.769869,0.0282029411764705,7533978.0,4235.0,0.0005621200380463,2.06746,2.124371428571429,2.0398666666666663,2.06746,2.0805800000000003,2.032131372004461,2.05225271191814,2.0704988696481976,45.13856830004475,0.0,0.0164538527179733,0.0206647385709764,-0.0801293900184844,-0.1357242097950677,-0.1734000000000002,-0.1308,0.1419999999999999,1.2740328932128426,10.857860632185364,-17.8936225847322,0.0473417081792881,0.1255541119450657,0.0797857142857143,0.1096428571428571,2.0805800000000003,2.1704045757017445,1.990755424298256,-2216519493.982067,2.111375439133169,2.096694306850124,2.094626958409453,50.20366290620633,50.08860974743416,-516800227.4981476,0.0447596771105623,-0.1721008035326906
2026-01-19,1.9906,2.0288,1.85,1.9846,86669818.177608,0.2475184210526315,7536643.0,4151.0,0.0005507757233558,2.0365,2.09845,2.0125,2.0365,2.0697300000000003,2.0083656860022305,2.029701807945427,2.054880893348525,44.712745488594365,0.0,0.0103976789064406,0.0186113266380692,-0.0723567355333272,-0.082605278971941,-0.1548000000000002,-0.1085000000000002,0.1090999999999999,23.747353563867307,12.286412579285368,46.669235533031184,0.0558264383802316,0.1187370243326266,0.0946857142857143,0.1022714285714285,2.0697300000000003,2.175653219361944,1.9638067806380568,-2303189312.159675,2.113038385259073,2.075702604036505,2.0277388367432203,38.94894158949973,51.002823327145066,-472980587.8826232,0.0472123751936932,-0.0301635066687811
2026-01-20,1.9844,1.9892,1.8667,1.8875,91494642.313852,0.1454238805970149,7538765.0,3872.0,0.0005136119775586,1.99834,2.068757142857143,1.9542333333333333,1.99834,2.04967,1.947932843001116,1.9823012052969515,2.0244480036487933,38.39941637704906,0.0,-0.0005164285191798,0.0147857756066194,-0.0918058028196122,-0.1102573772037334,-0.1908,-0.2005999999999999,0.0484999999999999,7.987220447284316,11.00286896812149,1.955923405609969,0.0795093292918766,0.1140044194664974,0.0923714285714286,0.0957571428571428,2.04967,2.2005283454768034,1.898811654523196,-2394683954.473527,2.113997286714881,2.0544151630774654,1.9782305654836745,22.67712981556133,30.337708478287624,-533404396.5617304,0.0205160824138904,-0.1026320930220112
2026-01-21,1.8878,1.9883,1.8697,1.9459,104497571.18062,0.2689448979591837,7541569.0,3699.0,0.0004904814899923,1.97418,2.0532285714285714,1.939333333333333,1.97418,2.03711,1.9469164215005577,1.970167470197968,2.010166548439922,43.56101889244284,0.2596192460671847,-0.0059137307383845,0.0106458743376186,-0.0584506701504814,-0.0703263102575129,-0.1208,-0.1255999999999999,0.0686999999999999,28.106682297772554,19.947085436308058,44.42587602070155,0.0853813204915955,0.1084660000087267,0.0977571428571429,0.0920857142857142,2.03711,2.199109665431749,1.8751103345682505,-2290186383.2929068,2.1109183521342985,2.037131919011533,1.95246253641144,32.34294431582276,27.52038635088276,-503623469.86775947,0.0097929595568228,-0.0494830259656226
2026-01-22,1.9458,1.9662,1.8993,1.9218,64239897.461953,0.3341466666666666,7544353.0,3805.0,0.0005043507375649,1.94608,2.0389714285714287,1.9184,1.94608,2.02411,1.9343582107502788,1.9540449801319784,1.9940999032690268,41.99712192171147,0.1809580645335156,-0.0117416536779879,0.0061683687344973,-0.0681278184551229,-0.0796417796082562,-0.1405,-0.1300000000000001,-0.0843,21.043376318874536,19.04575968797713,25.038609580669338,0.0924964437754814,0.1131739893633665,0.0943,0.0878071428571428,2.02411,2.199609662677735,1.8486103373222649,-2354426280.75486,2.1139615939814216,2.0245730905118484,1.9411852146435609,34.98057108089263,27.95532205519333,-524652673.9696544,-0.0484037786191186,-0.0209638115252312
2026-01-23,1.9217,1.9644,1.8846,1.917,62090604.095414,0.262237037037037,7547053.0,3769.0,0.000499400229467,1.93136,2.026392857142857,1.9282333333333328,1.93136,1.9994100000000004,1.92567910537514,1.9416966534213191,1.9800817390382943,41.67619434133977,0.1648159892362068,-0.0167077224255025,0.0015931505024973,-0.0369737767507283,-0.0745836350470673,-0.0735999999999998,-0.2470000000000001,-0.1005999999999998,19.636576787807737,22.92887846815161,13.05197342711999,0.0835349354727958,0.1181912432191258,0.0969428571428571,0.0871071428571428,1.9994100000000004,2.157906396173538,1.8409136038264629,-2416516884.850274,2.109876057320595,1.999711784819776,1.931537769182472,36.70838994180474,27.66743106374021,-536323840.15300286,-0.0345528664801642,-0.1452118159230263
2026-01-24,1.9173,1.925,1.907,1.9114,21154056.292782,-0.0821208333333333,7550009.0,3761.0,0.0004981451015488,1.91672,2.0137714285714283,1.9167333333333327,1.91672,1.97661,1.9185395526875697,1.9315977689475463,1.967594150122241,41.279864070322496,0.1448812953406117,-0.0209766599694314,-0.0029208115918884,-0.0368840068527662,-0.0684277220001949,-0.0731999999999999,-0.2280000000000002,-0.1787,17.995310668229763,19.55842125830401,14.869089488081263,0.071299781049997,0.1235743632925381,0.0952142857142857,0.08625,1.97661,2.1118918228735817,1.8413281771264187,-2437670941.143056,2.109197890383401,1.9699449482233025,1.9247007233165343,36.836644193490336,22.30321943013364,-547135913.3693137,-0.0632036966170703,-0.1331922900196931
2026-01-25,1.9113,1.914,1.8092,1.8335,84663586.910655,0.0941145454545454,7552771.0,3748.0,0.0004962417104927,1.90592,1.9967714285714284,1.8873,1.90592,1.95213,1.8760197763437847,1.8988985126316973,1.9432133955545603,36.13232956424758,0.0,-0.0290135188463618,-0.008139353042783,-0.0286092715231788,-0.1527264325323476,-0.054,-0.2448000000000001,-0.5140000000000002,6.361256544502616,14.664381333513374,-10.2449930335189,0.0744609077152403,0.1149831113456887,0.0984857142857142,0.0891357142857143,1.95213,2.0934096390142583,1.8108503609857416,-2522334528.053711,2.078269484916636,1.9414274187257008,1.909257224197905,35.56435361826662,20.47650043797989,-592537569.7088062,-0.1892655877417157,-0.1562591860844112
2026-01-26,1.8334,1.944,1.8307,1.9023,82925736.528686,0.2085754098360656,7555556.0,3622.0,0.0004793823247422,1.8972,1.986092857142857,1.8824,1.8972,1.93569,1.8891598881718925,1.900032341754465,1.935774596362822,42.90409119083346,0.3057433109688727,-0.0311968064041205,-0.0127508437150505,-0.0224060845881082,-0.1108254650836683,-0.0435999999999998,-0.1643999999999998,-0.4008999999999998,24.37172774869116,16.242764987141175,40.62965327179111,0.0637302030263325,0.1006996047397156,0.0891285714285714,0.0919071428571428,1.93569,2.0566095583849,1.8147704416151,-2439408791.525025,2.035542454116443,1.925712503995833,1.896386694057654,44.03515685342095,36.83592806359758,-570653372.6902031,-0.1821629303632186,-0.1439333707361617
2026-01-27,1.9022,1.9271,1.8716,1.913,68205385.028905,0.0346461538461538,7558306.0,3735.0,0.0004941583471216,1.89544,1.9681642857142856,1.882933333333333,1.89544,1.92076,1.901079944085946,1.904354894502977,1.9316337606604908,43.90032427483996,0.3847769723825608,-0.0320851683453173,-0.0166177086411039,-0.0045790404828806,-0.0795361593610162,-0.0087999999999999,-0.1493,-0.2502999999999999,27.172774869109983,19.30191972076792,42.914485165794126,0.0457159636596795,0.0974171005197869,0.0795571428571428,0.0859642857142857,1.92076,2.007499942356445,1.834020057643556,-2371203406.49612,2.015584422742002,1.91861496662928,1.891405956099088,41.290783277142594,52.60160807371072,-537103696.81112,-0.0990138032488721,-0.0752463549918148
2026-01-28,1.9131,1.94,1.8916,1.9082,57513766.982399,0.3593222222222222,7561382.0,3759.0,0.0004971313445081,1.8936800000000005,1.95165,1.9078333333333333,1.8936800000000005,1.91252,1.904639972042973,1.905636596335318,1.9273730769040376,43.53336292006024,0.4762666133282979,-0.0328439068024639,-0.0198629482733759,-0.0045905059989568,-0.076692311414332,-0.0088000000000001,-0.0824,-0.2132,29.62298025134647,27.0558276230492,34.75728550794101,0.0386015198319074,0.095917357520327,0.0695285714285714,0.0836428571428571,1.91252,1.9857612342877928,1.839278765712208,-2428717173.478519,2.0004780227625085,1.9132059293189587,1.8893633888962007,36.97302847767455,47.38712804963247,-555165871.5659231,-0.1096639282670315,-0.0530311361759755
2026-01-29,1.9082,1.9106,1.7748,1.8046,124833580.832114,0.1661578947368421,7564365.0,3739.0,0.0004942913251806,1.87232,1.9321,1.8752666666666664,1.87232,1.89452,1.8546199860214865,1.871957730890212,1.9050506992851213,36.45117650508605,0.0217166190365146,-0.0394662297588983,-0.0237836045704804,-0.0558752746677827,-0.1249575716433109,-0.1068,-0.1799999999999999,-0.2885000000000002,9.551282051282058,22.11567905724617,-15.577511960646165,0.0429753107415544,0.1021258092797828,0.0793714285714285,0.0868357142857143,1.89452,1.9760599190580872,1.8129800809419128,-2553550754.310633,1.9774806815844808,1.894872671000428,1.8703708469167324,35.17114162900566,42.12879619242119,-625212402.1948413,-0.1223485124338388,-0.1998792687235106
2026-01-30,1.8046,1.8162,1.7087,1.7327,177242106.774174,0.1395473684210526,7567518.0,3550.0,0.000469110215529,1.85216,1.908242857142857,1.8151666666666664,1.85216,1.87904,1.7936599930107433,1.8255384872601408,1.8737142085060083,32.499546651365634,0.0,-0.04891743580986,-0.0288103708183563,-0.0549768202890645,-0.1295589269566964,-0.1008,-0.1548,-0.3553999999999999,6.420545746388391,15.198269349672303,-11.134901460179435,0.0669676737936534,0.1130511317711358,0.0833285714285714,0.0901357142857142,1.87904,2.006102227274668,1.7519777727253316,-2730792861.0848074,1.9502189134343937,1.8629841359451045,1.8324828449236448,31.7286634553639,35.01745403532797,-723313847.3396173,-0.1687567113433384,-0.2241173062360042
2026-01-31,1.7327,1.7519,1.501,1.6455,232118875.804367,0.1001597560975609,7570795.0,3431.0,0.0004531888658984,1.8008,1.8784714285714288,1.7276,1.8008,1.849,1.7195799965053715,1.7655256581734278,1.8322207160503703,28.468632152212063,0.0,-0.0615334033773011,-0.0353549773301453,-0.1349944803658729,-0.1708656656253149,-0.2568000000000001,-0.3004,-0.4259999999999999,25.53003533568905,13.833954377786498,48.92219725149414,0.0951073545467896,0.1305746951990069,0.1166,0.1059071428571428,1.849,2.029453517560616,1.6685464824393843,-2962911736.8891745,1.905058394955993,1.8005041103805155,1.7547252500822368,25.18700151049113,26.9631462564752,-688065823.5526648,-0.127451402159649,-0.189174051348975
2026-02-01,1.6454,1.6786,1.551,1.5894,155693820.924616,-0.0548140350877193,7574614.0,3232.0,0.0004266884094687,1.7360799999999998,1.8498142857142856,1.6558666666666666,1.7360799999999998,1.81576,1.6544899982526855,1.7068171054489518,1.788071494950303,26.215840017363632,0.0,-0.0747570913185755,-0.0432354001278313,-0.1691583899634082,-0.1579337748344371,-0.3236000000000001,-0.3324,-0.4624000000000001,16.74876847290641,16.23311651832795,17.78007238206333,0.1213131961311523,0.1498246282719892,0.1198571428571429,0.1091714285714285,1.81576,2.045935606005501,1.585584393994499,-3118605557.8137903,1.8714157711513388,1.7644100759441248,1.7102000561032973,23.46848656955656,25.35603493722067,-750050510.8800199,-0.1330466798234844,-0.2113550838432904
2026-02-02,1.5894,1.656,1.529,1.6183,228000492.459135,0.1311439393939394,7577922.0,3161.0,0.0004171328234837,1.6781,1.82365,1.617733333333333,1.6781,1.7858899999999998,1.636394999126343,1.6773114036326349,1.757203950413884,29.318813173218302,0.175463027967177,-0.0832304561147108,-0.0512344113252072,-0.1519232784823393,-0.1683539750244103,-0.2898999999999998,-0.2986999999999999,-0.5457000000000001,24.027038099139723,22.101947302578395,27.87721969226237,0.1300729577327018,0.1526998242166211,0.1218142857142857,0.1054714285714285,1.7858899999999998,2.032686085058089,1.5390939149419105,-2890605065.354656,1.8255643834316595,1.7262556737200323,1.670376071779206,21.79749066932831,13.529602016893776,-657414090.3218195,-0.1153107784944009,-0.0982595137473722
2026-02-03,1.6181,1.643,1.5247,1.5769,177229711.577227,0.144835294117647,7581209.0,3206.0,0.0004228876950892,1.6325599999999998,1.8014642857142853,1.5948666666666669,1.6325599999999998,1.75244,1.6066474995631714,1.6438409357550898,1.724421413974996,27.532538200649,0.0744549947917603,-0.0919991341041703,-0.0593873558809998,-0.1261775462706417,-0.1794671661983556,-0.2277,-0.3345,-0.5625000000000002,15.575620767494373,18.783809113180165,9.159244076122782,0.1370343849793422,0.1566121050473615,0.1307857142857143,0.1051714285714286,1.75244,2.0124444645770523,1.4924355354229475,-3067834776.9318824,1.7860305181772098,1.7049145998117945,1.6336116168205117,20.99428829258389,5.720619366010283,-678238206.8976729,-0.106290257553891,-0.094425048995689
2026-02-04,1.5768,1.61,1.4913,1.5085,187573390.227185,0.1428266666666666,7584560.0,3141.0,0.0004141308131256,1.58772,1.7702214285714286,1.5678999999999998,1.58772,1.7199399999999998,1.5575737497815858,1.5987272905033934,1.685162975070451,24.839820504107,0.0,-0.1025718896027669,-0.0680242626253533,-0.1293934322156172,-0.2130933750652061,-0.2241999999999999,-0.3249999999999999,-0.5698000000000001,3.6218151189723913,14.408157995202162,-17.95087063348715,0.1532533501537022,0.1671494958822235,0.1408285714285715,0.1051785714285714,1.7199399999999998,2.010717787322209,1.4291622126777908,-3255408167.159067,1.7544729112838706,1.6753814517478034,1.5935605450658037,13.501192829242015,0.0,-811451659.2662638,-0.1496054002139993,-0.1467905034611351
2026-02-05,1.5086,1.5117,1.135,1.2122,666278558.482747,0.0799982558139534,7587370.0,3048.0,0.0004017202271669,1.50106,1.7195357142857142,1.4325333333333334,1.50106,1.65093,1.384886874890793,1.4698848603355956,1.5991697068758235,17.057363724479103,0.0,-0.128320379872967,-0.080083486074876,-0.2633242175630508,-0.3658051689860835,-0.4333,-0.6901000000000002,-0.8545,9.307933445864473,9.501789777443744,8.920220782705929,0.2077124724763108,0.2090448677601035,0.1752428571428572,0.1273071428571429,1.65093,2.0450367068701065,1.2568232931298935,-3921686725.641814,1.6344746666839094,1.541757842958443,1.442420481062068,10.80588173056087,0.0,-1204639138.8274922,-0.2665465670650392,-0.3055810078347144
2026-02-06,1.2122,1.55,1.118,1.4686,587696126.527271,0.1060131147540983,7591939.0,2499.0,0.0003291649208456,1.4769,1.6875071428571429,1.3964333333333332,1.4769,1.6064900000000002,1.4267434374453964,1.4694565735570635,1.5754297601711282,35.80145873667634,0.6982871720513426,-0.1328538587645182,-0.0906375606128045,-0.0760035233421416,-0.1990182710662666,-0.1208,-0.4444000000000001,-0.5937000000000001,42.44552058111378,18.45842304865021,90.41971564604091,0.1923869506431706,0.2109817100453997,0.2216,0.1524642857142857,1.6064900000000002,1.9715185736760887,1.241461426323911,-3333990599.114543,1.585648754156236,1.4953344881338448,1.4083771150984472,27.66675621628866,25.087910561644136,-838417385.9081839,-0.1074223830020091,-0.1161498581763613
2026-02-07,1.4686,1.4868,1.3827,1.4223,226653134.448571,0.1008279411764705,7596700.0,2987.0,0.0003931970460858,1.4377,1.6525714285714288,1.3677,1.4377,1.5578999999999998,1.4245217187226982,1.453737715704709,1.5475879855945591,34.2943091656677,0.6421402515884886,-0.1382937317381305,-0.1001687948378697,-0.1211147500463449,-0.2523261315249961,-0.1960000000000001,-0.4859,-0.5683,36.84019370460047,29.53121591052624,51.458149292748914,0.1674653529672465,0.216987656452224,0.2006285714285714,0.1586142857142857,1.5578999999999998,1.8756431667243216,1.240156833275678,-3560643733.563114,1.57093503374256,1.4813262909645362,1.3872958458414832,32.95499584239555,35.732128661743005,-892631248.0385342,-0.1077875788670106,-0.1221231710892987
2026-02-08,1.4223,1.4684,1.4085,1.4299,125432869.932705,0.2303666666666667,7600094.0,2874.0,0.0003781532175786,1.4083,1.6237428571428574,1.4402666666666664,1.4083,1.52043,1.427210859361349,1.4457918104698062,1.5261901700319125,34.7796602157168,0.6602213812440094,-0.1411715815371912,-0.108369352177734,-0.0932208764030693,-0.2525352848928385,-0.147,-0.3747,-0.5547,37.76029055690071,39.01533494753832,35.2502017756255,0.1467745440387324,0.218875527893191,0.1909571428571428,0.1554071428571428,1.52043,1.79891511701705,1.2419448829829498,-3435210863.630409,1.5566915112533912,1.4635031326178043,1.3714811791141843,36.64660048989568,42.33677141155296,-928439296.0493736,-0.1291884300142258,-0.1097090342707266
2026-02-09,1.4297,1.4633,1.3716,1.4363,147881017.652111,0.1378548387096774,7603575.0,2919.0,0.0003838983635987,1.39386,1.590457142857143,1.4295,1.39386,1.4907899999999998,1.4317554296806745,1.4426278736465374,1.5098465027533827,35.21365799975757,0.6763894109673528,-0.1420016635780578,-0.1150958144577987,-0.0478621146834604,-0.2473011214757363,-0.0722,-0.2964,-0.4512,38.72262773722626,37.77437066624248,40.61914187919383,0.1278536094306472,0.2225653358241641,0.1859142857142857,0.1538642857142857,1.4907899999999998,1.7333751677246574,1.2482048322753423,-3287329845.978298,1.5420634799815465,1.4426187629583531,1.3582282898134286,32.908725388633655,44.553610401687365,-867641974.7245692,-0.093312295596092,-0.0527793257589029
2026-02-10,1.4363,1.4524,1.391,1.399,97209106.481187,0.1985574074074074,7610566.0,2931.0,0.0003851224731511,1.43122,1.553742857142857,1.4217333333333333,1.43122,1.46614,1.4153777148403373,1.4280852490976916,1.4896925931618583,33.80190358398514,0.6324422257234661,-0.1437919995745893,-0.1208350514811569,0.1540999835010725,-0.2247589493516568,0.1868,-0.2464999999999999,-0.5468999999999999,34.18491484184914,36.88927771199204,28.776189101563347,0.1181020763765163,0.2224091159150222,0.1777857142857142,0.1542857142857143,1.46614,1.6902229346469744,1.2420570653530256,-3384538952.459485,1.527108510006296,1.4245725913322786,1.4032616310469088,30.111287833034027,46.81986039360134,-939519717.9533296,-0.1219414422541468,-0.0967261230282587
2026-02-11,1.3989,1.4198,1.3414,1.3687,171244912.780476,0.0991298701298701,7625290.0,2833.0,0.0003715268534049,1.41124,1.5152071428571428,1.4013333333333335,1.41124,1.44407,1.3920388574201683,1.408290166065128,1.4676939398597024,32.65655709447165,0.8043386592651409,-0.1459305246074389,-0.1258541461064133,-0.0680239684052839,-0.210076758815721,-0.0998999999999998,-0.2206999999999999,-0.5530999999999999,31.630078223567995,34.84587360088113,25.19848746894173,0.1130209326727676,0.2222117157245755,0.1720285714285714,0.1564285714285714,1.44407,1.6585121423134923,1.2296278576865074,-3555783865.239961,1.5130951928918668,1.4106125164026595,1.415984949420788,27.066535278874667,47.71164752171211,-991504780.761688,-0.1268054454485712,-0.0923272914544691
2026-02-12,1.3688,1.4074,1.3452,1.3624,106062320.770012,0.3045617021276596,7628165.0,2773.0,0.0003635212400361,1.39926,1.4836214285714284,1.3767000000000005,1.39926,1.41848,1.3772194287100843,1.3929934440434186,1.448549587157938,32.41065280006566,0.8191000454060761,-0.1468852001415259,-0.1300603569134358,-0.0421148843422624,-0.172044971133394,-0.0598999999999998,-0.2559,-0.5546,35.004296763105124,33.606429942840755,37.80003040363387,0.0970274852239763,0.219083053885955,0.1270999999999999,0.1511714285714285,1.41848,1.6025767093676586,1.234383290632341,-3661846186.009973,1.502254187934178,1.391536324846781,1.4036158956104587,27.53687826234064,64.32163848291404,-1038908840.5270628,-0.1348999641343443,-0.1530103456578115
2026-02-13,1.3622,1.4277,1.3472,1.4062,123157163.403111,-0.03688,7631518.0,2758.0,0.0003613959896314,1.39452,1.4603000000000002,1.3791,1.39452,1.4014099999999998,1.391709714355042,1.3973956293622791,1.4408496622201312,36.01787284833961,1.0,-0.1438328966461091,-0.1328148648599705,-0.0165745856353591,-0.1152636214923871,-0.0237,-0.1707,-0.5052000000000001,45.46458431929324,37.36631976865545,61.66111342056881,0.0794907744472418,0.2105113020468731,0.0768857142857142,0.1492428571428571,1.4014099999999998,1.5522331401343976,1.250586859865602,-3538689022.606862,1.4964831822279605,1.3778405233369877,1.3955095755230678,32.06552473756753,48.10461581159608,-981537491.115676,-0.1134914306502007,-0.1243443348867297
2026-02-14,1.4061,1.5127,1.4043,1.5085,117134139.697127,0.28947,7634438.0,2841.0,0.0003721295529546,1.40896,1.4505142857142856,1.4257,1.40896,1.4014099999999998,1.450104857177521,1.4344304195748527,1.453149723634653,43.59028888165834,1.0,-0.1339869958281179,-0.1330492910536,0.0502680498503098,-0.0678489773218811,0.0722,0.0,-0.3249999999999999,69.65750981091685,50.042130297771735,108.88826883720708,0.0794907744472418,0.2020363643010735,0.0774999999999999,0.1390642857142857,1.4014099999999998,1.5522331401343976,1.250586859865602,-3421554882.909735,1.4880336363598128,1.3700816445015995,1.4038972507130878,37.45980213367936,41.83541978231989,-873480166.6718318,-0.0727814305553277,-0.026186184452558
2026-02-15,1.5085,1.6705,1.4439,1.4746,241837619.460688,0.1443677419354838,7637161.0,3029.0,0.0003966133488609,1.42408,1.4423142857142857,1.4630999999999998,1.42408,1.42765,1.4623524285887606,1.447820279716569,1.4570497738828976,41.82381123775781,0.933423185214746,-0.1268975125309064,-0.1318189353490612,0.054038598999285,-0.0648741201090747,0.0755999999999998,0.2623999999999999,-0.4277000000000002,64.54298642533934,59.88836018518314,73.85223890565173,0.0465952131542387,0.1859697284364658,0.1013142857142857,0.1461357142857142,1.42765,1.51605820097706,1.3392417990229402,-3663392502.3704233,1.4821967544742318,1.4186416232818275,1.4426374864432876,44.60531703079886,49.48510992862172,-1049788969.5619715,-0.1192176718974875,0.0796428017166638
2026-02-16,1.4745,1.5159,1.4421,1.4867,155950365.554529,0.137555223880597,7640345.0,2979.0,0.0003899038590534,1.44768,1.4329142857142858,1.489933333333333,1.44768,1.42946,1.4745262142943802,1.4607801864777126,1.462440724086007,42.71613218404244,0.9670538889912268,-0.1193392055373752,-0.129322989386724,0.086213195002557,-0.014451441829632,0.1179999999999998,0.0181,-0.4263000000000001,66.73303167420812,66.97784263682144,66.24340974898149,0.0486681095676516,0.1640170109117251,0.0987571428571428,0.1423357142857143,1.42946,1.521801245389047,1.3371187546109529,-3507442136.815894,1.4751691186846754,1.440583703796615,1.465985052446295,45.959179971280506,48.79197333418165,-1017246481.3568264,-0.1169157103578723,-0.1182292154492245
2026-02-17,1.4869,1.4945,1.426,1.4736,117941837.898297,0.39668,7643172.0,2999.0,0.0003923763589253,1.4699199999999997,1.4255357142857144,1.4783,1.4699199999999997,1.43459,1.47406310714719,1.4650534576518086,1.4644696833430966,41.96565000430899,0.9387689496078891,-0.1129822913004334,-0.1260548497694659,0.081620669406929,0.2156409833360832,0.1111999999999999,0.0513000000000001,-0.4345999999999999,64.36199095022623,65.2126696832579,62.66063348416287,0.050498810767076,0.1359914373271774,0.0997714285714286,0.1387785714285714,1.43459,1.530404756692277,1.3387752433077231,-3625383974.714191,1.4688263536704913,1.4442216659236085,1.479016520881183,47.106685671199365,47.64383006211472,-971274991.256322,-0.0998540987503909,-0.0560199931527092
2026-02-18,1.4735,1.493,1.4097,1.4211,104505261.494793,0.0,7645919.0,2976.0,0.0003892272465873,1.4729,1.4192928571428571,1.4604666666666668,1.4729,1.43371,1.447581553573595,1.4504023051012058,1.4565842863716243,39.007822383529465,0.8272913193331435,-0.1100431051201911,-0.122852500839611,0.0105959322998152,-0.032343728721231,0.0149000000000001,-0.0087999999999999,-0.3834999999999999,54.85972850678731,61.98491704374055,40.60935143288083,0.0506660186362072,0.115756118856099,0.1004714285714286,0.13625,1.43371,1.529842011317772,1.337577988682228,-3729889236.208984,1.4572593052411762,1.44478035712623,1.4879161089064787,48.66125366582569,50.51139778332833,-1047176171.5736684,-0.1017554285122661,-0.0858593078158344
2026-02-19,1.4213,1.4373,1.3807,1.4062,118286771.255447,0.1741131868131868,7648705.0,2863.0,0.0003743117298941,1.45244,1.43315,1.4336333333333335,1.45244,1.4307,1.426890776786797,1.435668203400804,1.447423507031329,38.1852276247126,0.5165261894485813,-0.1076510042942653,-0.1198122015305418,-0.0678157109711634,-0.0113196934542642,-0.1023,-0.0301,-0.3265,52.162895927601774,57.1282051282051,42.23227752639512,0.0513840658397355,0.0997195671818879,0.0996714285714286,0.1133857142857142,1.4307,1.5281944100961702,1.33320558990383,-3848176007.464431,1.4430334173598836,1.4438712742980002,1.4771490101405658,58.31836962739912,49.76979652399675,-1058879456.3621938,-0.0820877798820695,-0.1413088843535943
2026-02-20,1.4061,1.4393,1.3772,1.4285,128251243.374236,0.447,7651554.0,2825.0,0.0003692060462489,1.44322,1.4302857142857142,1.4186,1.44322,1.43365,1.4276953883933987,1.4332788022672027,1.4439828693892691,40.21718172865553,0.6982811311222694,-0.1034760104384129,-0.116544963312116,-0.031262715312627,-0.0009790894468143,-0.0460999999999998,0.0295,-0.2169999999999998,26.46611972044976,44.49624805161295,-9.59413694187664,0.0501949809354598,0.0898790794403696,0.0970428571428571,0.0869642857142857,1.43365,1.5288882801188692,1.3384117198811305,-3719924764.090194,1.4310747103047787,1.443284742375633,1.4440713028660266,49.12213463131186,50.11150728552961,-975237341.1181264,-0.0720808448098951,-0.0258006031357523
2026-02-21,1.4285,1.464,1.4193,1.4302,57855778.715516,0.2228365853658536,7654428.0,2879.0,0.0003761221609243,1.43192,1.4308499999999995,1.4216333333333333,1.43192,1.4398,1.4289476941966992,1.432252534844802,1.4414768931366746,40.37808182560175,0.7126733792931322,-0.0991212694157723,-0.1130602245328473,-0.0380036322055559,-0.0042470236023114,-0.0564999999999999,0.0614999999999998,-0.1592,26.982680036463066,35.203898561504865,10.540242986379468,0.0448342626917314,0.0837118319939605,0.0879428571428572,0.0827214285714285,1.4398,1.5248670323921096,1.3547329676078903,-3662068985.374679,1.424153866015572,1.4520168210617883,1.4322872550409622,44.42174706972409,46.813793999314,-1004877102.4735028,-0.0655724830316158,-0.0105212476920264
2026-02-22,1.43,1.4335,1.3794,1.3928,55754648.865478,0.3205482758620689,7657137.0,2909.0,0.0003799070070184,1.41576,1.4282,1.417166666666667,1.41576,1.44284,1.4108738470983495,1.4191016898965347,1.4326265489300063,37.95768275735109,0.4961726765344925,-0.0970194348737256,-0.109852066601023,-0.0548317046688382,-0.0044317369549677,-0.0807999999999999,0.0303999999999999,-0.2255,15.618353084168971,23.0223842803606,0.8102906917857169,0.039744774639079,0.0732382083197718,0.0633,0.0823071428571428,1.44284,1.5182504077697518,1.367429592230248,-3717823634.2401567,1.4129569680581446,1.4567092075592956,1.4204137901302225,39.04559695692839,24.878950658582568,-1033012073.1579306,-0.1011320563952817,0.00483074380299
2026-02-23,1.3926,1.4251,1.3295,1.3512,187515570.705138,-0.059175,7659555.0,2802.0,0.000365817596453,1.40178,1.4221214285714283,1.3914,1.40178,1.43734,1.3810369235491748,1.3964677932643563,1.4178217218518234,35.414766339090875,0.268712998983169,-0.0970326958342784,-0.1072881924476741,-0.0491872493139118,-0.0127858551910572,-0.0699,-0.0549999999999999,-0.2257,6.363636363636376,16.321556494756138,-13.552203898603146,0.0482697558864078,0.0666070952044483,0.0664142857142857,0.0825857142857143,1.43734,1.5289254224208213,1.3457545775791788,-3905339204.945295,1.4027013054148187,1.4498908523478085,1.3986940359351383,38.34082179799067,24.294696604638744,-1135400282.266803,-0.122753717498256,-0.1197344836836955
2026-02-24,1.3515,1.3678,1.3122,1.3481,155978101.846957,0.15155,7661929.0,2723.0,0.0003553935307936,1.39016,1.4184857142857143,1.3640333333333334,1.39016,1.4213,1.3645684617745877,1.3803451955095711,1.4051450451514915,35.22538326241538,0.2517729952752381,-0.0964485288315513,-0.1051202597244495,-0.0413170246053191,-0.0104961832061069,-0.0580999999999998,-0.1603999999999998,-0.1603999999999998,10.019536701088484,10.66717538296461,8.724259337336232,0.0486449038098208,0.064946961964487,0.0645714285714286,0.0821714285714285,1.4213,1.5135972155593016,1.3290027844406984,-4061317306.792252,1.3933652078277552,1.435025359942414,1.381879460350433,37.28987986364263,23.503279969497527,-1089953425.25384,-0.0754210484775049,-0.1635146059751984
2026-02-25,1.3481,1.4932,1.3404,1.434,230635797.652233,0.1752538461538461,7664573.0,2715.0,0.0003542271696022,1.39126,1.42315,1.3777666666666668,1.39126,1.41724,1.3992842308872937,1.3982301303397142,1.4103914005784932,44.13949011982148,1.0,-0.0899969846411612,-0.1020956047077918,0.0038501925096252,0.0197695918077087,0.0054999999999998,-0.0405999999999999,0.2218,33.99385989394359,16.79234431955615,68.39689104271848,0.0452799980369066,0.0450347056226842,0.0745,0.0874857142857143,1.41724,1.503152755746747,1.331327244253253,-3830681509.140019,1.417332924984463,1.4153945073443452,1.389336477237625,48.09461854602677,45.47253134291333,-1038030182.850458,0.051154370667885,0.0089578786303882
2026-02-26,1.4339,1.4695,1.3826,1.4028,148905159.493426,0.0083260869565217,7667340.0,2904.0,0.0003787493446227,1.38578,1.4260357142857143,1.394966666666667,1.38578,1.40885,1.401042115443647,1.3997534202264763,1.409011145927858,41.88485575803544,0.7470711987356502,-0.0858773981898246,-0.0988519634041984,-0.0191581596979442,-0.0700696055684454,-0.0273999999999998,-0.0838999999999998,-0.0657999999999998,25.28607312308122,23.0998232393711,29.658572890501453,0.0381989019621134,0.0438739399331614,0.0788285714285714,0.08925,1.40885,1.481327320590652,1.3363726794093478,-3979586668.633445,1.4254056421177188,1.4078219727891,1.3912715251937704,46.95925506582301,43.96698220336048,-1117709008.1259966,-0.0991030919136818,-0.0769456228703906
2026-02-27,1.4027,1.4261,1.3367,1.356,161311431.311132,0.3211,7670333.0,2817.0,0.0003672591528946,1.37842,1.4224499999999998,1.3976,1.37842,1.39709,1.3785210577218234,1.385168946817651,1.3993727557591569,38.69222660829391,0.38891651192157,-0.0846434028430462,-0.096010251291968,-0.0264215967834577,-0.0804285908042857,-0.0367999999999999,-0.1175999999999999,-0.0662999999999998,12.224392966787622,23.83477532793748,-10.996371755512088,0.0339116318949385,0.0460734013915291,0.0827285714285714,0.0898857142857143,1.39709,1.4614327975767305,1.3327472024232694,-4140898099.9445767,1.421903200352734,1.3986772451508394,1.3872564150304352,40.0754361444915,29.62719326166689,-1209371432.181986,-0.1150589590671074,-0.1764985044130679
2026-02-28,1.3562,1.3932,1.2702,1.3761,179793529.018715,0.087485,7673318.0,2728.0,0.0003555176522072,1.3834,1.4129928571428572,1.3783,1.3834,1.39259,1.3773105288609118,1.3821459645451006,1.395141345621128,40.78005285791797,0.6231324892507444,-0.0817349840483605,-0.0931551978432465,0.0184280639431617,-0.0743929508306987,0.0249000000000001,-0.0449999999999999,-0.0537999999999998,26.455158631026748,21.3218749069652,36.72172607914985,0.0333526427405357,0.0467745263555383,0.0939142857142857,0.0909285714285714,1.39259,1.455872190227584,1.329307809772416,-3961104570.925862,1.4164618451610165,1.388965761687181,1.3828880982922185,33.1657055625941,21.20700969654753,-1079569274.6465232,-0.0538363296322005,-0.0227433653444023
2026-03-01,1.3761,1.4335,1.3366,1.3525,147621777.081138,0.1564774193548387,7676098.0,2772.0,0.0003611209757874,1.38428,1.4042714285714286,1.3615333333333333,1.38428,1.38722,1.364905264430456,1.3722639763634006,1.387388373690014,39.09653507270193,0.4342725381478109,-0.0801225687926427,-0.0905486720331257,0.0032638528299087,-0.0821796959826275,0.0043999999999999,-0.0536999999999998,-0.0837999999999998,33.49613349613351,24.058561697982626,52.37127709243528,0.0351902701198945,0.0483194675815439,0.1000285714285714,0.0816642857142857,1.38722,1.45398884303326,1.32045115696674,-4108726348.007,1.413856142478082,1.3859119215635338,1.3886304641666647,29.08394275154961,31.759716189989007,-1178745514.9765756,-0.1108332029725245,-0.0824602083728857
2026-03-02,1.3525,1.4228,1.3334,1.3902,135949679.208039,0.0883833333333333,7678842.0,2726.0,0.0003550014442281,1.37552,1.3973785714285714,1.3729333333333331,1.37552,1.38339,1.377552632215228,1.3782426509089338,1.3878995784736476,43.13511011878327,0.8873269058690108,-0.0758763372019333,-0.0876142050668873,-0.0305439330543931,-0.0217437196537892,-0.0437999999999998,-0.0383,-0.0087999999999999,53.49977708426221,37.81702307047416,84.86528511183833,0.0321512899343786,0.0484548145453786,0.0991428571428571,0.0827785714285714,1.38339,1.4443927835430492,1.322387216456951,-3972776668.798961,1.412331153297924,1.3830075092487826,1.3773808450001233,36.52893472757855,44.843024723043584,-1141944818.8151152,-0.0711338479120823,-0.1140799479613005
2026-03-03,1.39,1.3953,1.3364,1.3608,119672828.796456,0.43139375,7681627.0,2802.0,0.0003647664746023,1.3671200000000001,1.3893214285714286,1.3678333333333335,1.3671200000000001,1.37645,1.369176316107614,1.3724284339392894,1.3829723823875297,40.859638913481675,0.6320605912846099,-0.07356691104339363,-0.08480474626218856,-0.029940119760479056,-0.03228559237661777,-0.04200000000000004,-0.0693999999999999,-0.007900000000000018,40.62780269058295,42.54123775699289,36.800932557763076,0.028167840212239417,0.048827277482071885,0.09961428571428572,0.08209285714285716,1.37645,1.4298947191030142,1.3230052808969857,-4092449497.595417,1.4124560905144576,1.379444650329906,1.3670705619572556,36.6582223394549,46.17311860002401,-1162465966.0280898,-0.061186034427245135,-0.10346325109218343
2026-03-04,1.3607,1.4753,1.3452,1.4312,188147671.272292,0.3272,7684242.0,2744.0,0.0003570944277913,1.38216,1.3900428571428571,1.3940666666666666,1.38216,1.38029,1.400188158053807,1.3920189559595264,1.3917410401352517,47.94142380721485,1.0,-0.06682518792940018,-0.08120883459563089,0.055457227138643095,0.0018900945047251039,0.07519999999999993,0.03839999999999999,0.06879999999999997,72.19730941704033,55.441629730628506,105.70866878986396,0.03286948770854599,0.04785007589495927,0.09637142857142858,0.0854357142857143,1.38029,1.4426554680091486,1.3179245319908515,-3904301826.323125,1.414272736256937,1.382983007895078,1.3780825386319735,44.66532151589813,43.961689497630346,-1101871135.6951995,-0.02189074319952203,-0.04159332553197611
2026-03-05,1.4312,1.4529,1.396,1.4037,113664830.491432,0.2640407407407407,7687171.0,2898.0,0.0003769917437767,1.38768,1.3898642857142858,1.3985666666666667,1.38768,1.38554,1.4019440790269035,1.395912637306351,1.3939153964742967,45.642256453570184,0.8191915678827425,-0.06243115499391827,-0.07745329867528837,0.02005668192718546,-0.018528877080128625,0.027599999999999847,0.05249999999999999,-0.0024999999999999467,59.865470852017886,57.563527653213725,64.4693572496262,0.03188486927821608,0.04786809067905911,0.09208571428571433,0.08545714285714288,1.38554,1.4460372858895352,1.3250427141104648,-4017966656.814557,1.4152858456955046,1.3871710809831606,1.3924962768698634,50.519937171971286,56.63229154097541,-1184772549.8497589,-0.07089477906478289,-0.03121506399413978
2026-03-06,1.4039,1.4151,1.3461,1.3631,98256546.088718,0.1129583333333333,7690353.0,2827.0,0.0003676034117029,1.3898,1.3851928571428573,1.3993333333333335,1.3898,1.38704,1.3825220395134519,1.3849750915375674,1.3883125971153336,42.40861565701697,0.564895367335027,-0.0607865945266175,-0.0741199578455542,0.00783733826247679,-0.021323951751866743,0.010599999999999943,0.014999999999999902,-0.14539999999999997,41.659192825112086,57.90732436472343,9.1629297458894,0.030238136332931133,0.043161131393341996,0.08917142857142861,0.08595000000000001,1.38704,1.4444128298064525,1.3296671701935476,-4116223202.903275,1.4114248925736559,1.3909229528854388,1.393958669720385,44.76714313479788,60.23244303336321,-1234612826.8512828,-0.1268094803099104,-0.09492340530639799
2026-03-07,1.3631,1.3754,1.347,1.357,34098537.034461,0.268225,7692918.0,2752.0,0.0003577316175734,1.38316,1.3799642857142858,1.3746,1.38316,1.37934,1.369761019756726,1.375650061025045,1.3826193976398182,41.9279787897215,0.5270976845105536,-0.059319179349539564,-0.07115980214635127,-0.023881455905625182,0.00429248075784483,-0.03320000000000012,-0.07699999999999996,-0.11759999999999993,38.923766816143484,46.81614349775782,23.13901345291481,0.02652747841599624,0.04101855677611551,0.0756571428571429,0.08478571428571431,1.37934,1.4296723514253022,1.3290076485746978,-4150321739.937736,1.3999269672106012,1.3846312592608956,1.3947583405513613,42.306025229467934,70.36708723545564,-1244698309.6361234,-0.07382657264793796,-0.15569135389828526
2026-03-08,1.3571,1.3715,1.3217,1.34,53042015.86906,0.43982,7695324.0,2741.0,0.0003561903306475,1.379,1.3761928571428572,1.3533666666666668,1.379,1.37306,1.3548805098783632,1.3637667073500301,1.3748704162507603,40.54872570308808,0.41863207512733275,-0.05866787435096765,-0.06866141658727455,-0.01528512639623747,-0.00600845634596836,-0.02079999999999993,-0.06279999999999997,-0.14669999999999983,31.3004484304933,37.294469357249625,19.31240657698065,0.02776137204422374,0.03732733547521963,0.06892857142857145,0.08447857142857143,1.37306,1.425733499978643,1.3203865000213568,-4203363755.806796,1.3937480805995064,1.3788277230968973,1.3967900826418274,42.413263246497394,59.676561484010136,-1258757639.143585,-0.09518847674474935,-0.11452853548660484
2026-03-09,1.3402,1.384,1.3327,1.3632,85739527.31539,0.4127214285714286,7697837.0,2726.0,0.0003541254510845,1.3654,1.37705,1.3534,1.3654,1.37378,1.3590402549391816,1.3635778049000202,1.3727485223869857,43.29042714562886,0.6342417558987631,-0.056258395869467126,-0.06618081244371307,-0.047512576858580235,-0.0493723849372385,-0.06800000000000006,0.007199999999999873,-0.11040000000000005,41.704035874439434,37.309417040358746,50.49327354260082,0.02736022254620397,0.032284920302561144,0.06348571428571427,0.0813142857142857,1.37378,1.4256923723210577,1.3218676276789423,-4117624228.491406,1.3892512095350134,1.3782513276470691,1.3785895998553295,49.27887546903832,56.68300741505821,-1242545681.7369711,-0.10829226747371926,-0.028697771873224677
2026-03-10,1.363,1.4434,1.3608,1.3868,119502104.73944,0.196496923076923,7700383.0,2755.0,0.000357774412,1.36202,1.3798142857142857,1.3633333333333333,1.36202,1.37485,1.3729201274695908,1.3713185366000136,1.3753033364984426,46.017643144493235,0.7920056604538548,-0.05240500504896928,-0.06342565096476432,-0.012039609603191503,-0.01140575990875392,-0.016899999999999915,0.010699999999999932,-0.0343,52.28699551569506,41.76382660687594,73.33333333333331,0.027668524034040076,0.031182866415550792,0.06687142857142857,0.08324285714285715,1.37485,1.427347333265606,1.3223526667343939,-3998122123.751966,1.387461558098867,1.3855062528759348,1.3728900848785899,56.73173712134047,73.78251600997899,-1286816437.245771,-0.09509596428091471,-0.18914667370104007
2026-03-11,1.3868,1.4117,1.3707,1.3849,78620185.464997,0.2591854545454545,7702907.0,2800.0,0.0003634991309125,1.3663800000000001,1.3763071428571432,1.3783,1.3663800000000001,1.3780899999999998,1.3789100637347955,1.3758456910666759,1.3770481844078166,45.826566870380574,0.7713469730020451,-0.04894311655437633,-0.060529144082686726,0.01599295722984384,0.021312684365781598,0.02180000000000004,0.032399999999999984,-0.021299999999999875,55.92393954168698,49.97165697727383,67.82850467051325,0.026638378746129718,0.030735209964701582,0.05414285714285711,0.07525714285714284,1.3780899999999998,1.428632770007194,1.3275472299928057,-4076742309.216963,1.3865308314252613,1.387407101957757,1.3758281795517422,47.873792035118086,55.126396198942984,-1310977762.535014,-0.10163955244303614,-0.1287942240366764
2026-03-12,1.385,1.3937,1.365,1.385,63233448.822969,0.1310479452054794,7705376.0,2796.0,0.0003628635383918,1.3719800000000002,1.3750357142857141,1.3855666666666666,1.3719800000000002,1.37757,1.3819550318673977,1.3788971273777841,1.378493969060941,45.83931356656645,0.7727251138192143,-0.04570864237086392,-0.05756504374032217,0.020633750921149607,0.0064675532301430305,0.028000000000000025,-0.0052000000000000934,-0.043500000000000094,55.97269624573377,54.72787710103861,58.4623345351241,0.02642562098503036,0.028798329629841683,0.05011428571428565,0.07109999999999998,1.37757,1.4277090905382228,1.327430909461777,-4013508860.393994,1.3848804415307585,1.3877494354019833,1.3780482275916501,50.59587897337697,38.690757496247215,-1286080969.096005,-0.12869777453056488,-0.15108964381565734
2026-03-13,1.3848,1.4534,1.3833,1.3988,125484954.10702,0.2364,7708161.0,2799.0,0.0003631216317355,1.38374,1.3780928571428572,1.3895666666666668,1.38374,1.38137,1.3903775159336988,1.385531418251856,1.3821859746862244,47.66923371764415,0.9692262844970999,-0.041857773241853025,-0.05442358964062834,0.043880597014925415,0.03423290203327167,0.05879999999999996,0.038000000000000034,-0.03139999999999987,62.70112140419308,58.19925239720462,71.70485941817,0.026478295094494737,0.026726468252623353,0.05027142857142852,0.06972142857142857,1.38137,1.431609032634,1.331130967366,-3888023906.286974,1.385008738265958,1.3938386680057413,1.3907958882102938,59.94874585183108,59.4512446458217,-1356073290.1457121,-0.14144435072133096,-0.20171845943770697
2026-03-14,1.3988,1.4092,1.3851,1.4068,31459956.923742,-0.0940555555555555,7710366.0,2816.0,0.0003652226107035,1.3924600000000003,1.3802857142857143,1.3968666666666667,1.3924600000000003,1.37893,1.3985887579668494,1.3926209455012375,1.3866612520160015,48.75025750683009,1.0,-0.037884216872204,-0.05111571508694347,0.031983568075117486,0.011940727952812535,0.04360000000000008,-0.024399999999999977,0.014000000000000012,55.403645833333314,58.025821161086725,50.15929517782649,0.022146033003177128,0.027286875580445232,0.04965714285714281,0.06265714285714286,1.37893,1.4209491432563792,1.3369108567436208,-3856563949.363232,1.3848222092154234,1.3886135774362105,1.3978347947006535,66.08142977128068,59.629123793594914,-1330879216.7586489,-0.1211514953469597,-0.28515437714342956
2026-03-15,1.4068,1.4646,1.4025,1.4489,65410725.444533,0.3195199999999999,7712505.0,2824.0,0.0003661585956832,1.40488,1.3871714285714287,1.4181666666666668,1.40488,1.38345,1.4237443789834248,1.4113806303341585,1.3979773880130921,54.121382639507004,1.0,-0.03177977986904601,-0.047248528043363984,0.04477934813960194,0.06474132863021764,0.062100000000000044,0.04520000000000013,0.09770000000000012,82.81250000000001,66.9724224125088,114.49265517498245,0.03071728612144475,0.030490386319134956,0.05141428571428567,0.060171428571428556,1.38345,1.441731952609707,1.3251680473902931,-3791153223.9186993,1.3876314713224247,1.3885961563467137,1.4054419653926638,64.0624431623103,69.75104771213631,-1298542513.519564,-0.06982247798333462,-0.15071903667619652
2026-03-16,1.4488,1.5525,1.4356,1.5431,170034237.870942,0.2205361111111111,7714819.0,2923.0,0.0003788812154893,1.43652,1.398092857142857,1.4662666666666666,1.43652,1.40145,1.4834221894917123,1.455287086889439,1.424363317465257,63.37148238582218,1.0,-0.02082913361348493,-0.04196464915738817,0.11423207451801565,0.078186137506987,0.1581999999999999,0.17999999999999994,0.19499999999999984,95.92720970537259,78.04778517956863,131.6860587569805,0.058047839465967255,0.04564929785585149,0.060785714285714255,0.06213571428571426,1.40145,1.5115880315785613,1.291311968421439,-3621118986.047757,1.399493701142875,1.4152946509453426,1.447431184995935,65.36874702782347,74.28421813775172,-1155853388.3258994,-0.028035559080772893,0.09527823673504676
2026-03-17,1.5432,1.6072,1.4943,1.5187,154424117.509363,0.1681705882352941,7717414.0,3075.0,0.000398449532447,1.46326,1.4093714285714287,1.5035666666666667,1.46326,1.4176199999999999,1.501061094745856,1.4764247245929594,1.441515441562483,59.99713188669213,0.8521497404525712,-0.01317332935096105,-0.03620638519610275,0.09653429602888086,0.08192633753651068,0.13369999999999993,0.16169999999999995,0.0847,69.00175131348509,82.5804870062859,41.844279927883434,0.06623446232891185,0.05288676682553572,0.06511428571428568,0.06599285714285712,1.4176199999999999,1.543291056333589,1.2919489436664107,-3775543103.5571203,1.406701881286084,1.4376401458061445,1.481247201498377,74.9637232386947,76.09512319035488,-1243529083.0322783,-0.09035407839465993,0.0012347273147677964
2026-03-18,1.5187,1.5421,1.436,1.4647,107686893.793788,0.1450941176470588,7719689.0,3034.0,0.0003930210141885,1.47644,1.4117642857142856,1.5088333333333335,1.47644,1.43009,1.482880547372928,1.472516483061973,1.4457308158238495,53.240544053179185,0.5561036524432096,-0.010066575625177654,-0.030978423281917737,0.047111810122962394,0.07453598415376717,0.06589999999999985,0.12469999999999981,0.061899999999999844,50.08756567425564,71.67217556437112,6.9183458940246965,0.0615717187965027,0.05492484698007739,0.0744142857142857,0.06427857142857141,1.43009,1.5469141225090102,1.31326587749099,-3883229997.3509083,1.409508106013434,1.4472325889895654,1.497648591430113,64.96551019876244,72.47566713628649,-1292957468.7792857,-0.07847572640385443,-0.034145328501589016
2026-03-19,1.4647,1.4818,1.4219,1.4477,74152237.549129,0.0751833333333333,7722023.0,2945.0,0.0003813767454461,1.48462,1.4149071428571427,1.4770333333333332,1.48462,1.43854,1.4652902736864641,1.4642443220413155,1.4460888493104223,51.282571601644584,0.4703132950927389,-0.008470591118789228,-0.02647685684929204,0.029073073642308822,0.06683861459100959,0.040899999999999936,0.08450000000000002,0.09169999999999989,44.13309982486864,54.40747227086979,23.584354932866347,0.05700049122595392,0.054747279672824056,0.07887142857142858,0.06449285714285712,1.43854,1.5466908280134746,1.3303891719865253,-3957382234.9000373,1.4136726518302545,1.4550324717194127,1.4968821862583104,57.98579262780119,71.11530374993511,-1303232319.7251582,-0.043737684552157555,-0.061299085597819755
2026-03-20,1.4477,1.4663,1.4246,1.445,53569345.665279,0.08772,7733133.0,2919.0,0.000377466674891,1.48384,1.4207571428571428,1.4524666666666668,1.48384,1.44436,1.4551451368432322,1.4578295480275438,1.4458908767085272,50.962010977167175,0.4562676375530465,-0.007259195808166474,-0.022633324641066925,-0.0026916971495617448,0.07835820895522394,-0.0039000000000000146,0.05820000000000003,0.06889999999999996,43.18739054290719,45.80268534734383,37.95680093403389,0.054024155091342105,0.05492368365569878,0.0748142857142857,0.06254285714285711,1.44436,1.546863627252894,1.3418563727471062,-4010951580.565316,1.4204909793724256,1.4619730693066804,1.4987481574899348,59.89381362349402,60.24475861655759,-1304388492.6531856,-0.11130922707488543,-0.019015809788264653
2026-03-21,1.445,1.4526,1.4006,1.4087,29642476.043344,-0.7862,7733496.0,2922.0,0.0003778368799828,1.45696,1.42445,1.4338,1.45696,1.4467400000000001,1.4319225684216161,1.4414530320183627,1.4391288991251585,46.73252873093944,0.2709489968198951,-0.008404632744970053,-0.01978758626184755,-0.08709740133497501,0.033377347417840486,-0.13439999999999985,0.023800000000000043,0.05620000000000003,30.472854640980735,39.264448336252194,12.889667250437824,0.0515827102816443,0.053260791098298114,0.07879999999999995,0.06422857142857138,1.4467400000000001,1.544611311424749,1.3488686885752512,-4040594056.60866,1.424086417365162,1.4671197843770496,1.4885050482654987,60.03965030164653,60.364862448023175,-1324796197.3137956,-0.07679633617219647,-0.015790721223793575
2026-03-22,1.4087,1.4262,1.3712,1.3845,58649163.314092,0.2368846153846154,7735119.0,2869.0,0.0003709057352575,1.43012,1.4276285714285717,1.4127333333333334,1.43012,1.44669,1.408211284210808,1.422468688012242,1.4291963720114933,44.104574997219096,0.04054308112059141,-0.010738158683200272,-0.017977700746118097,-0.08836504905511289,-0.0016584943755407755,-0.13419999999999987,-0.0004999999999999449,-0.005700000000000038,18.870673952641194,30.84363971217638,-5.07525756642918,0.05164940464322946,0.053400986586546795,0.07778571428571425,0.06459999999999996,1.44669,1.544687855078569,1.348692144921431,-4099243219.9227524,1.4262442840814367,1.4684299611431204,1.4467782965038833,59.682998761114135,51.36665577177674,-1355080492.5523446,-0.11681920042411217,-0.07926295829636829
2026-03-23,1.3847,1.4658,1.3612,1.4319,124382827.435473,0.363375,7737157.0,2797.0,0.0003615022934134,1.42356,1.4325357142857145,1.4083666666666668,1.42356,1.45,1.420055642105404,1.425612458674828,1.429687940736676,50.03165827626518,0.3076302366280186,-0.009694729038419725,-0.01632110640457842,-0.022393664231583177,0.033937468409271476,-0.03279999999999994,0.03309999999999991,0.07109999999999994,28.85551948051946,26.066349358047134,34.43385972546412,0.049243927995687935,0.052156124684458474,0.0760285714285714,0.06840714285714282,1.45,1.5434337840398225,1.3565662159601775,-3974860392.4872794,1.4298560864123393,1.4696176175464573,1.426054151516863,61.012775420655316,46.94576818035025,-1311320568.5597498,-0.08137680725408705,0.05147470075831302
2026-03-24,1.4319,1.4348,1.383,1.4154,69916972.865852,-0.1158,7739430.0,2897.0,0.0003743169716632,1.4171,1.4345785714285715,1.4105999999999999,1.4171,1.45086,1.417727821052702,1.4222083057832187,1.4270901333300077,48.11885487169237,0.20835102351962478,-0.009760431957906546,-0.015008971515244047,-0.02231125233128406,0.021949458483754514,-0.032299999999999995,0.008599999999999941,-0.015800000000000036,22.03252032520326,23.252904586121314,19.591751803367153,0.04847474027206848,0.05202825623989269,0.06729999999999998,0.06620714285714283,1.45086,1.542834352946896,1.358885647053104,-4044777365.3531313,1.4304763436707115,1.4675082016311471,1.4175519040241835,53.85418965346513,23.74771712511891,-1293773837.9177408,-0.11216010704958977,0.0408708513490606
2026-03-25,1.4154,1.4375,1.4016,1.4141,54426207.152258,0.1272518518518518,7741790.0,2846.0,0.0003676152414364,1.41092,1.4366642857142857,1.4204666666666668,1.41092,1.44738,1.415913910526351,1.4195055371888126,1.4247282909063699,47.96326609042831,0.2002755821358097,-0.009814128847987158,-0.01397000298179267,-0.02138408304498285,0.01093794681155269,-0.03090000000000015,-0.034800000000000164,0.010399999999999965,21.504065040650385,24.130701615457706,16.25079189103574,0.049860422960278115,0.05196240822379739,0.05727142857142854,0.06584285714285712,1.44738,1.5419835009923006,1.3527764990076996,-4099203572.505389,1.430947128961079,1.4665911252550161,1.413170611680324,59.35013630414792,38.373188909254445,-1310298786.6074238,-0.07599671145349138,-0.013107901140571407
2026-03-26,1.4142,1.4161,1.3345,1.3601,71762980.646849,0.11288,7744737.0,2851.0,0.0003681209574966,1.4012,1.4348857142857143,1.3965333333333334,1.4012,1.42908,1.3880069552631755,1.3997036914592085,1.4129776925597572,41.902372007824695,0.0,-0.013045065182625715,-0.01378501542195928,-0.03449989351884719,-0.03319590560136476,-0.04859999999999998,-0.18299999999999983,-0.0029999999999998916,9.387605427209413,17.641396931021024,-7.11997758041381,0.044072082370186276,0.05212544862859556,0.06037142857142852,0.06962142857142854,1.42908,1.5127008969098044,1.3454591030901955,-4170966553.1522384,1.4316627746615012,1.4486050331257554,1.4044600120993016,58.97282994825706,38.91600759462431,-1337034014.6915438,-0.06301915789683603,-0.22686905423063428
2026-03-27,1.36,1.3717,1.317,1.3249,98390578.000897,0.351775,7747361.0,2739.0,0.0003535397408227,1.3892799999999998,1.4296071428571426,1.3663666666666667,1.3892799999999998,1.4097000000000002,1.3564534776315877,1.3747691276394725,1.3969635666398013,38.488173023311006,0.0,-0.01771357302765142,-0.014570726943097708,-0.043048031780426266,-0.08558216578093736,-0.0596000000000001,-0.19379999999999997,-0.03210000000000002,2.7222605099931143,11.204643659284308,-14.242505788589273,0.042878406894121056,0.05445601218555578,0.0622285714285714,0.06852142857142854,1.4097000000000002,1.4910560569349336,1.3283439430650668,-4269357131.1531353,1.4276508695996637,1.4149123607849419,1.3902871273405726,50.04414776102508,35.928838759313834,-1407004645.1163132,-0.09606591394638575,-0.22014548195143852
2026-03-28,1.3249,1.3575,1.3182,1.3323,32946828.410895,0.2423,7749947.0,2661.0,0.0003433571868297,1.36936,1.4242857142857142,1.3391,1.36936,1.39646,1.344376738815794,1.3606127517596485,1.3852065545234735,39.60232436014543,0.04477504662273695,-0.02094454055380024,-0.015845489665238216,-0.06955793002304622,-0.13660812649860665,-0.09959999999999991,-0.13239999999999985,-0.00770000000000004,5.272226050999342,5.794030662733962,4.228616827530102,0.04442197154061916,0.055028402953151846,0.06041428571428569,0.06960714285714283,1.39646,1.4807447649341214,1.3121752350658786,-4236410302.7422404,1.4284871931635117,1.4003736823045376,1.3736773866336534,50.04529262037813,35.8321399243151,-1416310237.8735888,-0.09437475921411616,-0.1847041803732583
2026-03-29,1.3324,1.342,1.2958,1.3268,38346077.555903,-0.7862,7752210.0,2680.0,0.0003457078691108,1.3516400000000002,1.4155642857142858,1.328,1.3516400000000002,1.38437,1.335588369407897,1.3493418345064323,1.374587180973751,39.036383836595526,0.022031266231430053,-0.023752997516302665,-0.017426991235451106,-0.06259714568319907,-0.12635806940146177,-0.08860000000000001,-0.12090000000000001,-0.03639999999999999,9.955041746949238,5.983176102647236,17.89877303555324,0.0453689823068093,0.05732573111059218,0.059157142857142846,0.06847142857142854,1.38437,1.4704515915280385,1.2982884084719617,-4274756380.2981434,1.429580664356074,1.3897132893513506,1.3580839722033016,45.632528433307584,37.47696818535032,-1403196211.3501415,-0.09904213207016681,-0.1581623417296656
2026-03-30,1.3269,1.3666,1.3155,1.3232,50155420.938669,0.0676809523809524,7754292.0,2667.0,0.0003439385568663,1.33346,1.3998571428571431,1.3274333333333335,1.33346,1.37219,1.3293941847039483,1.340627889670955,1.3652440571603417,38.64707768122764,0.007387835874621095,-0.026078040937090652,-0.019157201175779015,-0.0642811682342126,-0.09660681368198265,-0.09089999999999998,-0.12180000000000013,-0.0636000000000001,8.798972382787372,8.008746726911989,10.37942369453814,0.0435983549638696,0.06044457117232288,0.05151428571428572,0.06377142857142856,1.37219,1.4549120623534015,1.2894679376465985,-4324911801.236813,1.4290362823744094,1.380618923142438,1.3429974466902166,38.51467233116771,25.39904912918756,-1438236299.9511294,-0.09752063394899595,-0.21292339866460047
2026-03-31,1.3232,1.349,1.303,1.3399,64151304.883298,0.0222166666666666,7756552.0,2654.0,0.0003421623422366,1.32942,1.3870857142857143,1.3299666666666667,1.32942,1.3653099999999998,1.3346470923519742,1.3403852597806367,1.3606360467675525,41.558733034280685,0.2081401020048176,-0.02676081405219466,-0.020677923751062144,-0.01485184912874049,-0.07446294121710295,-0.020199999999999996,-0.06879999999999997,-0.04499999999999993,17.904993909866032,12.219669346534218,29.275643036529658,0.04261411998648147,0.062173305110927814,0.050685714285714285,0.05899285714285713,1.3653099999999998,1.4461646077845909,1.2844553922154087,-4260760496.3535147,1.4269735958113827,1.3739946143900412,1.33332210466461,24.713095036749607,26.00845131036057,-1399466598.3042665,-0.057526522331899435,-0.1126032384663445
2026-04-01,1.3398,1.368,1.3304,1.3479,58551850.835745,-0.7862,7758954.0,2689.0,0.0003465673336895,1.3340200000000002,1.3787428571428573,1.337,1.3340200000000002,1.36165,1.3412735461759873,1.3428901731870913,1.3583204019007247,42.95535162964655,0.3491511210148166,-0.026620012900024248,-0.021866341580854567,0.017359800739678466,-0.06719723183391002,0.02300000000000013,-0.036599999999999966,-0.03709999999999991,28.01075268817207,18.238239660275163,47.55577874396589,0.042353754916837925,0.06337545681343253,0.050928571428571434,0.05409999999999999,1.36165,1.4420105997986579,1.2812894002013422,-4202208645.51777,1.4258736308736655,1.3700000998152408,1.3351945717228075,32.83567754807085,26.249467122607044,-1403515396.500355,-0.07657709124010076,-0.0730507327539021
2026-04-02,1.3476,1.3569,1.2802,1.3197,83032410.150247,-0.1633909090909091,7761324.0,2718.0,0.0003501979816845,1.3315000000000001,1.3696000000000002,1.3358333333333334,1.3315000000000001,1.3504299999999998,1.3304867730879937,1.335160115458061,1.3512985106460476,39.382573143439295,0.07170207945917667,-0.02799572798191652,-0.02309221886106696,-0.009457329430308414,-0.06317881734932917,-0.012599999999999945,-0.11219999999999986,-0.07909999999999995,21.225147770016175,22.380298122684763,18.914847064678995,0.036071566210644446,0.06613623320163242,0.05022857142857145,0.05529999999999998,1.3504299999999998,1.418870984797123,1.2819890152028766,-4285241055.668017,1.4211001751590757,1.3532491860941775,1.3305155346826296,32.78291923505793,25.731909306583702,-1401025506.7566056,-0.03014716605747575,-0.14429424637049365
2026-04-03,1.32,1.3351,1.3032,1.3181,45599182.956048,-0.0408461538461538,7763403.0,2657.0,0.0003422468214003,1.3297599999999998,1.3605357142857142,1.3285666666666667,1.3297599999999998,1.3407,1.3242933865439968,1.3294734103053742,1.3452624178013117,39.183438457389855,0.060230114115744894,-0.028992819536998837,-0.024272338996253334,-0.006557129936689776,-0.04795955218490433,-0.00869999999999993,-0.09729999999999994,-0.0887,20.42025862068968,23.21871969295931,14.823336476150416,0.02903603125620181,0.06859958262874148,0.0469714285714286,0.054599999999999996,1.3407,1.3957919957888627,1.2856080042111373,-4330840238.624064,1.4184344534971751,1.34385242156599,1.3298860394655658,33.254465686482035,29.443798509674735,-1404027333.8477557,-0.04859591405972701,-0.1845670474706431
2026-04-04,1.318,1.3225,1.306,1.3152,29014264.031389,-0.0253666666666666,7765689.0,2655.0,0.0003418885304317,1.32816,1.3538571428571429,1.3176666666666668,1.32816,1.33081,1.3197466932719983,1.3247156068702495,1.3397965236556184,38.80048789583765,0.027055509292283716,-0.02975057738622322,-0.025367986674247313,-0.006045949214026569,-0.08150010475591873,-0.008000000000000007,-0.09889999999999999,-0.13370000000000015,18.857758620689612,20.16772167046516,16.23783252113852,0.014423703484966766,0.06965696757377789,0.043714285714285754,0.05206428571428572,1.33081,1.358177053184442,1.3034429468155582,-4359854502.655454,1.415481739259532,1.3353363715921271,1.3273677901400172,33.36467285425866,29.797040283354505,-1400686297.3835354,-0.06954066154793458,-0.1580336896530715
